# -*- coding: utf-8 -*-

# Resource object code
#
# Created by: The Resource Compiler for PyQt5 (Qt v5.15.2)
#
# WARNING! All changes made in this file will be lost!

from PyQt5 import QtCore

qt_resource_data = b"\
\x00\x01\xf1\x80\
\xff\
\xd8\xff\xe0\x00\x10\x4a\x46\x49\x46\x00\x01\x01\x01\x00\x60\x00\
\x60\x00\x00\xff\xe1\x00\x22\x45\x78\x69\x66\x00\x00\x4d\x4d\x00\
\x2a\x00\x00\x00\x08\x00\x01\x01\x12\x00\x03\x00\x00\x00\x01\x00\
\x01\x00\x00\x00\x00\x00\x00\xff\xdb\x00\x43\x00\x02\x01\x01\x02\
\x01\x01\x02\x02\x02\x02\x02\x02\x02\x02\x03\x05\x03\x03\x03\x03\
\x03\x06\x04\x04\x03\x05\x07\x06\x07\x07\x07\x06\x07\x07\x08\x09\
\x0b\x09\x08\x08\x0a\x08\x07\x07\x0a\x0d\x0a\x0a\x0b\x0c\x0c\x0c\
\x0c\x07\x09\x0e\x0f\x0d\x0c\x0e\x0b\x0c\x0c\x0c\xff\xdb\x00\x43\
\x01\x02\x02\x02\x03\x03\x03\x06\x03\x03\x06\x0c\x08\x07\x08\x0c\
\x0c\x0c\x0c\x0c\x0c\x0c\x0c\x0c\x0c\x0c\x0c\x0c\x0c\x0c\x0c\x0c\
\x0c\x0c\x0c\x0c\x0c\x0c\x0c\x0c\x0c\x0c\x0c\x0c\x0c\x0c\x0c\x0c\
\x0c\x0c\x0c\x0c\x0c\x0c\x0c\x0c\x0c\x0c\x0c\x0c\x0c\x0c\x0c\x0c\
\x0c\xff\xc0\x00\x11\x08\x02\x58\x04\xb0\x03\x01\x22\x00\x02\x11\
\x01\x03\x11\x01\xff\xc4\x00\x1f\x00\x00\x01\x05\x01\x01\x01\x01\
\x01\x01\x00\x00\x00\x00\x00\x00\x00\x00\x01\x02\x03\x04\x05\x06\
\x07\x08\x09\x0a\x0b\xff\xc4\x00\xb5\x10\x00\x02\x01\x03\x03\x02\
\x04\x03\x05\x05\x04\x04\x00\x00\x01\x7d\x01\x02\x03\x00\x04\x11\
\x05\x12\x21\x31\x41\x06\x13\x51\x61\x07\x22\x71\x14\x32\x81\x91\
\xa1\x08\x23\x42\xb1\xc1\x15\x52\xd1\xf0\x24\x33\x62\x72\x82\x09\
\x0a\x16\x17\x18\x19\x1a\x25\x26\x27\x28\x29\x2a\x34\x35\x36\x37\
\x38\x39\x3a\x43\x44\x45\x46\x47\x48\x49\x4a\x53\x54\x55\x56\x57\
\x58\x59\x5a\x63\x64\x65\x66\x67\x68\x69\x6a\x73\x74\x75\x76\x77\
\x78\x79\x7a\x83\x84\x85\x86\x87\x88\x89\x8a\x92\x93\x94\x95\x96\
\x97\x98\x99\x9a\xa2\xa3\xa4\xa5\xa6\xa7\xa8\xa9\xaa\xb2\xb3\xb4\
\xb5\xb6\xb7\xb8\xb9\xba\xc2\xc3\xc4\xc5\xc6\xc7\xc8\xc9\xca\xd2\
\xd3\xd4\xd5\xd6\xd7\xd8\xd9\xda\xe1\xe2\xe3\xe4\xe5\xe6\xe7\xe8\
\xe9\xea\xf1\xf2\xf3\xf4\xf5\xf6\xf7\xf8\xf9\xfa\xff\xc4\x00\x1f\
\x01\x00\x03\x01\x01\x01\x01\x01\x01\x01\x01\x01\x00\x00\x00\x00\
\x00\x00\x01\x02\x03\x04\x05\x06\x07\x08\x09\x0a\x0b\xff\xc4\x00\
\xb5\x11\x00\x02\x01\x02\x04\x04\x03\x04\x07\x05\x04\x04\x00\x01\
\x02\x77\x00\x01\x02\x03\x11\x04\x05\x21\x31\x06\x12\x41\x51\x07\
\x61\x71\x13\x22\x32\x81\x08\x14\x42\x91\xa1\xb1\xc1\x09\x23\x33\
\x52\xf0\x15\x62\x72\xd1\x0a\x16\x24\x34\xe1\x25\xf1\x17\x18\x19\
\x1a\x26\x27\x28\x29\x2a\x35\x36\x37\x38\x39\x3a\x43\x44\x45\x46\
\x47\x48\x49\x4a\x53\x54\x55\x56\x57\x58\x59\x5a\x63\x64\x65\x66\
\x67\x68\x69\x6a\x73\x74\x75\x76\x77\x78\x79\x7a\x82\x83\x84\x85\
\x86\x87\x88\x89\x8a\x92\x93\x94\x95\x96\x97\x98\x99\x9a\xa2\xa3\
\xa4\xa5\xa6\xa7\xa8\xa9\xaa\xb2\xb3\xb4\xb5\xb6\xb7\xb8\xb9\xba\
\xc2\xc3\xc4\xc5\xc6\xc7\xc8\xc9\xca\xd2\xd3\xd4\xd5\xd6\xd7\xd8\
\xd9\xda\xe2\xe3\xe4\xe5\xe6\xe7\xe8\xe9\xea\xf2\xf3\xf4\xf5\xf6\
\xf7\xf8\xf9\xfa\xff\xda\x00\x0c\x03\x01\x00\x02\x11\x03\x11\x00\
\x3f\x00\xf7\xc8\xd4\x11\xd3\xe8\x29\xcd\x16\x7f\x87\xf4\xe9\x4d\
\x8d\xf0\x29\xcc\xf5\xfd\x59\x1a\x68\xff\x00\x18\x6b\x45\xb9\x11\
\x98\xb1\x9f\x97\x8f\xa5\x35\xa3\xe3\xa0\xfc\xa9\xcf\x27\x07\x27\
\xf0\xa6\x17\xc7\xf8\x7a\xd6\x9e\xcc\xba\x77\xea\x30\xc6\x3d\x07\
\xe5\x51\xbc\x03\xb0\x15\x21\x93\x07\x81\x4c\x69\x33\xd3\xf3\xa3\
\x90\xed\xa6\x99\x13\x44\x07\xf0\xe3\xf0\xa6\x98\x86\x3e\xea\xd4\
\x8c\xf9\xa6\x16\xc8\x1f\x9d\x4f\x29\xdf\x45\x5d\x8c\x30\x8c\x70\
\x29\x8f\x10\x6f\x4c\xd3\xdd\xff\x00\x2f\x5a\x8f\xcc\xc9\xef\x59\
\xf2\x9e\x8d\x34\x30\xc2\xbf\xdd\x03\xf0\xa4\xf2\xbd\x96\x9c\xcd\
\x8f\xad\x46\xe4\x9a\xcd\xc4\xee\xa7\x16\xc1\xa3\x52\x7e\xef\xe9\
\x4d\x68\xc2\xf6\xfd\x29\xc4\xf2\x69\x8c\xd9\xfb\xd5\x9b\x8a\x67\
\xa7\x4e\x2c\x63\x28\x29\xd2\x9a\x54\x67\xa0\xfc\xa9\xcc\x73\xf4\
\xa6\xb3\x63\xde\xb3\x71\x67\x7d\x38\xb1\x8f\x17\xfb\x3f\xa5\x30\
\xc4\x09\xec\x3f\x0a\x93\x7e\x4f\x14\xdd\xdf\x9d\x67\xca\x7a\x54\
\x63\x62\x33\x18\xc7\x2b\x51\xb4\x7b\x7b\x7e\x35\x2b\x1d\xdd\x6a\
\x26\x7c\x8a\x5c\xa7\x74\x48\xdd\x30\x4f\x15\x1b\x46\x09\x2b\xfc\
\xaa\x49\x1f\x3f\x5f\xe5\x50\xbb\xe0\xfb\xd2\xe5\xb1\xd5\x4f\x72\
\x33\x18\x34\xd6\x8b\xb6\x17\xaf\xa5\x38\xb6\x38\xa8\xd9\xf3\x93\
\xfa\xd5\x72\x9d\xd4\xe2\x46\xf1\x6e\x1d\xbd\xe9\xaf\x18\x23\xa5\
\x38\xb7\xde\xf7\xa8\xd9\xf1\xbb\xd2\x8e\x53\xb2\x17\x23\x91\x3e\
\x6c\x71\x51\xc8\xa3\x03\x8a\x71\x6c\x92\xdd\xaa\x37\x3b\x9a\x8e\
\x53\xb2\x9c\x75\x18\xc8\x37\x7e\x14\xc6\x4f\xfe\xb0\xa7\xe7\x9c\
\xd3\x19\xf2\x7f\x95\x1c\xa7\x6d\x32\x1d\xbb\xa9\x8c\x31\x91\x4f\
\x69\x30\x7e\xb4\xd2\x71\x9f\x4a\x39\x4e\xb8\x91\xba\x7c\xc3\x8f\
\xc2\xa3\x78\xf2\xbf\xce\xa4\x92\x4e\x2a\x16\x7c\xd5\xc6\x9d\xd5\
\xce\x88\xa0\x68\xf8\xe2\xa3\x75\xcf\xe7\xd4\x50\x4e\x5a\x86\xf9\
\x45\x69\xec\xd1\xd9\x4c\x8c\xa0\x62\x69\xa5\x4e\x0f\x4a\x56\x6c\
\x0f\xad\x36\xaf\x95\x1d\x71\x18\xd1\xfc\xd4\xd2\x3a\xee\xc7\xa5\
\x39\x8e\xe6\xa6\xb9\xc6\x3e\xbd\xea\xb9\x4d\xe2\x23\xae\xd3\x4d\
\x61\x9a\x51\xcd\x32\x47\xc1\xa3\x94\xe8\xa7\x7b\xe8\x21\x0c\xbd\
\x69\xac\xb9\xa0\xb6\x16\x9a\xde\xb4\x72\xa3\xb2\x23\x5d\x37\x0f\
\x7e\x95\x19\x04\xad\x3d\xce\xe3\x4c\x63\x85\xfc\x68\xe5\x46\xd1\
\x63\x0f\x34\xc6\x5c\x11\xfc\xa9\xfd\xe9\x84\xe5\xaa\x79\x0d\xe3\
\x21\xae\xa3\xf1\x34\xce\x41\xa5\x7f\xbd\xfc\xaa\x36\x6c\x7a\xe7\
\xeb\x53\xca\x8d\xa2\xd8\xef\xbd\xef\x4c\xce\x07\x6a\x4e\xa7\xbf\
\xe7\x4d\x66\x04\x51\xca\x8e\x98\xb6\xc1\x8e\xea\x68\xc9\x1f\xa5\
\x34\xbf\x14\xd0\xdf\x27\x5a\x99\x46\xe7\x45\x31\xcc\x7e\x6a\x3a\
\xd4\x6d\x25\x01\x8d\x2e\x43\x68\xdc\x08\xc3\x71\x4d\x39\x1e\xbf\
\x95\x35\xdb\x3d\x29\xa5\xb1\xff\x00\xeb\xa7\xec\xcd\x62\xc7\x67\
\x34\xc9\x0e\x4e\x33\xf5\xa4\x76\xf4\xfe\x74\xc2\xfc\x71\x53\x2a\
\x69\x6a\x8d\xbd\x05\x2d\xb0\x53\x4f\x3d\xa9\xae\x78\xee\x69\x0b\
\x93\x53\x62\xd0\xae\x7e\x5f\xf1\xa6\x91\xbb\xb0\xfc\x29\xac\xf8\
\xff\x00\x7a\x90\xbe\x4f\x14\xd2\xbe\x86\x91\x6c\x5c\xec\x34\xd0\
\xe1\xcf\x22\x9a\x30\x69\xbb\x80\x34\x38\x9d\x11\x91\x26\x71\xf4\
\xa8\xcb\x6e\xe2\x9a\xf2\x7f\xfa\xa9\x85\xff\x00\xda\xa8\xe5\xd4\
\xd0\x97\x14\x1e\x6b\x13\xc3\x9e\x3f\xd1\xfc\x5d\xab\x6a\xb6\x3a\
\x5e\xa9\x63\xa8\x5e\x68\x33\xfd\x97\x51\x82\x09\x83\xbd\x94\xbc\
\xfc\x92\x01\xf7\x4f\xca\xc3\xea\xac\x3a\xa9\x03\x64\x48\x33\x44\
\x64\xa4\xaf\x17\x73\x4b\x49\x3b\x48\x08\xcd\x04\xf1\xf3\x50\x5b\
\x06\xa3\x66\xf9\xab\x4e\x56\x69\x16\x38\x53\x59\x88\x6e\x94\xd6\
\x7c\xfd\x28\xed\x5a\x28\xa4\x6b\x70\x38\x3d\xbf\x1a\x6b\xf1\xcd\
\x21\x7e\x38\xa6\x06\x18\xf5\xad\x14\x4b\x42\x93\x9e\xdf\xa7\x4a\
\x4c\x7f\x9c\x50\xce\x31\xeb\x4d\x77\xe3\xd2\x8e\x53\x48\x8e\x67\
\xe2\x9b\x4d\xdf\x8e\x9c\xd3\x73\xcd\x55\xac\x74\x53\x1c\xfd\x31\
\x4d\xc5\x35\x8e\xd1\x4d\x3f\x31\xa0\xd3\x99\x8e\xde\x07\x7a\x0c\
\x95\x19\x65\x14\x2c\x83\x34\x15\x19\x12\x6f\x1f\xde\xa4\xdf\xcf\
\xad\x33\xcc\x5f\x5a\x0c\x9c\x71\x4e\xc5\x5d\x8e\x5c\x16\xe9\x41\
\x88\x8e\x86\x9b\xbc\x13\xde\x80\xe0\x77\xc5\x59\xa4\x64\x07\xa7\
\xad\x34\x1a\x71\x90\x01\xc5\x31\x86\x45\x05\x29\x0a\x7a\xd3\x76\
\x02\x7a\x52\xb1\x3d\xa9\x4f\x5a\x0b\x43\x42\x28\xed\x4e\x03\x03\
\x8a\x28\x27\x14\x16\x21\xe9\x4c\x23\x07\xdb\xb5\x0c\xdb\xcd\x27\
\x4a\x0a\x4c\x46\x4c\xd3\x40\xf9\xb1\x8a\x55\x6c\x13\x48\x4e\x4f\
\x1c\x56\x86\x91\x63\x84\x60\x9f\xe9\x43\x26\x3b\x0f\xc6\x9b\xbf\
\x9a\x19\xb7\x1a\x0d\x93\xea\x00\x03\xff\x00\xd6\xa0\xa9\x19\xe9\
\xc5\x18\xc9\x5f\xf6\x7a\xd0\x46\x09\xc5\x06\x8a\x5d\xc4\x65\xdc\
\x29\x3c\xaf\xf3\x8a\x01\x34\xb9\xcf\x7a\x0b\x4f\xb0\x9e\x55\x36\
\x44\xda\x29\xdb\xf8\xeb\x4c\x91\xb7\x2f\xe1\x40\xbd\x46\xa2\xb2\
\x9e\xd4\xec\x60\xd0\xb9\xc5\x2d\x05\x73\x31\xa1\x33\xc0\x14\x18\
\x31\xff\x00\xd6\xa5\xdb\x41\x14\x15\xce\x37\xcb\xc8\xa4\x07\x9a\
\x90\x54\x6e\x32\x7a\x73\x41\xa2\x90\x85\x41\xa4\xd8\xbe\x94\xe0\
\x68\x14\xee\xca\x1b\xe5\xaf\xa5\x1e\x5a\xfa\x53\xba\x9a\x08\x1e\
\xb4\xae\x03\x4c\x7c\x71\xc5\x34\xa3\x7b\x54\x94\x1e\x68\x02\x1f\
\x2c\x7a\x51\xe5\xaf\xa5\x3b\xa7\xe7\x45\x00\x37\xcb\x1e\x94\x9e\
\x5d\x3e\x8c\x50\x03\x3c\xbf\xa5\x2f\x96\xb4\xea\x08\xcd\x17\x65\
\x73\x0d\xf2\xd7\x34\xd6\x8d\x89\xe3\x02\x9e\x69\x71\x45\xd8\x73\
\x11\xec\x60\x68\x28\xde\xd5\x27\x4a\x3a\xd3\xb9\x4a\x44\x7e\x5b\
\x7b\x7e\x74\x6c\x6f\xf6\x69\xe4\x71\x4b\x9a\xa4\xee\x55\xd8\xd1\
\x1d\x1e\x5d\x3a\x8a\x62\xbb\x1b\xe5\xd1\xe5\xd3\xa8\xa0\x2e\xc6\
\xf9\x74\x79\x74\xea\x40\x28\x6e\xc1\x76\x27\x97\x41\x4e\x29\xd8\
\xa3\x15\x3c\xc3\xb8\xdd\xb4\x08\xe9\xdd\x0d\x14\xae\xc5\xcc\x34\
\xc7\xef\x4d\xda\xd9\xef\x52\x66\x90\x9e\x29\x5d\x8b\x98\x8f\x6e\
\x47\x3d\xa9\x0c\x63\xfb\xd4\xe2\x72\x7f\xad\x35\x9c\x0e\xf4\x13\
\xcc\x37\x6b\x01\xda\x9a\xc9\x9f\xad\x3b\xef\x53\x5a\x4f\x4a\xcc\
\x39\x86\x91\x51\xbf\x0d\xfc\xbd\xa9\xce\xdf\xfd\x7a\x8d\x9f\x1f\
\x5a\x09\xe6\x60\xe0\x7e\x3d\xaa\x19\x1b\xe6\xfe\x74\xe7\x7c\x9f\
\xf3\xc5\x42\xcf\x91\xed\x9a\x99\x13\xcc\x7e\x85\x46\xdc\x0a\x19\
\x88\x15\x1c\x4d\xc5\x0e\x49\x1c\xd7\x4d\x3d\x8f\xf1\xd6\xa4\x3d\
\xe1\xae\xf4\xd6\x6c\x53\x58\xff\x00\xfa\xe9\xae\xdb\x45\x6a\x38\
\xc4\x73\x3e\x45\x44\x5f\x34\x8c\xdc\x7a\x77\xa6\x13\x46\x87\x6d\
\x28\x0e\x2d\x83\x4c\x32\x62\x9a\xd2\x60\x60\x53\x09\xc5\x66\xd1\
\xe9\x51\xa7\x61\xd2\x36\x47\x34\xc2\xd9\xe9\x4d\x77\xf9\xb3\x4c\
\x66\xdc\x7f\x1a\xc6\x47\xa1\x4e\x98\xf7\x7c\x1f\x53\x4d\xdd\x4d\
\xcf\x3f\xe3\x48\xcf\xf2\xfb\xe6\xb3\x91\xe8\xd1\xa6\x0e\xd8\xa6\
\x13\xcf\x3f\xfe\xba\x1d\xbf\x13\x51\xb1\xcd\x67\x23\xd0\xa7\x11\
\xec\xd9\xa6\x39\xc9\xa1\x9b\x60\xa6\x13\xba\xa4\xef\xa3\x00\x27\
\x77\x1d\xa9\x19\xb9\xe7\xbd\x23\xb7\xf0\xd3\x1d\xb9\xc9\xa9\xe5\
\x47\xa1\x4e\x00\xf2\x67\xfc\x2a\x37\x7d\xa2\x91\xdf\x60\xa8\xda\
\x41\x8f\xf1\xac\xdc\x7b\x1d\x71\x88\xb2\x3e\xdf\xc6\xa2\x2d\xcf\
\xbd\x23\x36\x4d\x31\x9f\x1c\x0a\x56\x67\x6d\x38\xf5\x11\xdb\x15\
\x1b\x30\xdb\xfa\xd0\xed\x9f\xa5\x46\xcd\x9f\xa5\x38\xc6\xe7\x6d\
\x38\x84\x8f\x9f\x6a\x89\x9b\x3f\x4a\x49\x64\xff\x00\xeb\x54\x52\
\x49\x91\x55\xec\xd1\xd7\x4e\x22\xbb\xe7\xe9\x4c\x2f\xc1\x26\x91\
\x9b\x8a\x63\x1c\xd5\xa8\xa4\x76\x42\x36\x12\x46\xe3\x35\x1b\x3e\
\x05\x0c\xf9\x19\xa8\xdd\xb2\x33\x4f\x43\xb2\x11\x13\x77\x34\xd6\
\x7d\xc7\x93\xff\x00\xd6\xa4\x63\x85\xf7\xa8\xd8\x85\xa0\xea\x8c\
\x41\xdb\x27\xad\x46\x5b\x75\x0c\xdb\x8d\x34\x9d\xdd\x29\xa3\xa2\
\x9c\x43\x7f\xd3\x14\xd2\xe0\x9e\xd4\xd6\x7c\xfc\xb4\x9d\x4d\x35\
\x13\xb2\x11\x14\x1e\x2a\x36\x6d\xc7\xdb\xf9\xd3\x9d\xb3\xc7\xe7\
\x51\xb3\x6d\x15\x47\x44\x50\x8c\xd9\xe3\xf3\xa6\x33\xe0\x7b\xf6\
\xa5\xcf\x34\xcf\xbd\x41\xd1\x18\x80\x90\xe6\xa3\x27\x34\x39\xed\
\xda\x98\xcf\x8e\x95\x47\x54\x23\xd4\x57\x6c\x7d\x69\xac\xc7\xd7\
\xf4\xa4\x14\xc2\x77\x1a\x52\x3a\x22\x85\x32\x1f\x6a\x63\x3f\xe7\
\xd8\x52\xb3\x60\x53\x09\x26\x91\xb4\x50\x99\xc9\xeb\xda\x91\x9f\
\xfb\xb4\x8c\x71\xf2\x8a\x42\x76\x8a\x0e\x88\xa1\xae\xd8\xfc\x6a\
\x36\x3d\x68\x77\xc1\xcd\x46\xcd\x9c\x9a\x96\x6d\x18\x8e\x24\x9a\
\x8d\x8e\x4d\x02\x5c\xd3\x5c\x80\x3b\x54\xb3\xa6\x9a\xb6\xa3\x64\
\x38\xe2\x9b\xb9\x40\xeb\x41\x60\x1b\xde\xa3\x1d\x2a\x5c\x92\xdc\
\xe9\x80\xe2\x77\x52\x31\xc0\xe6\x91\x8e\xd1\x9a\x69\x3b\x8d\x33\
\x68\xa0\x69\x32\x29\xac\x70\x29\x37\xe0\x7f\x4a\x63\x36\x0f\xbd\
\x3d\x0d\x63\x11\x59\xf2\x7d\x29\x85\xf7\x74\xe9\x41\xe7\xad\x23\
\x36\xd1\x58\xca\x57\x2c\x46\x38\xff\x00\xeb\xd3\x5d\xf2\x71\x48\
\x06\x69\x1d\xb6\xd4\x9a\x20\xdc\x16\x9a\xcd\xc5\x21\x38\xeb\x4d\
\xce\x4d\x34\xda\xd8\xda\x31\xb8\xa5\xb1\xcd\x37\x39\x34\x30\xcb\
\x53\x5d\xb8\xa6\xce\x88\xa0\x32\x60\xf1\x4d\x00\xb3\x50\x0e\xd3\
\xff\x00\xd6\xa7\x09\x38\xe7\xf9\x54\x95\xa8\xd8\x61\x58\x37\x6d\
\x54\x53\x23\x6f\x6d\xa0\x0d\xcc\x70\x32\x7d\x4f\x1d\x7d\xaa\x41\
\x51\x97\x24\xf4\xfc\x68\x66\x2d\xc5\x06\x89\x0e\x3c\x0c\xd3\x3e\
\xf3\x66\x86\x38\xeb\x4c\x2c\x4d\x69\x16\xde\xe6\xb1\xdc\x1c\xee\
\x3f\x4a\x42\xd9\xef\x48\x58\x0a\x69\x39\x35\xac\x4d\x50\x16\xdc\
\x3d\xa9\x31\x83\x48\xb2\x65\x73\x4d\x66\xdd\xec\x2a\xee\x69\x14\
\x06\x4f\x4e\x28\xea\x69\xa4\xfd\x29\xa7\xe6\x34\x1b\x46\x23\x99\
\xf9\xc0\xa6\xd1\xd2\x8a\x0d\x92\xb0\x13\x81\x51\x96\xdc\x7d\xaa\
\x42\x70\x2a\x2c\xd0\x50\x13\xc5\x35\x46\x4d\x29\xe6\x9c\x06\x05\
\x54\x47\x14\x14\xd6\x7c\x74\xe6\x86\x70\x78\xe6\x98\x05\x51\x64\
\xbb\xb9\xa4\x6e\x95\x11\xeb\xd2\x9c\xbc\x50\x52\x44\x95\x1b\xb1\
\x39\xa0\xb6\xea\x0f\x4a\xa8\x94\x1b\xb0\x3d\xfb\xd3\x96\x4c\x8e\
\x69\xb4\x86\x9c\x8d\x07\xe4\x63\xaf\x7f\x5a\x46\x7d\xd9\x14\xdd\
\xb4\xa4\xed\x15\x05\xa0\xcd\x46\xcd\x93\x43\x36\xea\x3a\x53\x45\
\xa4\x14\x0a\x6b\x3e\xd1\x4e\x5f\xbb\x56\x69\x1e\xe0\x7a\xd0\x79\
\xa4\x6e\x94\x50\x69\x11\x72\x71\x40\xa0\x0a\x19\xb6\x8a\x0a\x10\
\xf5\xa8\xf1\x91\x4a\xc7\x71\xfe\x5e\xd4\x99\xcd\x05\x46\xfd\x00\
\x7d\x29\x24\x3c\x53\x87\x15\x1c\x9c\x35\x06\x83\x97\xee\x8f\xa5\
\x3b\x34\xc5\x7c\x00\x3f\x0a\x7e\x68\x00\x27\x02\xa3\x76\xc8\xfd\
\x08\xa7\x33\xe4\xf1\xeb\x4d\xc6\x28\x00\x2e\x71\x41\x18\xc7\xf5\
\xa4\x27\x9a\x77\x97\x85\xa0\xd6\x3b\x0d\x3c\x1a\x5a\x07\x4a\x4c\
\xf1\x41\x71\x62\xf5\xa3\xa5\x26\xdf\x73\x4a\x06\x28\x0e\x60\xcd\
\x35\xf9\x1f\xce\x9d\x4d\x93\x91\x40\x73\x11\x93\x8f\xf3\xd6\x9d\
\x45\x19\xcd\x05\x05\x14\x53\x4f\x5e\xf4\x00\xec\xd1\x48\xd4\x01\
\x83\x40\x0b\x45\x14\x50\x01\x46\x28\xa2\x80\x0c\xd0\x78\xa0\x8a\
\x33\x9a\x0b\x8b\x0a\x33\x47\x4a\x31\x55\xcc\x30\xa3\x34\x62\x90\
\x1f\x4a\x39\x80\x5c\xd2\x67\x9a\x5c\x52\x10\x29\x37\x70\x14\x1c\
\xd1\x8a\x07\x4a\x29\x19\x86\x28\xc5\x14\xd7\x7c\x7d\x68\x01\x59\
\xb6\x8a\x63\xb9\xdb\xcd\x1d\x2a\x36\x7d\xdd\xbf\x1a\x00\x52\xf9\
\x3c\x53\x0b\x6d\xa1\x9f\x6f\xbd\x33\xbd\x27\xb0\x0a\x49\x27\xf4\
\xa6\xbb\x63\xa5\x0d\x27\x3c\x0f\xc6\xa3\x27\x6a\xd4\x0a\xe1\x21\
\xc7\xe3\x51\xb3\xed\x14\x48\xd9\xfc\x6a\x17\x6c\xf4\xfc\x68\x22\
\x52\xee\x0f\x26\x6a\x36\x6c\xfd\x28\x77\xc0\xa8\xcb\x6e\x38\xf4\
\xa9\x91\x31\x95\xcf\xd0\xa8\xdf\x81\xeb\x4a\xe7\x8e\x6a\x28\xdb\
\x02\x95\x8e\x4e\x73\x5b\x53\x3f\xc8\x5a\xb4\xfd\xe1\x1c\xfc\xb5\
\x14\x8f\x8f\xad\x39\xdb\x3d\xe9\x8c\x73\xf8\x57\x40\xe3\x4c\x6b\
\x36\x06\x4d\x30\x9c\xd2\xb3\x6e\x35\x19\x6d\xff\x00\x4a\x52\x91\
\xe8\x51\xa6\x05\xf3\xf7\x7f\x3a\x69\x38\xa1\x88\x1c\x53\x19\xb1\
\xd6\xb1\x94\x8f\x46\x9d\x31\x19\xb9\xa6\x97\xc9\xa4\x66\xdc\x69\
\x2b\x23\xd0\xa5\x4c\x01\xcd\x35\xdb\xd2\x83\x26\x7e\xb4\xde\x83\
\xda\xb3\x3b\xa1\x1b\x01\xf9\x7f\xc6\x9b\xbb\x73\x50\xc7\x79\xa6\
\x39\xc0\xfe\x55\x32\xd8\xee\xa7\x4e\xe2\xf5\x26\x9a\x5b\x9f\x4a\
\x0b\x65\x6a\x36\x7e\x7f\xc2\xa4\xf4\xa9\x53\xb0\xe6\x3f\x8d\x46\
\xcd\x8f\xad\x23\x49\x93\x51\x34\x9c\xf1\x41\xd9\x08\x83\xb7\x15\
\x1b\x1e\x3d\xa8\x63\x51\x3b\xee\x14\x1d\x94\xe1\xa8\x3c\x9c\xd3\
\x0b\xf1\xe9\x4d\x66\xe2\x98\xcf\x41\xdd\x4e\x02\xb3\xf1\x50\xc9\
\x27\xf9\xf5\xa1\x9b\x8a\x8c\xb7\x73\x42\x3a\xe1\x10\x2d\xc5\x46\
\xe7\x93\x43\xb6\x2a\x3c\xe7\xe6\xa0\xeb\xa7\x1e\xa2\xe4\xed\xa8\
\xc9\xdd\x44\x8f\x9f\xa5\x44\xce\x5a\x83\xb6\x9c\x41\x9b\x27\xff\
\x00\xaf\x51\x93\x81\x93\x4a\x4e\xfa\x63\xb6\x68\x3a\x61\x10\xcf\
\xad\x40\xe7\x9a\x7c\x8d\xc7\x5a\x8d\xb9\xfe\x94\x23\xa6\x31\x13\
\x9c\xd0\x4e\xd1\x4b\x51\xb1\xdc\x6b\x43\xae\x9c\x46\xe6\x86\x3b\
\x56\x82\xd8\xf7\xa6\x93\x93\x41\xd5\x18\x81\x3b\x45\x46\x5b\x26\
\x86\x6d\xc3\xe9\x4c\x73\xce\x3f\x3a\x0e\x88\xc4\x46\x3b\xa9\xb2\
\x3e\x05\x0e\xdb\x6a\x32\x68\x3a\x29\xc6\xe0\x5f\x02\xa1\x67\xe6\
\x9c\xc7\x71\xa4\x73\x8a\x0e\xa8\xc4\x40\x78\xa4\x63\xb4\x52\x6e\
\x2a\x9c\xf5\xa6\x31\xfc\xfb\x50\x6f\x18\x81\x39\x34\x8c\xd8\x1e\
\xf4\xdc\x90\x7d\xff\x00\x95\x31\x8e\x7e\x51\xf9\xd0\x6d\x18\x8f\
\x07\x35\x1c\x8f\x93\xec\x28\x77\x18\xc7\xf0\xd4\x6c\xdb\x8f\xa5\
\x06\xf1\x88\x8c\xdb\x9a\x98\x5b\x71\xf6\xa5\x76\xc0\xc5\x30\x9d\
\xa3\xb5\x07\x4c\x22\x04\xec\x15\x1b\xbf\x1c\xd2\xb1\xdd\x4c\x7e\
\x7e\xbd\x2b\x36\x74\x46\x2c\x6a\x9c\x67\xd7\x14\x17\x02\x89\x1b\
\x8f\x7a\x8b\xcd\xc0\xac\xa4\xf5\x37\x82\x15\x9f\xbd\x37\x71\xcd\
\x23\x1c\x72\x69\x86\x4c\xd4\xf3\x33\x68\xc4\x78\x3f\xe4\xd3\x3a\
\x9a\x3a\x8e\x7f\x5a\x69\x90\x0f\x7a\x46\x83\x89\xc5\x46\xc7\x71\
\xf6\xa6\xb4\x99\x3c\x9a\x69\x7c\xaf\x26\x95\xcb\x48\x73\x49\xcf\
\x1f\x8d\x37\x3b\x8d\x34\x90\x07\x5a\x01\xc8\xe2\x8e\x62\xe2\x81\
\xcd\x35\x7a\xd3\x8a\xf3\x4e\x03\x14\xee\x8e\xa8\x47\x42\x20\x31\
\xf8\x52\x4a\x38\x14\xe6\x19\x66\xa0\x73\x41\xb4\x48\xfe\x6f\xee\
\xd0\xdf\x2d\x48\x4e\x29\xa5\x77\x03\xdb\x9a\x0b\x43\x31\x9f\x6a\
\x5c\xe0\x52\x6e\xa4\x51\xde\xa9\x6b\xa1\x6a\x22\x48\x73\x48\xc7\
\x0b\x4a\xed\x93\xf4\xa6\x3b\x56\x91\x56\x34\x48\x69\x3b\x8f\x34\
\xc7\x3b\x8f\xd2\x95\xce\x14\xd3\x0f\x4e\xf5\x57\x34\x8a\x10\x9c\
\xfa\x53\x58\xe3\xd2\x86\x7c\x9c\x53\x77\xff\x00\xb5\xfa\x51\x73\
\x54\x3b\x14\x74\x14\xd5\x6c\xfb\xd2\x96\xe2\x88\x9a\xc1\xea\x26\
\x72\x3f\xfa\xf4\x6e\xc0\xff\x00\xeb\xd3\x77\x50\xd5\x66\xc0\x58\
\xb7\xb5\x00\x51\xda\x81\x4c\xd0\x08\xcd\x21\x6e\x29\x24\x38\xc5\
\x34\xf2\x6a\xe3\xb0\x07\x7a\x33\x9a\x33\x40\xe0\x53\x29\x2e\xe0\
\x28\x2d\x8a\x6b\x3e\xd3\xd2\x98\x5f\x77\x53\x41\x43\xfc\xc0\x05\
\x0b\x20\x26\x98\x06\x7e\x94\xb8\xc5\x54\x4b\x48\x93\x34\x85\x80\
\xa8\x98\xe4\x52\x8e\x68\x91\x68\x79\x7c\x35\x34\x92\x7a\xd1\x45\
\x49\x41\x9c\xd0\x7a\x51\xd0\x53\x4f\x21\xa8\x34\x8a\x1a\x7e\x67\
\xff\x00\x1a\x93\x34\xd4\x5c\x53\xb3\x5a\x1b\x24\x00\x50\x4e\x05\
\x1b\xb9\xa8\xd9\xb7\x7d\x3f\x9d\x05\x0e\x32\x0c\x7f\xf5\xa9\xb4\
\x50\x4e\x28\x01\x0f\x34\xb4\x80\x62\x97\x34\x1a\xc5\x58\x2a\x39\
\x39\x6e\xd4\xe2\xf8\xa8\xf1\xc5\x03\x0c\xf3\x4e\xeb\x4d\xcd\x0a\
\x68\x2a\x43\xa8\x27\x02\x8c\xd2\x72\x4d\x02\x57\x62\xc6\x32\x73\
\x4e\x76\xcd\x34\x70\x1b\xf9\xd2\x13\x81\x41\xa8\x75\x34\x99\xe3\
\xf0\xa7\x0e\x29\xa6\x82\xc7\x63\x9a\x6c\x87\x8a\x56\x6c\x53\x07\
\xe7\xef\x41\x00\x64\x23\x8a\x09\xcd\x34\xb6\x45\x2f\x5a\x0a\xe8\
\x26\x72\x29\x40\xa0\x0c\xd0\xc6\x81\x8b\x45\x03\xa5\x14\x0c\x31\
\x9a\x31\x8a\x28\xa0\x02\x8a\x28\xa0\x02\x8a\x28\x34\x00\x52\x0e\
\x0d\x28\xa3\xad\x00\x19\xa2\x8a\x31\x8a\x0a\xe6\x1a\xed\x81\x4e\
\x14\xd2\xbc\x52\xed\x02\x82\xae\x2d\x1d\x4d\x20\x19\xa5\xa0\x96\
\xc2\x8a\x28\xcd\x04\x8d\x76\xc7\xd6\x9b\x9c\x0a\x0b\x7f\x15\x46\
\xcd\xb8\xfb\x50\x00\xcd\xba\x99\x23\x76\xa5\x76\xc0\xa8\xcb\x7d\
\x68\x01\xd9\xc1\xa8\xcb\x6f\xa5\x24\x8f\xc6\x9a\x4e\xc1\x52\xd9\
\x3c\xc3\x19\xb3\xd3\xa5\x35\xdb\x68\xff\x00\x3c\x50\xcd\xb1\x6a\
\x19\x1f\x3c\x73\x52\x4c\xa4\x0e\xf9\x35\x1b\x9f\xa7\xbd\x0e\x78\
\xc7\x5f\xc3\xa5\x34\x9c\x0f\xfe\xb5\x06\x57\xb8\x84\x85\xa8\x89\
\xe7\xdf\xd6\x9c\x58\x93\xde\xa2\x2f\x8a\x99\x0e\x3b\x9f\xa1\x11\
\x36\x3f\x2a\x7b\x36\x7a\xd5\x78\xdb\x3f\x95\x3d\xdb\x8a\xd6\x9e\
\xc7\xf9\x25\x52\x9f\xbc\x0e\xd9\x3f\x4a\x64\x8f\x9f\xa5\x0c\x73\
\xcd\x42\xed\xb8\xfb\x56\xdc\xc6\xb4\xa8\xf7\x1c\xcd\xbe\x9a\x5f\
\x9c\x52\x33\x63\xf0\xa6\x13\xb6\xb3\x94\x8f\x42\x9d\x31\x59\xb1\
\xcd\x46\xe7\x34\xa5\xb3\xcd\x34\x73\x59\x5f\xb9\xe9\x51\xa4\x03\
\x93\x4d\x73\xcd\x0e\xdc\x6d\x14\xd0\x30\x2a\x1b\xb9\xdd\x4e\x9d\
\x80\xf0\xb4\xd2\x77\x1a\x69\x3b\x8d\x23\xb0\x02\x91\xd5\x4e\x01\
\xbf\x1f\x95\x31\xb9\xa4\xcd\x21\x6c\xd4\xb3\xd2\xa3\x4c\x19\xea\
\x36\xe0\xd2\xb3\x73\xfd\x69\x8c\x76\xd4\x33\xba\x11\x11\x9b\x02\
\xa3\x73\xcd\x0e\xfb\x6a\x22\xdb\x41\x1d\xe9\x73\x74\x3b\x29\xc3\
\x41\x64\x6c\xf1\x50\xbb\x67\xf0\xa5\x90\xf1\x8a\x8c\x9c\x8f\xe7\
\x54\x76\x53\x88\x33\x77\xf4\xa8\xdd\xf3\x44\x8d\xcd\x43\x23\x67\
\x9a\x0e\xc8\x44\x19\xc9\xa6\x33\x60\xd2\x93\x51\x31\xde\x68\x3a\
\xa1\x06\xc4\x79\x33\x4d\x67\xc8\xa4\x63\xb8\xff\x00\x9e\x29\x8c\
\xd9\xa0\xed\xa7\x00\x77\x26\xa3\x63\xb8\xff\x00\x3a\x1c\xf3\xf2\
\xd3\x5c\xe0\x50\x76\x53\x88\x8c\xf8\x6e\x3b\x54\x45\xf6\x8a\x73\
\x11\xfa\xd4\x6c\xdc\xff\x00\x2a\x0e\x98\xc4\x6b\x12\x7e\xb4\x13\
\x9a\x07\x02\x9b\x21\xed\xeb\x5a\x58\xe8\xa7\x11\x0b\xe4\xfb\x2f\
\xeb\x4c\x2d\xdc\xd0\x29\x18\xe7\x8a\x0e\xc8\xc4\x42\x77\x53\x1d\
\xb9\xa5\x90\xf6\xa8\xcf\x02\x83\xa2\x31\x06\x38\x5f\x4a\x61\x6d\
\xa2\x86\x6d\xdf\xe7\xa5\x31\x9b\x71\xf6\xaa\xb1\xd3\x18\x8d\x62\
\x4b\x53\x18\xee\xe2\x95\x8e\x4f\x14\xd2\x76\xd2\x67\x54\x22\x0c\
\x76\x8c\x0a\x69\x38\x14\xdd\xdb\xbb\xfd\x7d\xe9\x8e\xf9\x3c\xfe\
\x54\x8d\xe3\x11\x49\xdc\xd4\xd7\x6c\x53\x58\xfc\xdf\xe7\x8a\x69\
\x60\x1b\xfc\xf1\x41\xb4\x62\x0e\x70\x6a\x36\x3b\x45\x04\xe0\x9a\
\x61\x39\x34\x1b\x46\x22\xb1\xcf\xf8\x53\x59\xf1\xfe\x7a\x52\x31\
\xc7\xf9\xe9\x4d\xe8\x3d\xa8\x3a\x21\x1b\x81\x38\xa6\x33\x64\xd0\
\xef\x9f\xa5\x30\x9c\x2f\xd7\xa5\x26\xce\xa8\xc4\x19\xff\x00\x3f\
\xad\x46\xcd\xcf\x1f\x89\xa5\x67\xdb\xf5\xa8\xc8\xdc\xb8\xa8\x36\
\x48\x42\xde\x9d\x29\x82\x40\x16\x9c\x4e\x0f\x1d\x31\x50\xee\xc0\
\xac\x65\xb9\xac\x05\x76\xe7\x93\x8f\x4a\x4f\x30\x01\x51\xb3\x80\
\xc7\xd6\x9a\x65\xdb\x52\x6b\x11\xef\x27\x1c\xfe\x5e\xb4\xc6\x90\
\x81\xd8\x0a\x61\x7e\x7e\x5e\x7d\x4d\x54\xd6\x35\x8b\x4d\x07\x4c\
\x9e\xfa\xfe\xee\xde\xc6\xce\xd8\x03\x2d\xc5\xc4\xab\x14\x51\x02\
\x70\x32\xcc\x40\x19\x27\x03\xd4\x90\x07\x34\xa5\x24\x95\xd9\x49\
\x36\xec\x8b\x0f\x26\xdf\x6e\xf5\x5e\xfb\x53\x87\x4b\xb0\x92\xea\
\xea\x68\x6d\x6d\x61\x19\x92\x79\x9c\x47\x1c\x63\xd5\x98\xf0\x3f\
\x1a\xc1\x8f\x58\xd6\x3c\x60\x7f\xe2\x57\x6f\x26\x8b\xa7\xb7\xfc\
\xc4\x35\x1b\x72\x2e\x66\x1f\xf4\xc6\xd5\xb0\x53\xd9\xee\x36\x90\
\x47\xfa\x87\x52\x0d\x4d\x69\xf0\xc7\x49\x82\xfe\x3b\xeb\xab\x7f\
\xed\x6d\x4a\x1e\x52\xfb\x52\x6f\xb5\x4f\x19\xee\x63\xdc\x36\xc2\
\x0f\xf7\x61\x54\x5f\xf6\x45\x4c\x79\xa7\xf0\x2d\x3b\xbf\xd3\xab\
\xfc\x17\x99\xd1\xec\xd4\x7e\x37\xf2\xfe\xb6\xfc\xfc\x8e\x67\x52\
\xf8\x8f\x6b\x71\xf1\x17\x4f\xd4\x2d\x7e\x27\xf8\x36\xd7\xc2\xf0\
\x5b\x94\xbc\xd2\x9c\x5b\xca\xd7\x12\xfc\xf8\x90\x5d\x79\xa3\xcb\
\xea\x9f\x2e\x08\xf9\x0f\x5c\xf1\xe8\x1a\x1e\xb1\x67\xe2\x2b\x01\
\x77\xa6\xde\xda\x6a\x56\x64\xe0\x4d\x69\x32\xcd\x11\x3f\xef\x29\
\x23\xf5\xa9\x37\xc8\xa7\xfd\x64\x99\xed\xf3\x57\x9c\xfc\x5f\xf1\
\x17\x82\x7c\x1b\x76\xd7\x1a\xad\x8d\xbd\xc7\x88\x4a\xfe\xec\x69\
\xe4\xdb\xea\x60\x1e\x99\xb8\x88\xac\x91\x29\xf5\x2e\x32\x3a\x06\
\xe9\x4a\x9e\x1a\x71\x6f\x95\xde\xfa\xf5\xfc\x2e\xdd\x97\x92\xd0\
\xdb\xeb\x10\xb2\x52\x56\xb7\xa7\xe8\x97\xdf\xb9\xe9\xa1\xa9\x06\
\x7d\xeb\xe5\x5d\x5f\xf6\x8a\xf1\xa6\xa2\x4c\x76\xba\xb4\xba\x6d\
\x9a\x93\xe5\x46\x89\x1c\x93\x2a\xf6\x0d\x33\x26\xf7\x23\xfb\xdc\
\x67\xbd\x58\xf0\xbf\xed\x35\xe3\x6f\x0f\x4e\xa6\xe2\xfa\xdf\x5c\
\xb5\x07\xe6\x82\xf6\xdd\x14\x91\xfe\xcc\x91\x85\x70\x7d\xc9\x60\
\x3d\x0d\x74\x3c\x2c\xd2\xb9\x31\xc7\x51\xbd\x8f\xa8\xb3\x83\x4d\
\x3c\x1e\x9f\xad\x79\xff\x00\x86\x3f\x6a\x4f\x08\xeb\xf6\x68\xd7\
\x97\x92\x68\x57\x98\xfd\xe5\xb5\xe4\x4e\xca\xa7\xbe\xd9\x51\x4a\
\xb2\xfa\x13\xb4\x9f\xee\x8a\xea\x3c\x35\xf1\x27\xc3\x9e\x33\xbb\
\xfb\x3e\x93\xaf\x68\xf7\xf7\x4d\xd2\xde\x2b\xa5\xf3\x9b\xe8\x87\
\x0c\x7f\x01\x58\xbb\xad\x19\xdf\x05\x19\x7c\x2c\xd7\xe7\x1d\x29\
\x1b\xe6\xe2\xa4\xda\x50\xe2\x90\xa7\x3c\x7e\x22\xa8\xb5\x0b\x11\
\x32\x6d\x3f\x8d\x35\xdf\x07\x15\x23\x8e\x33\xdc\x54\x4d\x19\x67\
\xcd\x54\x5d\x99\x68\x4c\x54\x67\x86\xa7\xe7\x1d\x69\x8c\x77\x1a\
\xd9\x1a\x28\x91\xc8\xd9\x3f\x4a\x63\x3e\x3e\xbf\x5a\x79\xfb\xc6\
\x9b\x27\x5a\x0d\x63\x11\xa0\x62\xa1\xbb\x85\xa4\xb6\x91\x22\x93\
\xc9\x95\xd0\xaa\x3e\xdd\xde\x5b\x63\x86\xc7\x7c\x1e\x71\xde\xa5\
\xfb\xd4\xab\x1e\x28\x36\x8d\x32\x8f\x86\xb4\xdb\xcd\x1f\x44\xb7\
\xb7\xd4\x35\x29\x35\x8b\xc8\xd4\xf9\xb7\x8f\x6e\x96\xe6\x63\x92\
\x7e\xe2\x0d\xab\x80\x40\xe3\xd3\xd6\xae\xa8\xcd\x3f\x6f\xf9\xc5\
\x04\x62\x94\x63\xca\xac\xbf\xcf\xf1\x65\xa8\xbb\xdc\x8d\x86\xda\
\x6b\xf2\x2a\x46\x3b\xa9\x92\x70\x56\xad\x16\x90\x94\x51\x4d\x90\
\x9f\xc2\xa8\xa1\xb9\xdc\x73\x41\x38\x14\x74\xa4\xce\x6b\x40\x42\
\x8e\x94\x31\xda\x28\x27\x14\xd3\xf3\x50\x6a\x90\xd6\xf9\xda\x8a\
\x5f\x2f\xfc\x8e\xd4\x8e\x30\x7d\x3d\xa8\x2e\xc1\x9e\x69\xae\xdc\
\x7f\x9e\x69\xdf\x74\x53\x1f\x38\xfe\x7e\xf5\x51\x29\x44\x40\x37\
\x37\xa7\xd2\x9d\xc9\x3f\x85\x30\x8c\xd2\x8e\x4d\x51\x56\x1d\xf7\
\x87\x5a\x75\x00\xe4\x51\x9c\x56\x77\x2d\x44\x0d\x46\xf9\x2c\x7f\
\x97\xad\x38\xb6\x29\x81\xb0\xdf\x8d\x54\x4d\x62\x48\x83\x8a\x61\
\xe9\x81\xd0\xf7\xa1\x8e\xe1\x8f\xce\x8a\xa3\x40\x24\xb7\x5c\x51\
\x45\x35\x9f\x8f\xad\x00\x0e\xf8\x34\x03\xbb\xfc\xf5\xa6\x13\x8a\
\x55\x2a\x07\xfb\x54\x1a\x46\x3d\x49\x33\x4d\x69\x31\xef\x4d\x3f\
\x35\x1d\x28\x28\x0b\xe7\xf3\xcd\x35\x8f\xcb\x4e\xa6\x4c\x70\xb4\
\x00\x99\x19\xfa\x50\x5c\xe0\xf5\xff\x00\x0a\x41\xd6\x94\x8c\xf1\
\xeb\x41\x52\xdc\x93\x34\x0e\xb4\x52\x03\x93\x40\x47\x71\x7b\x7e\
\x39\xa4\x1c\xd2\xd3\x73\xf8\x7e\x14\x1b\x44\x76\x69\xa4\xed\xf7\
\xfe\x94\xb9\xda\x29\x8e\xdb\x9b\x8e\xd4\x07\x30\x80\xee\xa4\x27\
\x26\x8c\x82\x28\x23\x14\x00\xe0\x78\xa6\xe3\x9f\xeb\x4b\x8a\x5a\
\x0a\x1b\x8f\xf3\xeb\x40\x14\xea\x28\x00\xa2\x8a\x28\x00\xa2\x8a\
\x28\x00\xa2\x8a\x28\x00\xa2\x8a\x28\x00\xa2\x8a\x28\x00\xa2\x8a\
\x28\x00\xa3\x14\x51\x40\x05\x14\x51\x40\x01\x38\x14\xc7\x6d\xdf\
\x4a\x57\x7e\xc2\xa3\x73\x85\xa0\x04\x66\xdd\xf4\xa6\x19\x30\x3d\
\x68\x63\xb5\x69\x84\xf1\x40\x08\xc7\x3f\xfe\xba\x18\x95\x03\xd6\
\x82\xeb\xf5\xa8\xe5\x93\xe6\xff\x00\x3c\x54\xb6\x43\x60\xcf\xb7\
\xeb\x51\x48\xfe\xfc\xff\x00\x2a\x46\x7f\xc7\xf0\xa6\xb3\x6d\x1f\
\xfd\x6a\x93\x37\x2e\xc0\xcd\x8e\x4f\xf3\xa8\xcb\xe0\x73\xfc\xe8\
\x1c\xff\x00\xfa\xa9\x1c\xe0\x7d\x7d\xa8\x20\x61\x6c\x9f\xfe\xbd\
\x36\x46\xc7\x1f\xd7\xa5\x12\x70\xbf\x8d\x37\x38\x1f\xfd\x6a\x00\
\x6b\xbe\x3f\xfd\x75\x0c\x87\x07\xd2\xa4\x77\xe7\x3f\xa6\x2a\x17\
\x3f\xad\x4c\x8a\x8e\xe7\xe8\x32\x37\x1e\xf4\xe6\x6f\x5f\xc2\xa1\
\x89\xb0\xbf\x4e\xb4\xad\x27\x3c\xe2\xaa\x0c\xff\x00\x28\x67\x4f\
\xde\x15\xdb\x3f\xd2\x98\xef\x8a\x42\xe4\xd3\x1d\xb0\x7d\xeb\x4e\
\x63\x4a\x74\xc1\x8d\x31\x8e\x45\x0c\x77\x1a\x4a\xcf\x73\xba\x95\
\x3d\x45\xc6\x69\x19\xb0\x3e\x5a\x52\x76\x8f\x7e\xd5\x19\x38\x1c\
\xd4\x48\xf4\xa9\xc2\xc0\xd8\x1f\xce\x9a\xcd\x9f\xa5\x21\xe7\xf3\
\xa6\x33\xf3\x48\xea\xa7\x11\xc5\xb1\x51\x9c\x93\x40\x14\xd2\x7f\
\xfd\x75\x32\x3d\x0a\x74\xc1\x8e\x4d\x35\x9b\x06\x82\x7f\xce\x69\
\x8c\xfc\x6e\xa9\x3b\xa9\xc4\x47\x6e\x3e\xb5\x1b\xb6\xd3\x43\x3d\
\x46\xe7\x9c\xfe\x94\xb5\x3b\xa9\xd3\x11\xdb\x8f\xad\x46\xcf\xb4\
\x50\xed\x8f\xad\x30\xfc\xbf\xe7\xa5\x1c\xa7\x6d\x3a\x62\x39\xc7\
\xf5\xa8\xa4\x6c\x8a\x73\xbe\x06\x2a\x17\x7c\x9c\x53\x3b\x29\xd3\
\x1a\xcd\x9f\xa5\x34\xf3\xf4\xa0\xf5\xa8\xe4\x72\x7a\x50\x75\xc2\
\x17\x11\xd8\xb1\xf6\xa6\x37\x4f\xd6\x9c\x4e\xc5\xcd\x46\xcf\x8f\
\xf0\xa0\xec\xa7\x4c\x49\x0f\x15\x14\x87\x1f\xd6\x87\x7c\x7a\x53\
\x4f\x4a\x0e\xa8\x44\x3a\x2d\x35\x8e\xea\x1d\xaa\x37\x39\x3f\xce\
\x9a\x57\x3a\xa3\x10\x6f\x98\xd3\x1c\xfc\xd4\xac\xd8\xe2\x9b\xd2\
\xac\xe9\xa7\x0e\xa0\x4d\x46\xe7\x1f\xd6\x86\x3b\x7f\xde\x3c\x7d\
\x29\xa7\xe5\x1e\xb4\x1d\x71\x80\x33\x62\xa3\x66\xd8\xb4\xe2\x71\
\x51\x13\xdf\xdf\xbd\x07\x44\x62\x21\x38\xa6\xfd\xea\x33\x93\x4d\
\x91\xb8\xa0\xe8\x8c\x06\xb9\xf4\xa6\x4a\xfb\x47\xf3\xa1\xce\x07\
\x5a\x61\xef\x9a\xad\x8e\xa8\xc4\x42\xf8\x1f\x5e\x94\x9b\xa9\x1c\
\x9c\x66\xa3\x1c\x54\x9d\x51\x88\x31\x19\xa8\xcb\x6e\x34\xa4\x87\
\x3c\xf4\xa6\xb3\x63\xea\x69\x36\x6d\x18\x83\x36\x38\xa6\x93\xb4\
\x52\x16\xda\x2a\x26\x7c\x9c\xd4\xdd\x9b\x46\x22\xbb\xe5\xbf\x95\
\x32\x43\x8c\xfb\xd0\xa7\x8c\xd2\x63\x27\x34\x8e\x88\x40\x4c\xe3\
\xd6\x87\x3e\x9f\xca\x91\xdb\x69\xfb\xd4\xcc\xe6\x8d\x4e\x98\xc4\
\x47\x63\x9a\x63\xb7\xe7\xfc\xa9\xce\xd8\x1f\x4a\x8f\xaf\xe7\x41\
\xb4\x50\x74\xa6\xb9\xf9\x71\x4a\xc4\x28\xa8\x9d\xf0\x3f\xad\x67\
\x29\x58\xd1\x2b\x08\xcf\xcd\x42\xcd\x9c\x9f\xca\x94\xb6\x69\xac\
\x3e\x4f\xc2\xb3\x6c\xd6\x31\xd0\x8d\xdb\x14\xd5\x56\x91\x82\xaa\
\xb3\x33\x1e\x00\xac\x6f\x10\xf8\xda\xdf\x49\xd4\xbf\xb3\x6d\x6d\
\xee\x35\x6d\x64\x22\xc8\x6c\x2d\x31\xbe\x14\x6f\xbb\x24\xce\xc4\
\x24\x08\x46\x48\x32\x10\x5c\x2b\x79\x6b\x23\x0d\xb5\x40\xf8\x0a\
\xeb\xc6\x23\x77\x8a\x2e\x21\xbb\xb6\x7f\xf9\x83\x5a\x16\x1a\x6a\
\x8f\x49\x8b\x00\xf7\x67\xb1\xf3\x42\xc4\x78\x3e\x42\xb0\xcd\x67\
\xed\x2e\xf9\x61\xab\xfc\x17\xcf\xf4\x57\x67\x44\x68\xd9\x73\x4f\
\x45\xf8\xfc\x97\xf4\x81\xbe\x20\x37\x89\x1d\xa1\xf0\xcd\xbc\x5a\
\xc1\x56\x28\xfa\x83\xb9\x4d\x2e\x02\x3a\xe2\x50\x09\x9d\x87\x3f\
\x24\x21\x86\x54\xab\xc9\x11\xe6\xad\x68\xdf\x0f\xd0\x6a\x90\x6a\
\x9a\xb5\xc4\x9a\xd6\xb1\x6e\x4b\x43\x71\x3a\x08\xe1\xb2\x24\x10\
\x7e\xcd\x00\x25\x61\xe0\x91\xbf\xe6\x94\xa9\xc3\xca\xe2\xba\x28\
\xed\xd6\x28\xd5\x46\x15\x55\x42\xa8\x03\x01\x40\xe0\x01\xe8\x3d\
\xa9\xb7\x77\xf1\x58\x5b\xc9\x34\xd2\x45\x0c\x11\x0d\xd2\x49\x23\
\x85\x54\x1e\xa4\x9e\x00\xfa\xd3\x54\xd5\xd4\xa5\xab\xfc\x3e\xef\
\xd7\x56\x37\x52\xca\xd0\xd3\xf3\xfb\xc7\x08\xd5\x06\x31\xc6\x7d\
\x6b\x37\xc5\x9e\x30\xd2\xfc\x13\xa5\x9b\xed\x56\xf2\x1b\x1b\x7e\
\x80\xbe\x4b\x4a\x7d\x11\x46\x59\x8f\xb2\x82\x6b\xcd\x7e\x22\x7e\
\xd3\xb0\xd9\xef\xb5\xf0\xdc\x2b\x79\x3f\x46\xbd\x9d\x48\x85\x3f\
\xdc\x4e\x0b\x9f\x73\x81\xfe\xf0\xaf\x17\xd7\xb5\x1b\xef\x14\x6a\
\x92\x5f\x6a\x97\x57\x17\xd7\x92\x0c\x19\x25\x39\xda\x3f\xba\xa3\
\xa2\xaf\xb2\x80\x07\xa5\x7a\x74\x70\xb3\x96\xb2\xd1\x1e\x75\x6c\
\xc2\x9c\x34\x8e\xaf\xf0\x3b\xaf\x89\x1f\xb5\x0e\xa9\xe2\x5f\x32\
\xd7\xc3\xd1\xc9\xa2\xd8\x9c\x83\x74\xf8\x37\x92\x8f\x6c\x64\x44\
\x3e\x99\x6e\x87\x70\xe9\x5e\x60\x96\xa7\xcd\x67\x62\xee\xf2\x31\
\x67\x76\x39\x67\x27\xa9\x24\xf2\x49\xf5\x35\x6f\xca\xd9\xeb\x49\
\xb3\x8f\xef\x57\x6c\x69\xc6\x1a\x23\xcd\x96\x2e\x55\x1d\xd9\x17\
\x91\x83\x4e\x58\x38\xc6\x2a\x44\x5c\xf1\xde\xa4\x45\xe7\x9f\xa1\
\xa8\x92\x3a\xa8\xd4\xb9\x59\xac\xc3\x8e\x95\x14\x9a\x24\x57\x23\
\xe6\x8d\x5b\x07\x23\x8e\x84\x77\xad\x48\xe1\xcf\xad\x58\x82\xd3\
\x79\xae\x3a\xb0\x4c\xf4\x21\x2b\x1d\x97\xc3\x5f\xda\x03\x5e\xf0\
\x7a\xc7\x6b\xa9\x3c\x9a\xf6\x9a\xb8\x00\x4f\x27\xfa\x54\x23\xfd\
\x99\x4f\x2d\x8f\xee\xbe\x7b\x00\xca\x2b\xdc\x3c\x29\xe3\x7d\x2f\
\xc7\x16\x1f\x69\xd3\x6e\x44\xca\xa3\x32\x44\xdf\x2c\xd0\x9f\x47\
\x5e\xa3\xea\x32\x0f\x62\x6b\xe6\xbb\x3d\x3b\x6e\x3e\x5a\xda\xd1\
\x92\x6d\x32\xf2\x3b\x8b\x69\x64\xb7\xb8\x8f\xee\xc9\x1b\x6d\x61\
\xf8\x8e\xdf\xa5\x71\xca\x0e\x27\xa1\x47\x30\x71\xd2\x7a\xaf\xc4\
\xfa\x35\x9f\x23\x8a\x4a\xe1\xfc\x21\xf1\x59\xae\x11\x61\xd5\x55\
\x55\xfa\x0b\x94\x5c\x2b\x7f\xbc\xa3\xa7\xd4\x71\xec\x2b\xb4\x8e\
\xe5\x66\x45\x68\xd9\x5d\x58\x64\x32\x9c\x82\x3d\x73\x53\x73\xd6\
\xa3\x52\x9d\x55\xcd\x06\x27\x6e\xf5\x13\xaf\x5c\x7a\xd4\xdc\x76\
\xa8\x5f\xaf\xe2\x6a\xa3\x27\x7b\x1d\x51\x8f\x42\x36\x26\x98\xdc\
\xe7\x83\x4f\x23\x9f\xfe\xb5\x04\x60\x56\xbc\xc9\x68\x6c\xa2\x90\
\xdd\xb8\xa3\x14\xbf\x95\x26\xfc\x7f\xfa\xaa\x8d\x14\x40\xf0\x29\
\xa4\xe7\xd6\x82\x73\x4d\x66\xc7\xff\x00\xaa\x81\xd8\x5e\x94\x8e\
\xd9\x34\x9b\xf2\x69\x68\xbd\x8b\x48\x33\x51\x96\x62\x71\xfa\x53\
\x98\x95\x1f\xfd\x6a\x68\x7c\x9f\xfe\xb5\x5d\xfa\x87\x28\x2a\x6e\
\x1c\xd3\x99\x02\xaf\x14\xdf\x30\x9a\x0b\x66\x9f\x33\x28\x3b\xd1\
\x9a\x08\xc1\xf6\xa5\x55\xc8\xe7\xd6\xaa\xe5\xc7\x61\x07\x26\xa3\
\x27\x2d\x52\x11\xb4\xd4\x64\x6d\xa7\x73\x58\x81\x19\xa6\x95\xf9\
\x4d\x3a\x8a\xae\x62\xec\x47\x83\xe8\x68\x08\x5b\xda\xa4\x23\x26\
\x8a\x24\x31\xa9\x90\xbc\xd0\xcd\x81\xfc\xa9\x7a\xd3\x33\x91\x52\
\x52\x88\x16\xc9\xa4\x02\x81\xc0\xa3\x70\xf5\x15\x48\xdb\x94\x00\
\xe7\xf9\xd2\xd3\x5a\x4e\x78\xa4\x12\xf3\xcd\x50\x0f\x3d\x2a\x3e\
\xa3\xaf\xd7\x1d\xa9\xce\xf9\x18\xfc\xe9\x80\x9e\xf4\x14\xa2\xd8\
\xe0\xa0\x73\x4c\x6e\x1a\x9c\x0e\x7f\xcf\x5a\x6e\x7e\x62\x6a\x6e\
\x68\x3a\x8a\x3f\x87\x34\x66\xa8\x02\xa1\x7e\xbc\xd4\xd9\xe6\xa1\
\x3f\x76\x80\x14\x75\xfc\x69\xe2\x3c\x1a\x6c\x7f\x7b\xeb\x4f\xda\
\x28\x34\x71\xb8\x75\xa5\xa0\x74\xa2\x82\x92\xb0\x52\x37\x5a\x47\
\xfb\xb4\xc3\xd6\x82\xa3\xdc\x53\xcb\x52\x74\x34\x02\x29\x68\x28\
\x07\x4a\x6e\x39\xa5\x27\x9a\x5a\x00\x0f\x4a\x45\xe9\x4b\x45\x00\
\x14\x51\x45\x00\x14\x51\x45\x00\x14\x51\x45\x00\x14\x51\x45\x00\
\x14\x51\x45\x00\x14\x51\x45\x00\x14\x51\x45\x00\x14\x51\x45\x00\
\x35\x9f\x6d\x34\xb9\x22\x9d\x27\x51\x4c\x67\xdb\x40\x01\x6d\xa2\
\xa2\x63\x81\x9e\xf4\xe6\x6c\x9a\x8c\xb6\xef\xe9\xc5\x00\x0c\x7f\
\x13\x4c\x73\x91\x8a\x49\x0f\x6a\x69\x3b\x16\xa5\xb2\x64\x2b\x36\
\xd1\x50\xc8\xf9\x3f\xce\x91\xdf\x1d\xe9\x85\xb6\x8e\xd5\x26\x72\
\x97\x61\x70\x7d\xff\x00\x3a\x8d\xf9\x34\x33\xe4\xf6\xa3\x3f\x4a\
\x0c\xc6\x96\xc7\xaf\x4e\x29\xa4\x63\xff\x00\xd7\x43\x36\xe3\x4d\
\x27\x68\xed\x40\x03\x1c\x9f\xa5\x46\xe4\x93\x43\xb7\xeb\x51\xbb\
\xe0\x76\xe6\x80\x12\x43\xfa\x54\x4e\x72\x4f\xb5\x39\xdb\x03\xb7\
\x35\x1b\x1c\x1f\xd6\xa6\x45\x44\xfd\x02\x88\xe1\x7e\xb4\xe6\xeb\
\x51\xc4\x49\x1f\x85\x39\x8e\x17\x15\x31\x67\xf9\x5b\x28\x6a\x35\
\x9f\x1f\xca\x9a\x78\xa0\x9d\xb4\x1f\xf2\x6b\x43\x5a\x74\xc4\xce\
\x0d\x21\x39\xa1\xb9\xa6\x93\x53\x26\x7a\x34\xe9\xd8\x09\xe7\xfa\
\xd3\x4b\x64\x50\xc7\x3f\xd6\x99\x23\x60\x54\x9d\x54\xe2\x24\x87\
\x9f\xe7\x48\x29\x33\xc5\x21\x6c\x1a\x0f\x42\x8d\x3e\xa0\xc7\x8c\
\x53\x0f\x02\x94\x9e\x2a\x32\xdb\xbe\x95\x99\xe8\x46\x02\xb3\x6f\
\xa8\xdd\xf8\xa1\xdb\x35\x1b\xf2\x28\x3a\xe9\xd3\x07\x6a\x89\xce\
\x5a\x95\xdb\x8f\xe5\x51\xb1\xc9\xa0\xef\xa7\x4c\x43\xc9\xf4\xf4\
\xa8\x9d\xf1\xfd\x29\xce\xfc\x54\x24\xe7\xd3\xf3\xa0\xec\x84\x41\
\xdf\x68\xa8\x58\xe0\x53\x99\xf2\x7d\x40\xa8\xdd\xbd\x4d\x07\x55\
\x38\x88\xed\x81\x8f\x5a\x61\x3b\x45\x23\x37\x7f\xca\x98\x5b\x1f\
\xfe\xba\x0e\xca\x70\x06\x93\x8e\x7a\xd4\x6c\xf9\x34\x3b\xe2\x9b\
\x9d\xd4\x1d\x91\x88\x84\x67\xe9\x4c\x76\xdc\x7d\xa9\x5d\xf2\x3f\
\x9d\x30\xb6\x05\x07\x44\x62\x23\xb7\x14\xdc\xe0\x81\x43\x1e\xa7\
\xf1\xa6\x37\x3f\x5f\xe5\x5a\x1d\x54\xe0\x1d\x0d\x31\x9f\x1f\x5a\
\x19\xf6\x9e\xf4\xc3\xc7\x53\x41\xd9\x18\x81\xf9\x47\xbd\x34\x9e\
\x33\x41\x39\x35\x1b\xb6\x4f\xb7\xf3\xa0\xe8\x8c\x41\x9b\x75\x31\
\xdb\x22\x95\xdb\x9a\x8c\x9d\xb4\x1b\xc6\x22\x3b\x63\xeb\x4c\x34\
\x85\xb1\x4c\x67\xcf\x5a\xa3\xae\x9c\x46\xc8\xf9\x34\xd2\x76\x8a\
\x73\xb0\x1f\xe7\xad\x43\x23\xd4\x9d\x11\x88\xf3\x26\x45\x44\x5b\
\x3f\x4a\x43\x26\xdf\xc7\x9c\x53\x37\x1c\xf5\xa8\xe6\xec\x74\x46\
\x23\x98\xed\x34\xc2\x7f\x3a\x46\x93\xe6\xeb\xf8\xd4\x65\xff\x00\
\xcf\xad\x4d\xce\x88\xc4\x74\x8f\x9f\xc2\xa3\x2d\xb9\xbe\x94\x31\
\xfc\x38\xe9\x48\x68\xf4\x36\x8c\x00\x9d\xde\x94\x8c\xdb\x7f\x86\
\x82\xd8\x1f\xd2\xa3\xc1\x26\x99\xd5\x18\xa0\xcf\xd6\x91\x8e\x06\
\x3d\x69\x5c\xed\xe9\xd7\xe9\x4c\x07\x9e\xf5\x2e\x49\x1b\x46\x23\
\x1f\x96\xfa\x53\x4b\x6d\xa7\x33\x7c\xc6\xa3\x73\x9e\x6a\x65\x23\
\x48\xc4\x6c\x8f\x9a\x85\x8e\x4d\x48\x5b\x26\xa3\x23\x15\x99\xa2\
\x46\x0f\xc4\x1f\x89\x1a\x3f\xc2\xdf\x0f\x7f\x6b\x6b\x97\x6d\x63\
\xa7\x89\xe3\xb6\xf3\x16\xda\x5b\x82\x64\x90\xe1\x06\xd8\xd5\x9b\
\x93\xdf\x18\x15\x0f\xc4\x2d\x6a\xee\xc6\xc3\x4d\xd3\xec\x6e\x0d\
\x9e\xa1\xe2\x0d\x4e\x1d\x26\x0b\x90\x81\x8d\xa8\x65\x79\x65\x91\
\x43\x02\xa5\xd6\x08\x66\x29\xb8\x15\xdf\xb3\x70\x65\xca\x9e\x89\
\x1d\xa2\x93\x72\xbb\x2f\x1f\xc2\x71\x59\x1e\x32\xf0\x97\xfc\x25\
\x9a\x5c\x70\xad\xc3\x58\xdf\x58\xdc\xc5\x7f\x61\x78\xb1\x89\x0d\
\xa5\xcc\x4d\xb9\x1c\xa6\x46\xf5\x20\xb2\x3a\x64\x6f\x8d\xdd\x77\
\x2e\x77\x0c\x6b\x46\x5a\xd9\xe9\x65\xa7\x5f\x3d\x6f\xd7\xa6\x8a\
\xdd\xfb\x74\x50\xe4\xba\xbf\xfc\x0f\x2d\x2d\xf7\xef\x73\x47\x42\
\xf0\xad\x8f\x85\xb4\xef\xb1\xe9\xf6\xeb\x6d\x6f\xbd\xa5\x61\xb9\
\x9d\xe5\x91\xbe\xf4\x92\x3b\x12\xf2\x48\xc7\x96\x91\xc9\x76\x3c\
\x92\x4d\x59\x90\x84\x5a\xc0\xd3\x7e\x23\x2a\x6a\x96\xfa\x5f\x88\
\x2d\xd7\x43\xd6\xae\x8f\x97\x6c\xa6\x42\xf6\x5a\xa3\x7f\xd3\xa4\
\xe4\x01\x23\x70\x4f\x92\xc1\x66\x50\x09\x28\x57\x0e\xd6\xbc\x5b\
\x3a\x8d\x0e\xf3\x7c\xd2\x5b\xa7\x92\xe1\xa6\x43\x86\x88\x60\xe5\
\x81\xf6\xeb\x5a\xd3\x94\x27\xa4\x36\xdb\xd3\xe5\xd0\x2b\x46\x71\
\x77\x9f\xfc\x3f\xf9\x9c\xff\x00\x8f\xfe\x32\xe9\xfe\x0d\x2f\x6f\
\x1f\xfa\x76\xa0\xbc\x79\x11\xb6\x16\x33\xfe\xdb\x76\xfa\x0c\x9f\
\x61\xd6\xbc\x4f\xc6\xfe\x37\xd5\x7c\x79\x72\x24\xd4\xae\x99\xa1\
\x53\x98\xed\xa3\x1b\x61\x8b\xe8\xbd\xcf\xb9\xc9\xf7\xab\x5e\x29\
\xf0\xb5\xc7\x87\x25\xdd\x22\xac\xb6\xf2\x7f\xab\x9d\x3e\x64\x7c\
\xfb\xfa\x9f\xf3\x9a\xc1\x91\xb1\xd7\xd6\xbd\xca\x18\x78\x41\x5d\
\x6a\xfb\x9f\x31\x8b\xc6\x54\x93\xe5\x7a\x2e\xc5\x36\x8b\xd3\x8a\
\x86\x45\xff\x00\x11\x56\x99\xb3\xd3\xd2\xab\xbf\x41\xf7\x6b\xa4\
\xf3\x9c\x8a\xf2\x0c\x67\xde\xa3\x0b\x9f\xeb\x53\x48\x70\x0d\x46\
\x0e\x69\x32\xa3\x3d\x41\x13\x23\xdc\xd4\xb1\x27\xd2\x99\x12\xf3\
\x56\xe1\x87\x27\xa5\x61\x24\x77\xd1\xa9\xad\xc7\xc1\x0e\x4d\x69\
\x5a\xda\x65\xbf\x1a\x8a\xd2\xdf\x7a\xf4\xef\x5a\xfa\x7d\x96\x71\
\xfe\x1c\x57\x34\xce\xff\x00\xac\x24\xb4\x1d\x61\x65\xc0\xe3\x1e\
\xd5\xb5\xa7\xe9\x99\x3d\x2a\x4d\x33\x48\xc8\xe9\x5d\x16\x9f\xa4\
\x70\x3f\xc2\xb9\xa4\x8e\x5a\xb8\xbb\x14\xec\x74\x9e\x47\x15\xd3\
\x78\x67\xcf\xd2\x9b\x11\x31\xf2\xdb\x96\x88\x9f\x95\xbd\xc7\xa1\
\xfa\x7e\x39\xa9\x34\xed\x1b\x71\x1f\x2d\x74\x1a\x56\x85\xb4\x03\
\x8f\xd2\xb9\x6a\x34\x8e\x1a\x79\xdd\x4a\x15\x14\xa9\xb2\x68\xe5\
\xf3\x63\x56\x03\x83\xd7\xda\x86\x19\xe6\xa6\x9a\x1f\x26\x42\xb8\
\xec\x0d\x01\x37\x1c\x57\x3c\x6b\x26\xec\x7e\x99\x97\xe3\x95\x7a\
\x31\xad\x6b\x73\x24\xc8\x76\xf1\x9c\x53\x4a\x03\x56\x3c\x8c\xfb\
\x52\x1b\x73\x9f\xe9\xeb\x5b\x73\x9e\x9c\x5a\x7a\x95\x0a\x66\x9b\
\xe5\xf1\x57\x1e\xdb\x0b\xda\xa1\x68\x0e\x7f\x9e\x2a\x95\x43\x74\
\x8a\xe5\x31\xd6\x9a\xe8\x41\x3e\x95\x63\x61\xc7\xff\x00\x5a\x9a\
\x61\x24\xfd\xdc\x7e\x34\xf9\x98\xfa\x15\xc0\xe7\xff\x00\xad\x52\
\x79\x67\xd7\xf4\xa7\xb4\x64\x7f\x9c\xd2\xac\x3f\xe7\xd6\xab\xda\
\x0a\x24\x45\x08\xf7\xa6\x32\x7a\x8a\xb8\x2d\xff\x00\xd9\xa4\x36\
\xf9\xe8\x2a\xb9\x91\x68\xa8\xe9\x9a\xa7\xab\x6a\xd0\xe8\x96\xd1\
\xc9\x30\xb8\x64\x92\x54\x84\x08\x6d\xa4\x9d\x8b\x31\x00\x65\x63\
\x56\x20\x64\xf2\xc4\x61\x47\x24\x81\xcd\x6a\xfd\x8f\x14\x8d\x6f\
\x83\xde\x9a\x9d\xf6\x2d\x46\xe5\x75\x5d\xa3\xf9\xd3\x89\xcd\x48\
\xf1\xed\x23\x35\x1b\x8c\x1f\xd2\xb6\x1a\x88\xc6\x18\xfe\x54\xc9\
\x3a\xd4\x92\x1c\xad\x47\x21\xaa\x89\xa4\x46\xd1\x41\x38\xa6\xa1\
\xc8\xaa\x2c\x52\x32\xc3\xda\x94\xd1\x4d\x20\xe3\x8e\xb5\x5d\x07\
\x11\xac\xd9\x38\xf4\xa4\xea\x69\x08\x3f\xe4\xd3\x85\x2d\x0d\x63\
\xdc\x0f\x4a\x8d\xf8\x35\x21\x38\x15\x1b\x7c\xc6\x88\xb2\xc4\xef\
\x4a\x45\x26\x72\xd4\xb5\x66\x91\xd8\x00\xa2\x8a\x28\x18\x11\x9a\
\x40\x31\xf5\xa5\xa2\x80\x1b\x83\x9a\x75\x14\x13\x81\x40\x03\x74\
\xa8\x58\xfc\xbf\xa5\x39\xda\xa3\x7e\x07\x6a\x9e\x60\x44\xd1\x9f\
\xe5\x4e\xc7\x35\x1c\x4d\xb5\x47\xbf\xe9\x4f\x63\x91\x47\x31\xb0\
\xa4\xe2\x9a\xef\x91\x4d\x32\x11\xf5\xa6\x91\xf3\x53\xb9\x5c\xa3\
\xb7\x93\x48\x78\x14\xa0\xd0\x46\x69\x94\x26\x3d\xe9\x68\xa2\x80\
\x0a\x28\xa2\x80\x0a\x28\xa2\x80\x0a\x28\xa2\x80\x0a\x28\xa2\x80\
\x0a\x28\xa2\x80\x0a\x28\xa3\xbd\x00\x14\x51\x9a\x33\x40\x05\x14\
\x1e\x28\x3c\xd0\x01\x45\x03\xa5\x14\x00\x52\x31\xc2\xd2\x93\x81\
\x51\xb3\x6e\xfa\x50\x00\x4e\x39\x35\x13\x1c\x64\xd2\x96\xdd\xf4\
\xa8\xd8\xee\x3e\xd4\x00\x13\x9e\xb4\xd2\xfb\x47\xbd\x35\xdf\x27\
\x6d\x1d\x2a\x64\x26\xc0\xb6\x39\xa8\xa4\x7e\xff\x00\x95\x24\x93\
\x71\xfd\x2a\x32\x77\x1e\x71\x52\x64\xe4\x1f\x77\xd6\x98\xcd\x93\
\xdf\xf2\xa4\x63\xbb\xd2\x82\x31\xfd\xda\x0c\xc3\x3f\xef\x53\x18\
\xee\x6e\xf4\x33\x64\x71\x49\x8c\x7a\x7e\x74\x00\x6e\xc0\xa8\xcb\
\x64\xff\x00\x15\x0d\xf3\x1e\xd4\xd6\x6c\x1e\x3f\x9d\x00\x23\xb1\
\x2d\xf8\xd4\x6e\xf9\x3e\xc2\x95\xf8\x1d\xb3\x51\xb9\xed\x40\x0d\
\x63\xb9\xaa\x12\x73\x4f\x90\xe2\xa3\x66\xc0\xac\xca\x3f\x40\xa2\
\xe5\x41\xf4\xa7\x93\x83\xef\x51\x40\xf9\x5a\x97\x15\x31\x3f\xcb\
\xb9\x51\xf7\x86\x9a\x6b\x1c\x1e\x28\x76\xdc\x69\xa4\xed\xaa\x37\
\xa7\x4e\xc1\x9a\x69\x39\xff\x00\x76\x82\xdb\xf8\xa6\xb3\x50\x75\
\xc2\x37\x06\x38\x5f\xe5\x4c\x6c\x93\xff\x00\xd6\xa5\x67\xdd\xcf\
\xe9\x4d\xcf\xcb\x48\xec\xa3\x4c\x0b\x6d\x15\x1b\x36\x28\x66\xc0\
\xcd\x30\xfc\xc7\x26\xa0\xf4\x69\xc0\x52\xdb\x87\xb5\x31\x9b\x77\
\xd2\x91\xdb\x3f\x4a\x8e\x47\x20\xf1\x41\xd7\x08\x5c\x19\xf0\x71\
\x51\xbb\x71\x8a\x24\x3d\xaa\x37\x39\x38\xa5\xd4\xee\xa7\x4c\x46\
\x6c\x9a\x69\x7e\x69\x18\xf1\xfe\x79\xa8\xe4\x6a\x67\x75\x38\x03\
\xbe\x4d\x44\x5b\x75\x2b\x31\x1c\x54\x6c\xfd\xbb\x7b\x50\x75\x53\
\x80\x3b\x54\x3b\x8b\x53\x99\xf7\x1e\x29\xae\x76\x8a\x0e\xc8\x40\
\x6b\xb6\x4f\xd2\xa1\x77\xe6\x9c\xef\xfe\x73\x50\xb1\x2c\x68\x3b\
\x21\x10\xce\x4e\x69\xbb\xf2\x7f\xa5\x04\xe4\xf1\x4c\x76\xe7\x14\
\x2d\x4e\x98\xc4\x42\xf9\x1d\x28\x26\x9a\xcf\x83\x4d\x27\x71\xad\
\x0d\xe9\xc6\xe0\x5b\x3d\xe9\xa5\xbf\x1e\xd4\x3c\x98\x38\xa6\x1e\
\x48\xf6\xa0\xee\xa7\x10\xdd\xc6\x4d\x30\x9d\xd4\x13\x93\xed\x4d\
\x91\xbb\x50\x74\x45\x0d\x66\xdc\x7d\xbf\x9d\x35\xdb\x9f\xf3\xc5\
\x0e\xd8\xa8\x9d\xbe\x7a\x0e\x88\xc4\x79\x3b\x45\x46\xcf\x93\x48\
\xc4\xb1\xa8\x9d\xff\x00\xcf\xad\x3d\x8e\xaa\x71\xea\x2b\xb6\xef\
\xf0\xf5\xa6\x6e\xca\xf3\x49\xbb\x1c\xe6\xa2\x92\x4f\xff\x00\x55\
\x23\xaa\x31\x09\x64\xff\x00\xf5\x54\x6c\xdf\xad\x0c\x6a\x37\x6a\
\xcd\xc8\xe8\x8c\x47\x16\xc5\x46\xcd\x91\xc7\x4a\x69\x6c\x1a\x61\
\x7f\x7e\x6a\x39\x91\xb4\x62\x3b\x7f\x1d\x69\x33\x9e\x4d\x37\x76\
\x5b\x1e\xd9\xa0\xb7\x19\xa5\x29\x74\x3a\x21\x1b\x8d\x76\xcf\x4a\
\x0b\x60\x7f\xf5\xe9\x33\xf5\xfc\xa9\x19\xb6\xd4\xf3\x33\xa6\x31\
\x1d\xd2\x90\x54\x64\xe4\xf3\x48\x4f\xcb\xd7\x8f\xe5\x53\x7e\xa6\
\xb1\x88\xec\xee\x6c\xd2\x39\xc2\xd2\x8a\x8d\x9b\x71\xa0\xda\x28\
\x6b\x9f\x96\xa3\x73\x94\xa7\x38\xe7\xfd\xea\x8d\xce\x5b\xe9\x41\
\xb4\x62\x18\xa8\xda\x4d\xdc\x50\xc4\x93\xeb\xcd\x26\x31\x41\xa2\
\x40\x46\x16\x9e\x54\x13\x51\x96\xf9\xbf\xa5\x3c\x49\xff\x00\xd6\
\xa9\x7b\x95\x18\x90\xea\xfa\x3d\x9e\xbf\xa4\x5c\x69\xfa\x85\xa5\
\xae\xa1\xa7\xde\x2e\xc9\xed\x6e\x62\x59\xa1\x9d\x73\x9c\x32\x30\
\x20\xf3\x83\xc8\xe0\x80\x7a\xd7\x1d\xac\x78\x13\x59\xf0\xdd\x84\
\xf1\x68\xb3\xcd\xae\x69\x32\xc6\xd1\xb6\x95\xa8\x5c\xee\xbb\xb7\
\x52\x31\x8b\x7b\xa9\x0e\x5c\x7a\x47\x70\x49\xf4\x99\x40\x0b\x5d\
\xc8\x34\xf5\xc9\x15\x9f\x2a\xe6\xe6\xeb\xdc\xd2\x2e\x56\xe5\xe9\
\xd8\xf9\xae\xdb\x55\xbf\xf0\xcc\xb7\x10\x44\xb2\x5c\x5b\x42\x76\
\xdd\x58\x5d\xc4\xc9\x24\x19\xec\xf1\xb0\xdc\x84\xf5\x07\x18\x61\
\xc8\xc8\xc1\xaa\xd7\x5a\x16\x9b\xe2\xc0\xd2\x68\xf3\x7d\x8e\xef\
\xab\x58\x5c\xb6\xdc\x9f\xf6\x18\xff\x00\x23\xfa\x57\xd1\x1e\x2b\
\xf0\x46\x9b\xe3\x58\x23\x5b\xfb\x7d\xd3\x40\x08\x82\xe6\x36\xf2\
\xee\x2d\xf3\xd7\x63\x8e\x70\x7b\xa9\xca\xb7\x75\x35\xe4\x7e\x3c\
\xf8\x25\xa8\x68\x45\xa7\x8e\x37\xd5\x2d\x57\xe6\x17\x36\x90\xff\
\x00\xa4\xc4\x3f\xe9\xa4\x2b\xf7\xbf\xde\x8b\x39\xe4\xec\x41\x5e\
\x95\x1c\x56\xbd\x9f\xe0\x79\xb8\xac\xbf\x9d\x5d\x6b\xf9\x9e\x59\
\xa8\x5b\xdc\x69\xd7\x6f\x6f\x71\x14\x90\x4c\x9f\x79\x1d\x76\x91\
\x55\xde\x4e\x79\x6a\xec\xe4\xd5\x7e\xd5\x61\x1c\x3a\x94\x71\x6a\
\xda\x7b\x64\x43\x70\x1b\x2c\x9f\xee\x48\xbc\x83\xed\xd3\xd4\x56\
\x4e\xa5\xf0\xfa\x69\x50\xcd\xa2\xbb\xea\x91\x63\x71\xb7\xdb\xfe\
\x97\x18\xff\x00\x74\x7f\xac\x1e\xe9\xcf\x04\x95\x00\x66\xbd\x48\
\xd4\x4d\x1f\x39\x5b\x0b\x28\x33\x9e\x23\x70\xeb\x48\x23\xc7\xde\
\xe6\x9b\x15\xca\xce\xb9\x52\x1b\x3e\xfd\x2a\x78\xd7\x23\xa7\xe3\
\x55\xcc\x61\xca\x11\x26\x4f\x43\x57\xad\x62\xe7\x9f\x7a\x86\x18\
\xb9\xad\x0b\x48\xf1\x59\x4c\xd6\x32\xb1\x76\xc2\xd7\x73\x57\x47\
\xa2\xe9\xfe\x63\x8f\x73\x59\x3a\x74\x58\x2b\xfe\x79\xae\xbb\xc2\
\xd6\x9e\x6c\xe8\xbe\xa7\x8a\xe5\xa8\xec\xae\x6b\xce\xec\x6b\x69\
\x5a\x5e\xd5\x1f\x2d\x74\x5a\x5e\x8d\xbc\x8c\x2f\xe9\x53\x69\x1a\
\x2f\x0b\xba\xba\x1b\x48\x21\xb1\x87\xcc\x91\x96\x34\x1f\xc4\x7f\
\xa7\xf8\x57\x95\x57\x10\xad\x64\x73\x57\x8c\x9a\xb2\x19\xa6\x68\
\xab\x12\x8c\xd5\xab\xfd\x46\xdb\x48\x87\xf7\x8d\xf3\x63\x88\xd7\
\x96\x35\x4a\xef\x59\x9a\x75\x2b\x6c\xa6\x14\xff\x00\x9e\x8c\x3e\
\x76\xfa\x0e\xdf\xcf\xe9\x5e\x91\xfb\x1a\x7e\xc3\xbe\x2a\xfd\xb7\
\x7e\x23\x5d\x69\xfa\x44\xc3\x47\xf0\xde\x8c\xc8\x75\xdd\x7e\xe2\
\x33\x2a\x5a\x6e\xe5\x61\x89\x32\x3c\xeb\x87\x5e\x42\x64\x05\x5f\
\x99\xc8\x05\x15\xfc\x7c\xc3\x34\xc3\xe1\x28\x4b\x13\x89\x9a\x8c\
\x23\xbb\xfe\xb7\xf2\x4b\x56\x76\xe5\x3c\x2f\x5f\x19\x5a\x30\x92\
\x77\x7d\x16\xff\x00\x37\xd3\xfa\xd8\xf2\x59\xfc\x43\x19\x91\xe4\
\x95\xa3\x8c\x31\xee\x78\x1d\xab\x43\x4f\xba\x4b\xa4\x0c\xac\x1d\
\x7b\x62\xbf\x66\x7e\x05\xff\x00\xc1\x33\x7e\x07\xfc\x08\xb0\x81\
\x74\xff\x00\x01\x68\xfa\xfe\xa5\x0a\x8d\xda\xbf\x89\x61\x4d\x5e\
\xfa\x56\xe8\x5c\x19\x54\xc7\x09\x3d\xc4\x09\x1a\xff\x00\xb3\xd6\
\xbc\x7f\xfe\x0a\x93\xfb\x02\x7c\x3d\xb4\xfd\x9f\x75\xaf\x89\x1e\
\x15\xd1\x34\xcf\x07\xf8\x9b\xc3\x2d\x6f\x2c\xeb\xa5\xdb\x2d\xad\
\x9e\xaf\x0c\x97\x11\xc4\xe9\x34\x28\x02\x79\x80\x48\x59\x65\x50\
\x1b\x2a\x03\x16\x53\x81\xf9\xfe\x5b\xe2\x46\x5f\x8a\xc7\x47\x0b\
\x1a\x72\x4a\x6e\xca\x4e\xdb\xb7\x65\x75\xd1\x7c\xd9\xfb\x22\xe1\
\x2a\xf8\x4c\x37\x33\x6b\xdd\x5b\x2e\xcb\xcc\xfc\xd7\x4b\x3d\xdd\
\xaa\x4f\xb1\xe4\xf7\xf7\xad\x5b\x5d\x3f\x31\x2f\xcb\xda\xa5\xfe\
\xcf\xda\x3a\x62\xbf\x42\x96\x22\xc7\x97\x19\x58\xc1\x6b\x2a\x85\
\xad\x39\xae\xbb\xc3\x9e\x17\x1e\x22\xf1\x6e\x8f\xa6\xb4\x8d\x14\
\x7a\x9d\xfc\x16\x8f\x22\xae\x5a\x35\x79\x15\x4b\x00\x7b\x80\x49\
\xa6\xf8\xb7\xc2\x6b\xe1\xdf\x12\xea\x56\x08\xcd\x2a\x59\x5d\x4b\
\x02\xbb\x28\xdc\xea\x8e\x54\x13\xee\x71\x5a\x52\xc5\x26\x10\xc7\
\x43\xdb\xfd\x5e\xfe\xf5\xb9\xbe\x57\xb6\xfe\xa7\x1e\xd6\xb8\x3f\
\xe1\x50\xcb\x06\xde\xc6\xb7\x67\xd3\xf6\x9e\x56\xb7\xbe\x0b\xfc\
\x03\xf1\x4f\xed\x23\xf1\x36\xcf\xc2\x3e\x0e\xd3\xd6\xfb\x56\xbc\
\x53\x2c\x92\x4c\xe6\x3b\x5d\x3e\x05\x20\x3d\xc4\xf2\x60\xec\x8d\
\x4b\x28\x24\x02\xc4\xb2\xaa\xab\x33\x2a\x9d\x2a\x63\x29\xd2\xa6\
\xea\xd5\x7c\xb1\x8a\xbb\x6f\xa2\x3b\xe1\x27\x36\xa3\x1d\xcf\x3e\
\x72\x23\x3c\xf1\xf5\xa5\x83\x12\x37\x1f\x35\x7e\xaf\x7c\x03\xff\
\x00\x82\x30\xfc\x28\xf8\x73\xa7\x41\x37\x8c\xe3\xbc\xf8\x8d\xaf\
\xe3\x32\xc9\x79\x34\x96\x9a\x6c\x4d\xdc\x45\x6b\x13\x8c\xae\x3f\
\xe7\xb3\x48\x49\x19\x1b\x73\xb4\x70\x9f\xf0\x51\x9f\xf8\x25\x7f\
\xc3\xff\x00\x05\xfc\x00\xf1\x47\xc4\x8f\x87\x3a\x7b\x78\x4f\x54\
\xf0\x5d\x8c\x9a\xce\xa3\xa6\xc5\x71\x24\x9a\x7e\xa5\x65\x0a\xef\
\xb8\xda\x8e\x58\xc5\x32\x44\xac\xe9\xe5\x90\xae\x50\xa3\x26\x5c\
\x48\x9f\x13\x85\xf1\x2b\x27\xad\x8d\x58\x38\xf3\x7b\xce\xca\x4d\
\x7b\xb7\x7a\x2e\xbc\xc9\x3e\xf6\xf5\xb2\xd4\xf6\xa5\x92\xd7\x8d\
\x2f\x69\x2b\x7a\x1f\x9d\x11\xd9\xee\x5e\x07\x5a\x7f\xd8\xf7\x0f\
\xbb\xde\xb4\xad\x6c\x58\x20\xe2\xa5\xfb\x09\x1f\xfe\xaa\xfb\x89\
\x56\x49\x9e\x62\x31\x8d\x9f\x1d\x33\x51\xc9\x69\xde\xb7\x5e\xc3\
\x8f\xfe\xb5\x43\x35\x87\x1c\x51\x1c\x42\x35\x8a\x39\xdb\x98\xb6\
\xb5\x56\x71\x85\xfc\x71\x5a\x1a\xcc\x7e\x4d\xeb\x27\xb0\x35\x9b\
\x23\xff\x00\x3c\xd7\xad\x4d\xde\x29\x9a\x59\xec\x32\x46\xc1\xf6\
\xa8\x8b\x6e\x39\xa7\x38\x25\x69\xb8\xae\x84\x3e\x50\xce\x28\x2d\
\xc5\x21\xe2\x91\x9f\x68\xf7\xa0\x39\x47\x63\x34\x74\xa6\x86\x27\
\xf8\x69\xc0\x50\x69\x18\x8d\xfb\x8b\x4d\xa5\x90\x73\x9f\xc2\x92\
\x82\x86\xc8\x7e\x5a\x6d\x04\x60\xe3\xfb\xb4\x1e\x94\x02\x1a\xbc\
\x0a\x76\x68\x06\x8c\xd6\x86\xc1\x9a\x33\x46\x68\xcd\x00\x19\xa3\
\x34\x85\xb6\xd3\x19\xb7\x37\xd3\xa5\x00\x39\x9f\x68\xa6\x99\x33\
\xdb\x91\x4d\xce\x0d\x2e\x38\xa9\x93\x1a\x57\x10\x92\xc7\xff\x00\
\xad\x4d\x73\xc8\xa7\x12\x40\xe9\xfa\xd4\x6c\xf9\xff\x00\xf5\xd4\
\x8b\x54\xc9\x53\x94\x14\xa3\xe5\x1d\x29\x14\xfc\xa2\x8c\xe6\x83\
\x6b\xae\xa0\xc3\x75\x2d\x00\xe4\x51\x40\xd0\x0e\xb4\x50\x45\x19\
\xaa\x8e\xc5\x85\x14\x51\x54\x01\x45\x14\x50\x01\x45\x14\x50\x01\
\x45\x19\xa3\x75\x00\x14\x51\x9c\xd1\x9c\x50\x01\x45\x19\xa3\x34\
\x00\x66\x93\x6d\x28\xe9\x45\x05\x24\x35\x8e\x05\x3a\x9b\xf7\xb1\
\xd3\xd6\x9d\x41\x40\x79\xa2\x80\x68\xa0\xcc\x29\xac\xfb\x69\x5c\
\xed\x5a\x61\x39\x34\x00\x31\xdc\x7f\xa5\x46\xc7\x7d\x3a\x43\x51\
\xbb\x63\x81\x40\x03\xb7\x6f\xce\xa3\x73\xc5\x0e\xd8\xe0\x53\x71\
\x8a\x04\xc4\xfb\xa2\xa3\x77\xe3\x93\xf8\x52\xc8\xfd\xea\x12\xd9\
\x3f\xfd\x7a\x89\x6e\x65\x29\x58\x0b\x73\xfe\x34\xc6\x6c\x9e\x33\
\x4b\x23\x67\x8f\xeb\x4d\xce\x07\xff\x00\x5e\x91\x98\x8c\xc5\x47\
\x7f\xca\x98\x49\x27\xbf\xe5\x41\x7c\xff\x00\xfa\xe9\xad\x27\x1c\
\x7f\x3e\x94\x00\xe2\xd8\xef\xfa\x53\x19\x8b\x1a\x4c\xee\xff\x00\
\xf5\xd3\x4b\xfa\x7f\x3a\x00\x1d\xf8\xc5\x30\xb6\x29\x4f\xca\x3f\
\xfa\xf5\x1e\x76\x8f\xfe\xbd\x00\x0c\xdc\x93\x51\xbb\x9f\xcf\xda\
\x87\x7c\x9f\xfe\xbd\x46\xef\x83\xfc\xb9\xa0\x04\x66\xc9\xe4\xd4\
\x6c\x73\x4a\xed\x93\x50\xb7\x0d\x59\xb0\xbf\x73\xf4\x12\x07\xda\
\xb5\x23\xbf\x1e\x95\x0c\x07\x35\x21\xe9\x58\xc2\x47\xf9\x9b\x28\
\x6a\x19\xe6\x9a\xc7\x3e\xc3\xf9\xd1\xd6\x9a\xc6\xb5\xb9\x51\x88\
\x31\xc0\xfe\x55\x19\x19\xa7\x31\xe7\x9a\x69\xeb\x53\xcc\x76\x52\
\xa6\x07\xa5\x35\x9b\x34\x13\x93\x4d\x73\x81\x48\xef\xa7\x4c\x6b\
\xb6\xe3\xc7\x4a\x6b\x9c\x0c\x50\x5b\x68\x34\xc6\x6c\x50\x75\xc2\
\x22\x33\x63\x15\x1c\x8d\xb1\x69\xc4\xe6\xa2\x77\xe6\x83\xbe\x9d\
\x31\x8e\x70\x30\x29\x84\xfc\xbd\xff\x00\xc6\x95\xce\x3f\xad\x46\
\xe7\x68\xe3\xad\x07\x6c\x20\x0c\xe0\x66\xa1\x66\xc1\xa1\x8e\x3a\
\xd3\x59\xbf\x3a\x0e\xc8\x44\x1c\xec\x5c\x66\xa1\x76\xa7\x33\x73\
\x51\x3f\x06\x83\xaa\x9c\x04\x63\x82\x31\x4c\x67\xc0\xa5\x63\x81\
\x51\xbb\xf1\x41\xd5\x4e\x03\x64\x6c\x9f\xfe\xb5\x46\xc7\xff\x00\
\xaf\x4e\x63\x80\x4f\x7a\x66\x71\x41\xd9\x18\x88\xc7\x8f\x4a\x8c\
\xb6\xda\x56\x6d\xc2\x9a\x4e\x07\xbf\xf2\xaa\x89\xd1\x0a\x77\x10\
\x73\xfe\x7a\xd3\x5d\xb1\xc7\x73\x4b\xd0\x52\x3b\x60\x7b\xd5\x1d\
\x94\xe9\xd8\x8d\xb8\xfa\xff\x00\x3a\x47\xe3\xe5\xfc\xe9\xe0\x54\
\x6f\xf7\xb8\xa0\xea\x8c\x44\x66\xda\x2a\x20\x31\x4e\x63\xf3\x53\
\x18\xf3\xfc\xe8\x37\x8c\x46\x39\xdd\xd3\xf0\xa8\xdd\xb6\x8a\x91\
\xdb\x03\x15\x0b\xe0\x0f\xf3\xc5\x07\x4d\x38\x8d\x2d\x93\xd6\x99\
\xf7\xa9\x59\xb7\x1a\x63\x1e\x31\xf9\xd0\x75\x46\x22\x3b\xff\x00\
\xf5\xaa\x17\x39\xe6\x86\x7c\xf5\xa8\xdd\xf9\xf7\xac\xe4\xce\x88\
\xc4\x1d\xf7\x77\xfa\xd4\x2e\xdf\xfe\xba\x73\x37\x1c\x54\x32\xb6\
\x38\xac\xe5\x2e\x86\xf1\x41\x24\xb8\x3f\xe7\x9a\x68\x65\xe9\x50\
\xb4\x84\x35\x74\xde\x08\xf8\x41\xe2\xcf\x88\xda\x7f\xda\xf4\x1d\
\x06\xf3\x52\xb7\xf3\x8d\xac\x46\x37\x8d\x5e\xf2\x65\x0a\xcd\x0d\
\xba\x33\x07\xb8\x95\x55\xd0\xb4\x70\x87\x65\x0e\xa4\x80\x18\x67\
\x1a\x95\x21\x4e\x3c\xf5\x1a\x8a\xee\xdd\x8e\xbc\x3d\x09\xd4\x97\
\x2d\x38\xb6\xfc\x95\xcc\x15\x18\x1c\x50\x58\xb1\xa7\x6a\x16\x97\
\x1a\x46\xab\x75\x63\x7b\x6d\x73\x63\x7d\x65\x29\x86\xe6\xd6\xe6\
\x26\x86\x6b\x77\x1d\x51\xd1\x80\x65\x61\xdc\x10\x08\xa8\xc0\x0d\
\x45\xf4\xba\x3a\x23\x4d\xad\x18\x16\x0b\x93\xde\xa3\x2d\x80\xcd\
\x52\x32\xe7\xf0\xa8\x65\xe7\xf5\xa4\xdd\xcd\xa3\x11\x1a\x5c\xf7\
\xc5\x0c\xd9\xf4\xaa\x5a\xd5\x95\xc6\xa1\xa3\x5e\x5b\xda\xde\x49\
\xa6\xdd\x5c\x40\xf1\xc1\x77\x1c\x49\x2b\x5a\xbb\x29\x0b\x20\x47\
\x05\x58\xa9\x21\xb6\xb0\x20\xe3\x07\x8a\x87\xc1\xda\x35\xf7\x87\
\xbc\x39\x6b\x67\xa9\x6b\x57\x5e\x20\xbf\x84\x30\x97\x50\xb8\xb7\
\x86\x09\x2e\x09\x62\x46\x63\x89\x55\x17\x00\x80\x30\x33\x85\xc9\
\x24\xe4\xd4\x5d\xa9\x59\x2d\x3b\xe9\x6f\x4d\xef\xf8\x5b\xcc\xe8\
\x8c\x17\x2d\xef\xf2\xfd\x7b\x7e\x26\x98\xdc\x3d\xa9\x01\xc1\xc0\
\xa1\x8e\xf3\x4b\xf7\x16\xaa\xe5\x46\x23\x24\x38\xdd\x50\xbb\x0d\
\xbf\x5a\x92\x4f\xb8\x6a\x36\x4c\xff\x00\x4a\xae\x63\x45\x12\x30\
\x39\xa5\x27\xe5\xa5\x28\x10\x75\xa4\x07\x8a\x68\xa1\x88\x9b\x7d\
\xa9\xea\x7f\xce\x69\x19\xb9\xfd\x29\xbd\xe9\x5a\xec\xda\x9c\x7b\
\x93\x23\x6e\x26\x9d\x8a\x88\x70\x3f\x9d\x20\x39\x3d\x6a\x6c\xce\
\x88\xc4\x93\x7e\x57\xaf\x1d\x28\x32\x6c\x3d\x39\xa8\xd8\x81\x4b\
\xbc\x7f\x78\x50\x6b\xca\x73\x7e\x2e\xf8\x5d\xa5\xf8\xb2\x49\xae\
\x31\x25\x8e\xa1\x30\xf9\xee\xad\x76\x86\x98\xff\x00\xd3\x54\x60\
\x63\x97\xd3\xe7\x52\x40\xe8\x57\xad\x79\x8f\x89\x3e\x0f\xf8\x87\
\xc2\xd2\x34\xd6\x96\x31\xea\xd0\xa9\xce\xfd\x35\xf6\x3e\x3d\x4d\
\xbc\xad\xb9\x7f\xed\x9c\x92\x93\xd9\x57\xa5\x7b\x9f\x5a\x6b\x26\
\xea\xd6\x9d\x69\xc3\xe1\x67\x35\x6c\x1d\x3a\xab\xde\x47\xce\xba\
\xc5\xad\x8f\x8b\x66\x65\xd7\x2d\x6f\x6c\x75\x4c\x73\x7d\x1c\x06\
\x3b\xc5\x3d\xbc\xe8\x9f\x68\x98\x7f\xbd\xb2\x4e\x9f\xbc\xc0\xda\
\x79\xad\x7f\xc1\x1a\x97\x84\xe1\x17\x13\x08\xaf\x34\xd7\x60\x91\
\xea\x16\x84\xbd\xbb\x31\xe8\xac\x48\x0d\x1b\xf5\xf9\x24\x55\x63\
\x8c\x80\x46\x09\xf7\xff\x00\x1b\x7c\x21\xff\x00\x84\xf7\xc7\x1a\
\x6e\xa9\x79\xae\x6a\x50\xe9\xda\x75\xbb\xc2\x74\xc8\x12\x31\x14\
\xec\xc4\x92\xec\xec\x09\x07\xee\x74\xe9\xb3\x82\x37\x36\x79\x6d\
\x7f\xe1\xde\xb3\xf0\xfe\x79\x2e\xb4\x97\x9e\xf6\xc9\x94\xac\x82\
\x34\xdd\x26\xc3\xd5\x64\x8f\x91\x22\x1e\xe0\x02\x0f\x70\x05\x7a\
\x34\x71\x91\x96\x8f\x46\x7c\xfe\x33\x28\xa9\x0f\x7a\x1e\xf2\xfc\
\x7e\x68\xf2\x2b\x66\xdf\x8c\x56\x95\x94\x58\x3f\xe3\x5b\x85\xb4\
\x1d\x69\x1a\x66\xd3\xc5\xbc\x8c\x79\x93\x4f\x98\x47\x19\x3d\xf3\
\x1b\x06\x51\xf4\x4d\x80\x7a\x53\x63\xb7\xb1\xb7\x6c\xc1\x15\xc3\
\xfb\xce\xe0\xfe\x80\x0f\xd4\x9a\xd2\x75\xa2\x91\xe2\xfb\x19\xde\
\xd6\x1f\xa4\x5b\x33\x15\x3f\xc2\x3b\x9a\xee\xfc\x09\x0a\x49\xa8\
\xc2\x8b\xf3\x67\x24\x9f\xc0\x9a\xf3\xb9\xbc\x53\x04\x13\x6d\x46\
\xfb\x44\x9d\x02\xa7\xdd\x1f\x53\xd3\xf2\xcd\x75\x3f\x08\xe4\xb9\
\xd5\xbe\x21\x69\x66\x59\x0e\xdc\xcd\xb6\x25\xe1\x07\xee\x24\xed\
\xdf\xea\x73\x5e\x2e\x37\x30\x82\x8b\x8c\x77\x3d\x1c\x3e\x5f\x51\
\xeb\x3d\x0f\x5a\x82\x3f\x2d\x78\xf4\xcd\x6b\xeb\xde\x1e\x55\xf1\
\x5c\x91\xc6\xa4\xf9\x70\x5b\x80\x39\x3b\x58\xc1\x19\x7c\x7d\x58\
\xb1\x38\xee\x4d\x5c\xd2\x7c\x0d\x71\x7c\x01\x91\x4d\xbc\x67\xbb\
\x0f\x98\xfd\x07\xf8\xd7\x62\x74\x98\xe5\xbd\x9a\xe3\xcb\x51\x24\
\xc7\x2c\x40\xf6\x03\xf9\x01\x5f\x2b\x53\x1c\x93\xee\x7d\x1e\x0f\
\x27\x9c\x97\x33\x56\x47\x18\x9e\x15\x66\xb7\x3f\x2e\x38\xaf\xd8\
\xdf\xf8\x27\xa7\xc3\xad\x07\xe1\xbf\xec\x4b\xf0\xee\xcf\xc3\xd1\
\xc7\xe5\xea\x3a\x54\x7a\xa6\xa3\x28\xc1\x92\x7d\x42\x7f\x9e\xec\
\xbb\x63\x25\x96\x6d\xf1\x8c\xe7\x6a\x44\x88\x38\x41\x5f\x94\xf2\
\x58\x79\x71\x31\x00\x67\x07\xb5\x7d\x0f\xf0\xb7\xf6\xbe\xf1\xef\
\xec\xb2\xda\x96\x83\xe1\xbb\x8d\x26\xfb\x45\x5b\xa7\x92\x3d\x3f\
\x56\xb5\x7b\x88\x2d\x9d\xb9\x66\x8c\xa4\x91\xba\xee\x3c\x95\x0d\
\xb7\x39\x3b\x41\x2c\x4f\xc6\xf1\x96\x53\x88\xce\xb0\x0a\x86\x1e\
\x49\x4a\x32\x4e\xcf\x67\xa3\x5f\x7e\xba\x1f\x5f\x90\xe2\x28\xe5\
\xd8\x9e\x69\xad\x1a\x7a\xf5\x5b\x1f\xa6\xb6\xf1\x33\x38\x55\x1b\
\x98\xf4\x02\xbe\x08\xff\x00\x82\xa7\xfe\xd9\x5a\x7f\xc4\x2d\x1a\
\x4f\x85\x1e\x13\xbc\x87\x50\xd3\xe3\xb9\x8e\x6f\x12\x6a\x10\xb0\
\x78\x64\x92\x19\x16\x48\xac\xa2\x6f\xe2\xdb\x2a\x2b\xc8\xcb\xc0\
\x68\xd5\x01\x27\xcc\x55\xf3\x3f\x8c\x9f\xb7\x7f\xc5\x6f\x8d\x3a\
\x24\xda\x5e\xa1\xad\xd9\xe8\x7a\x4d\xd2\x18\xee\x6c\xf4\x2b\x53\
\x66\xb7\x2a\x7a\xab\xc8\xcc\xf3\x15\x23\x20\xa8\x90\x2b\x02\x41\
\x04\x57\x87\x9d\x37\xc8\xf2\xa0\x86\x17\x77\x91\x84\x51\x45\x12\
\x16\x69\x18\x9c\x2a\xaa\x8e\x49\x24\x80\x00\x19\x27\x81\x5e\x1f\
\x0a\x70\x3b\xc0\xd7\x8e\x33\x1d\x25\x29\x47\x58\xa5\xb2\x7d\xdb\
\xee\xba\x25\xeb\x7e\x87\xb7\x9b\xf1\x12\xaf\x0f\x61\x41\x3b\x3d\
\xdf\xf9\x19\x11\xe9\xfb\x0e\x07\xf2\xa7\x1b\x0e\x2b\xd1\x7c\x7b\
\xfb\x32\xfc\x44\xf8\x51\xe1\x6b\x7d\x7b\xc4\xde\x08\xf1\x0e\x89\
\xa2\xdc\x28\x71\x79\x71\x6d\xfb\xb8\x41\x20\x0f\x3b\x69\x26\x02\
\x49\x00\x09\x42\x12\x48\x18\xcd\x72\xb0\x59\xac\xc3\xa6\x6b\xf4\
\x8f\xac\xc6\xa2\xe6\xa6\xd3\x5e\x4e\xe7\xcb\xca\x9c\xa1\xa4\xd5\
\x84\xf8\x55\xa6\xef\xf8\xbd\xe1\x25\xfe\xf6\xad\x09\xff\x00\xbe\
\x72\xdf\xfb\x2d\x27\xc4\xed\x37\x3e\x3e\xd7\x7f\xec\x21\x71\xdb\
\xfe\x9a\x35\x74\x9f\x0a\xf4\xbd\x9f\x17\xfc\x22\x71\xc0\xd5\x01\
\xff\x00\xc8\x32\xd5\xaf\x18\xe8\xf6\xdf\xf0\xb3\x75\x49\x2f\x2d\
\xa4\xbb\xb5\x5d\x4e\x57\x9a\x04\x9b\xc9\x69\x93\xcc\x24\xa8\x7c\
\x1d\xb9\xe9\x9c\x1c\x56\xb4\xeb\x5a\x37\x3e\x7b\x9a\xd9\xdb\x5f\
\xf4\xe5\x7f\xe9\x72\x3c\xa6\x7d\x2c\xba\xb1\x03\x3f\x85\x7e\xa0\
\x7f\xc1\x21\x3e\x0c\xe9\x7e\x03\xfd\x90\x2d\x7c\x4d\x6f\x12\xb6\
\xb5\xe3\xab\xdb\x9b\x9d\x4a\xe0\x8f\x9b\x65\xb5\xcc\xf6\xd0\x40\
\x0f\x5d\x88\xb1\xb3\xe3\xb3\xcd\x21\xef\x5f\x02\x78\xaf\x4e\xb0\
\xd6\xbc\x4d\x79\x79\xa6\xe8\xf6\xfa\x0d\x85\xc3\x83\x06\x9f\x6f\
\x34\xb3\xc7\x6a\xa1\x40\xc0\x79\x59\x9d\x89\x20\xb1\x2c\x7a\xb1\
\xc0\x03\x00\x7b\x97\xec\x79\xfb\x74\x6b\x5f\xb2\x8e\x81\x73\xe1\
\xdb\xad\x1f\xfe\x12\x6f\x0a\xcd\x33\xdc\xc1\x6c\x2e\xbe\xcf\x71\
\xa7\x4a\xe7\x2e\x62\x62\xac\xac\x8e\x72\x4c\x64\x0f\x99\x8b\x06\
\x19\x60\xdf\x39\xc5\xd8\x7c\x4e\x3f\x2e\x78\x7c\x36\xf7\x4d\xab\
\xa5\x74\xba\x76\xde\xcf\xe4\x7d\x9e\x4b\x8a\xa7\x43\x11\xed\x2b\
\x6d\x63\xf4\xa7\xc9\x21\xb8\xaf\x8d\x7f\xe0\xae\xbf\xb5\x45\x87\
\x87\x3e\x16\x5d\x7c\x23\xd1\x6e\x63\xba\xf1\x27\x8a\x56\x2f\xed\
\xd1\x19\xcf\xf6\x4e\x9e\x19\x64\x31\xb9\xe9\xe6\x5c\x6d\x54\x11\
\x9e\x7c\x96\x91\x8e\xdd\xd1\x96\xe2\xfe\x33\x7f\xc1\x58\x7c\x69\
\xe3\x2d\x26\x6d\x3f\xc1\xbe\x1f\xb1\xf0\x52\xcc\xa5\x1f\x51\x9a\
\xe3\xfb\x42\xf9\x47\xac\x40\xa2\xc5\x1b\x7b\xb2\xc9\xed\x83\x82\
\x3e\x49\xbc\xb0\x9a\xfe\xfe\xe2\xea\xee\x6b\x8b\xcb\xcb\xc9\x5a\
\x7b\x8b\x9b\x89\x5a\x59\xae\x25\x63\x96\x91\xdd\x89\x66\x66\x24\
\x92\xc4\x92\x4f\x26\xbe\x3f\x86\x78\x2e\x74\x31\x51\xc6\x66\x1a\
\x72\xbb\xa8\xad\x6e\xfa\x37\x6d\x2c\xbb\x75\xeb\xa1\xf4\x59\x86\
\x75\x09\xc3\xd9\xd1\xd6\xfd\x4e\x4e\x3d\x27\xca\x40\x3b\x01\x8a\
\x71\xb0\xc2\xf4\x18\xfa\x57\x45\x2e\x97\x81\x55\xdf\x4f\xaf\xd5\
\x25\x8a\xb9\xe0\xc5\x98\x2d\x69\x83\xff\x00\xd6\xa8\xe4\xb2\xc9\
\xfe\x58\xad\xc9\x2c\xb0\x7d\xaa\x16\xb2\xdd\xff\x00\xea\xa3\xeb\
\x36\x66\xf1\x3c\xe3\xc6\x4b\xe4\xeb\xcc\x9f\xf4\xcd\x0f\xf3\xac\
\x76\x7f\x97\xde\xb7\x3e\x24\xa7\x91\xe2\xd7\x51\xff\x00\x3c\x23\
\x3f\xfa\x15\x60\x9e\x6b\xec\xf0\x72\x4e\x84\x1f\x92\x37\x8c\x6f\
\xa9\x1b\x0c\x9f\xf1\xa3\x9a\x53\xc3\x1a\x2b\xac\xad\x06\xb1\xc1\
\xa4\x0f\xcf\xdd\x3c\xd2\x73\x9f\x7e\xf4\x0f\x98\xd0\x03\xfe\xe8\
\xe9\x48\x64\xff\x00\x26\x9a\x47\x34\x50\x00\x4e\xe3\x41\x38\xa2\
\x82\x68\x02\x37\xea\x73\xf8\x52\x37\x5a\x56\xcf\xbe\xdf\x4a\x17\
\xe6\x6f\xc6\x82\xa3\xb8\x51\x41\x1b\x4f\xeb\x45\x68\x68\x14\x13\
\x8a\x33\x4d\x90\xe4\xd0\x03\x4f\x2c\x4d\x23\x1a\x52\x71\x4d\x3c\
\xd0\x3b\x36\x03\x91\xfd\x69\xc3\xa5\x00\x73\x45\x66\x6a\x97\x44\
\x04\x64\x54\x38\xc1\xc5\x4d\x9a\x6c\x9d\x45\x00\x0b\xca\x8f\xa0\
\xa5\xdb\x9a\x10\xfc\xa3\xe9\x4a\x4d\x57\x28\x07\x4a\x1b\xa5\x14\
\x86\x8b\x21\xa1\x0b\x6d\x14\x67\x8f\xc2\x86\x1c\x53\xa8\xbf\x61\
\xdc\x01\xcd\x14\x11\x9a\x4c\x63\xa5\x1c\xc5\x0b\x45\x26\xea\x08\
\xcd\x3b\xa0\xb0\xb4\x66\x93\x60\xa5\x0b\x8a\x65\x72\x88\x4e\xd5\
\xa4\xdd\xed\x9f\x4c\x50\xed\xc3\x0f\xf2\x69\xaa\xdb\x41\xa0\xa1\
\xc2\x51\x41\x93\x0d\x8e\x68\x5c\x15\xc7\xeb\x41\x0a\xcd\xd3\x3e\
\xf4\x00\xee\xf4\x94\xb4\x50\x2b\x00\xe2\x8a\x07\x34\xa1\x68\x18\
\xc0\xb8\x6a\x75\x28\x4c\x7f\x85\x2e\xcf\xf3\x8a\x02\xe8\x6f\x7a\
\x08\xe6\x8d\x9c\x75\xfc\xe8\xce\x28\x33\x23\x75\xc1\xcd\x23\x36\
\xda\x7c\x9c\x8f\xa7\x6a\x8a\x43\xc8\xa0\x06\xbb\x60\x6e\xa8\x8b\
\xf2\x4d\x39\xf0\x46\x3f\x1a\x6b\x0d\xa2\xa7\x98\x06\x9e\x5f\x34\
\xd9\x1b\x8c\x53\x89\xc0\xa8\x99\xba\xd0\xec\xcc\xc6\x39\xdc\xdf\
\x4a\x6b\x70\x3f\xfa\xd4\x72\x7d\x7f\x3a\x08\xc8\xef\x52\x64\xdd\
\xd8\xc2\x77\x1f\xfe\xb5\x32\x53\xcd\x38\x03\xef\xf9\xd3\x64\xeb\
\x40\x86\xb7\x0b\xff\x00\xd6\xe9\x51\xff\x00\x9e\x94\xe9\x07\x1f\
\xfd\x7a\x63\xfd\xdf\xfe\xbd\x00\x23\x36\xef\xff\x00\x57\x5a\x67\
\x98\x33\xff\x00\xd6\xa5\x63\xb4\x7f\xf5\xea\x33\xc7\x5c\xd0\x00\
\x4e\x39\xfd\x2a\x32\x71\xd4\xfe\x62\x86\x6e\x72\x73\x51\x9e\x9f\
\xfd\x7a\x00\x57\x7c\xff\x00\xfa\xba\xd4\x32\x36\x29\xce\x7f\x21\
\x51\x39\xc9\xa4\xf6\x18\xbb\xb2\x33\xe9\x51\x3b\x60\xfd\x79\xa5\
\x2d\xf3\x7b\x54\x79\xcd\x45\xcc\xa5\xb9\xfa\x09\x6f\x2e\x45\x3c\
\xb6\x6a\xb5\xb1\xca\xff\x00\x2a\x9c\x48\xd5\xcf\x4c\xff\x00\x36\
\x65\x1d\x47\x13\xc7\xf0\xd3\x4b\x60\x53\x5b\x8f\xc6\x93\x39\xeb\
\x56\x6b\x0a\x62\xf7\xff\x00\x1a\x69\x34\x13\x9a\x6e\x70\x29\x9d\
\xf4\xe0\x05\xb1\x51\x93\xd4\xd2\xbb\x6e\x34\xc2\xd9\xa8\xd5\xec\
\x76\x42\x22\x33\x66\xa2\x66\xc9\xa7\x3b\x92\x48\xed\x51\xb1\xff\
\x00\xeb\xd2\x3b\x29\x53\x06\x7d\xc6\xa3\x63\xcd\x05\xb7\x0f\xc6\
\x99\x23\x56\x87\x7d\x38\x0c\x67\xc0\xa8\x99\xb3\xff\x00\xea\xa5\
\x76\xcb\x54\x65\xb1\x41\xdd\x4e\x9d\xc1\x9b\x07\xfc\xf1\x51\x33\
\x73\x4a\xff\x00\x2d\x44\x5f\x14\x1d\x74\xe8\x8a\xcd\x8a\x8d\x9f\
\xbd\x05\xb0\x2a\x36\xe7\x96\xa0\xec\x85\x30\x27\x3f\xfe\xaa\x69\
\xeb\x41\x6c\x8f\xe7\x51\xc8\xfc\xd0\x74\x46\x00\xef\x9c\xd4\x6e\
\x78\xa5\x3d\x29\x0b\x64\xf4\xa0\xea\xa7\x4c\x6e\xde\x3b\x53\x4f\
\x14\x19\x39\xe2\x9a\x56\xa8\xec\x8d\x30\x63\xb4\x53\x68\x7f\x97\
\xf1\xa6\xb3\x71\x4e\xe8\xe8\x8c\x01\xdb\x68\xa6\x1e\x94\x13\x9d\
\xd4\xc6\x39\xfa\x53\xb9\xbc\x60\x23\x1e\xf5\x11\x6d\xab\x4e\x63\
\x93\xcd\x44\xcd\x93\xde\x83\xa6\x10\x10\xb6\x72\x78\xa8\x9c\xee\
\x26\x9e\xed\xbe\xa3\x73\xcf\xb0\xa0\xea\x8c\x46\x96\xda\x2a\x32\
\x7e\x5a\x74\x8f\xbb\xff\x00\xd5\x51\x48\xd8\x15\x2e\x46\xf1\x88\
\xc7\x38\x15\x19\x39\x34\xf2\x70\x3d\xaa\x23\xf2\xa7\xe9\x59\x4b\
\x63\x78\xc4\x6c\xcf\xff\x00\xd6\xaa\xf3\x9e\x0d\x49\x21\xe3\x1d\
\xea\xbc\xe7\x27\xf3\x15\x87\x31\xd1\x18\x91\x96\x2c\x2b\x85\xff\
\x00\x82\x86\x59\x43\xa8\xd8\x7c\x0d\xd3\xee\x23\x49\xad\x6d\xfc\
\x01\x73\x76\x91\xc8\xbb\x95\x64\x9f\xc4\x7a\xd0\x76\x00\xf7\x22\
\x28\xc1\x3d\xc2\x2f\xa0\xae\xe9\x38\x7a\xe3\x7f\xe0\xa0\xcb\xb3\
\x51\xf8\x27\xff\x00\x64\xd5\x4f\xfe\x5c\x5a\xe9\xae\x7a\x9e\xf5\
\x6a\x49\xf7\x7f\xfa\x4c\x8f\x7b\x2a\x8d\x9c\xff\x00\xc3\xff\x00\
\xb7\x44\xcd\xf8\x63\xfb\x70\x78\x83\x46\xd1\xec\xfc\x3f\xf1\x0a\
\xce\x6f\x8a\x1e\x14\xb2\x8c\x5b\xda\x7d\xbe\xf8\xc3\xe2\x0d\x0e\
\x20\x08\x55\xb1\xd4\xd9\x5d\xd6\x35\xc8\x22\xda\xe1\x67\xb7\xc2\
\x80\xb1\xc6\x4e\xf1\xed\x5e\x1d\xf0\xce\x95\xf1\x6f\x41\xbc\xd6\
\xbe\x19\x6b\x52\xf8\xdf\x4a\xd3\xe1\x37\x5a\x86\x9c\xf6\x9f\x64\
\xf1\x26\x83\x08\xc6\xe7\xbc\xb0\x0e\xe5\xa2\x5c\xe0\xdc\xdb\x3c\
\xf0\x71\x96\x78\xcf\xc8\x3e\x2d\x0d\xc5\x58\xd1\xb5\x5b\xcf\x0d\
\x78\x82\xc7\x56\xd2\x6f\xaf\xb4\x8d\x63\x4b\x98\x5c\xd9\x5f\xd8\
\xdc\x3d\xad\xdd\x94\xa3\xee\xc9\x14\xa8\x43\xc6\xe3\xb3\x29\x04\
\x7a\xd1\x2c\x0f\x27\xbd\x87\x7c\xbe\x5f\x65\xfc\xba\x3f\x35\x6e\
\xed\x33\xd3\x9a\x8d\x4d\x2b\x2b\xf9\xf5\xfb\xfa\xfa\x3f\x95\x8f\
\xab\x22\x99\x67\x8d\x59\x59\x59\x1b\x90\xca\x72\x0d\x0d\x10\x6f\
\xc7\xb5\x73\x7e\x07\xfd\xb6\x74\x7f\x89\x52\xfd\x97\xe2\xe6\x9f\
\x35\xb6\xaf\x33\xf1\xe3\x9f\x0e\xd9\x46\x2e\x9d\x89\x24\xb6\xa7\
\xa7\x2e\xc8\xae\xf3\x9e\x67\xb7\x30\x4f\xc6\xe7\x17\x4c\x71\x5d\
\xf7\x88\xbc\x0b\x77\xa0\xf8\x6a\xc7\xc4\x16\xf7\x5a\x67\x88\x3c\
\x27\xab\x49\xe4\xd8\x78\x8b\x46\xb8\xfb\x5e\x97\x77\x2e\x37\x18\
\x4c\x98\x56\x86\xe0\x0c\x96\xb7\xb8\x48\xa7\x5c\x7c\xd1\x81\xcd\
\x4c\x71\x16\x97\xb3\xaa\xb9\x65\xf8\x3f\x47\xd7\xd3\x47\xd5\xa4\
\x72\x54\xc1\x4a\x2b\x9a\x1a\xc7\xbf\xf9\xae\x9f\x97\x99\x86\x22\
\xd8\x68\xe1\x57\xf4\xa7\xb1\xcd\x32\x41\xce\x6b\x5d\x4e\x6e\x41\
\x99\xef\x4a\x46\x45\x18\xa6\x19\x32\x3a\x53\xb9\x76\x11\x87\xde\
\x1f\x85\x46\x4e\x01\xf6\xa7\x96\xdb\x51\x39\xe1\xaa\x8a\x5a\x8d\
\x2d\x93\x93\x4c\x77\xc9\xc5\x3c\xae\x69\xb2\x1e\x2a\x93\x34\x8c\
\x46\x1e\x05\x3d\x57\x15\x19\x38\xeb\x4e\x47\xc0\xa1\x1b\x53\x8d\
\xb7\x1d\x21\xf9\x69\xbf\xc5\x43\x36\xe3\x40\xaa\x3a\x23\xb8\x52\
\x30\xcd\x0c\xd8\xfa\xd2\x16\x2a\x7f\x95\x16\x2d\x0a\x0e\x05\x29\
\x61\xdb\xf5\xa6\x17\x24\xf1\xfc\xa9\xbb\x99\x8d\x4f\x29\x64\xe1\
\x94\xd0\x3a\xe4\x1a\x87\x26\x9f\x1b\x8a\x2c\xcb\xe5\x33\xb5\xdf\
\x87\xba\x0f\x8a\xae\x1a\x6d\x4b\x49\xb3\xb8\xb8\x7f\xbd\x3a\x86\
\x86\x76\xfa\xc9\x19\x57\x3f\xf7\xd5\x63\xdc\xfc\x04\xf0\x7c\xeb\
\x89\x34\x79\xa4\x5f\xee\xb6\xab\x78\x57\xf2\xf3\x79\xfc\x6b\xac\
\xde\x3d\xea\x39\x25\xe2\x9b\x49\xee\x1e\xc6\x0d\xdd\xa5\x7f\x43\
\x95\x8b\xe0\x97\x83\xec\x8f\xee\xb4\x1b\x75\xc7\xad\xc4\xed\xfc\
\xde\xba\x9f\x84\x9e\x07\xd2\x74\xaf\x88\xba\x74\x96\x7a\x7c\x16\
\xf2\xc6\x26\xda\xeb\x92\x57\xf7\x2e\x0e\x32\x4f\x63\x50\x4b\x26\
\x2b\x7b\xe1\x12\xf9\xdf\x11\x6c\x57\xfd\x89\x8e\x3f\xed\x93\x57\
\x26\x36\x31\x58\x79\xbb\x2d\x9f\x4f\x23\xa6\x8d\x28\xf3\xa7\x64\
\x7a\x7f\xd8\x39\xff\x00\xeb\x52\x8b\x2c\x7a\xd6\xa2\xd9\xee\xec\
\x7f\xc2\xa4\x4b\x2a\xfc\xef\xda\x1e\x97\x29\x90\xd6\x39\x46\xe7\
\x3c\x1e\xf5\xd6\xf8\xae\xdc\xdc\x78\x9e\xf5\xc7\xfc\xb4\x75\x7f\
\xcd\x14\xd5\x18\xb4\x86\x90\x7e\x15\xbf\x79\x6c\x2f\x2e\x9a\x4f\
\xef\x05\x1f\x92\x81\xfd\x2b\x6a\x35\x2c\x99\xc3\x88\x8d\xa5\x17\
\xeb\xfa\x1c\xdc\xba\x79\x6e\xd5\xf4\x4f\xfc\x12\x8b\xe1\xe6\x9d\
\xe2\x5f\xda\xc2\xea\xfb\x50\xb7\x8e\xe2\x4f\x0e\xe8\x73\x5f\x58\
\x2b\x8c\xf9\x53\xb4\xb1\x45\xe6\x81\xea\xa8\xf2\x01\xe9\xbf\x3d\
\x40\x35\xe3\x3f\xd9\x59\x3e\xbf\x5a\xef\xff\x00\x65\xef\x8a\xb3\
\x7e\xce\x9f\x1b\x34\xbf\x14\xc7\x0c\xb7\x16\x6a\xaf\x65\xa9\xc1\
\x17\xdf\x9e\xd2\x4c\x6f\x0b\x9c\x02\xca\xca\x92\x00\x48\x04\xc6\
\x01\x20\x1c\x8c\x73\x0e\x7a\x98\x59\xd3\xa7\xbb\x5f\xd7\xde\x4e\
\x17\x11\x4e\x15\xe3\x29\xed\x73\xf5\x4e\xf6\xc6\x1d\x46\xca\x6b\
\x7b\x98\xe2\xb8\xb7\xb8\x46\x8a\x58\x64\x40\xe9\x2a\x30\xc3\x2b\
\x29\xe0\x82\x09\x04\x1e\x0d\x7e\x65\xff\x00\xc1\x43\xff\x00\x62\
\x2b\x6f\xd9\xb7\xc6\x16\x9e\x26\xf0\xad\xb9\x87\xc1\x3e\x23\xb8\
\x30\x1b\x35\xe5\x74\x6b\xc2\x0b\x88\xd3\xb8\x86\x45\x57\x28\x3a\
\x21\x56\x4c\x80\x63\x5a\xfd\x27\xf0\x57\x8d\x74\x8f\x88\xfe\x19\
\xb5\xd6\xb4\x2d\x42\xdf\x54\xd3\x2f\x93\x7c\x33\xc2\xd9\x07\xd4\
\x11\xd5\x58\x1e\x0a\xb0\x0c\xa4\x10\x40\x20\x8a\xf0\xef\xf8\x29\
\xcf\x88\x6c\x6c\x7f\x65\xab\xed\x1e\xe1\x90\xdf\x78\x86\xfa\xce\
\x1b\x28\xff\x00\x8b\x31\x5c\x47\x70\xef\x8e\xb8\x09\x11\x04\xf4\
\xcb\xa8\x3f\x78\x67\xe1\xf2\x5c\x55\x6a\x18\xa8\xc6\x3b\x49\xd9\
\xaf\xeb\xb1\xf5\x59\x95\x3a\x73\xc3\x4a\x72\xe8\xae\x9f\xf5\xdc\
\xfc\xe3\xf8\x69\xa6\xf9\x5f\x13\x7c\x2e\xf8\xfb\xba\x94\x7f\xaa\
\xb2\xff\x00\x5a\xd0\xf1\xc6\x97\xff\x00\x15\x86\xaa\xdb\x7e\xf5\
\xe4\xa7\xff\x00\x1f\x35\xa9\xe0\x7d\x27\xec\xfe\x3c\xf0\xfb\x7f\
\x77\x52\xb6\x1f\x9c\x8a\x3f\xad\x68\xf8\xf3\x49\xdb\xe2\xbd\x53\
\x8f\xf9\x7a\x97\xff\x00\x42\x35\xfa\x44\xaa\x7e\xef\x9b\xcc\xfc\
\xb6\x94\xaf\x9e\xbf\xfa\xf2\xbf\xf4\xb7\xfe\x67\x09\xfd\x9d\xb4\
\x7a\xd3\x5f\x4e\xc8\xed\x5b\xcd\x61\x83\x51\x3d\x96\x33\x8a\xe5\
\x95\x66\x7d\x4c\x6c\x73\xb3\xe9\xd8\xed\x55\x65\xd3\x79\xe9\xf9\
\xd7\x4b\x2d\x97\x3d\x31\xfd\x6a\xbc\xba\x71\xcf\xeb\x59\xfb\x66\
\x74\xc1\x76\x39\x89\x34\xee\x3e\xef\x7a\xab\x2e\x99\xb7\xda\xba\
\x99\x34\xdc\xd5\x59\x6c\x38\xa9\xfa\xc5\x8e\x88\x9c\xb4\xba\x76\
\x0f\xdd\xaa\xed\xa7\x65\xb3\x81\x5d\x2d\xc6\x9e\x08\xff\x00\x1a\
\xa7\x2e\x9f\xc9\xf9\x79\xaa\xfa\xcb\xee\x74\x46\x5a\x1e\x21\xf1\
\x76\x3f\x27\xc7\x85\x7d\x6d\x22\x3f\xab\xd7\x37\xd7\xf3\xae\xaf\
\xe3\xa2\x79\x3f\x11\x8a\xf4\xff\x00\x41\x84\xff\x00\xe3\xd2\x57\
\x26\x0f\x15\xfa\x7e\x5a\xef\x83\xa6\xff\x00\xba\x8e\xc8\xa7\x64\
\x35\xb9\x7a\x01\xc8\xa0\xfd\xe3\x48\x0f\x15\xda\x98\x08\xe3\xe6\
\x14\x12\x00\xa7\x1e\x6a\x36\x39\x6a\xa0\x0c\xe4\xd1\x49\x9f\xad\
\x19\xff\x00\x7a\x82\xb9\x58\xb9\xa6\xbb\x6d\x14\xb9\xff\x00\x7a\
\x90\xf3\xeb\xf9\x50\x1c\xa3\x73\x81\xd6\x9a\x0e\x1a\xa4\x23\x3e\
\xb5\x19\x3c\xff\x00\x15\x05\x45\x58\x5c\xe4\xd2\xe6\x9a\xbd\x68\
\xf3\x46\x6a\xe3\xb1\x40\xdf\x74\xfd\x29\x94\xaf\x26\xef\xa5\x34\
\x9c\xfa\xd3\x00\xdd\x4a\xa7\x8a\x54\x5e\x29\xfb\x7e\x5c\x54\xdc\
\xb8\x77\x19\x9a\x29\x59\x76\xfe\x82\x92\xa4\xd9\x0d\x61\x9a\x49\
\x07\x34\xf6\x38\x1c\xd4\x7c\x93\x40\xa4\x39\x47\xdd\xa5\xe7\x34\
\x89\xd4\xfe\x14\xac\x32\x2a\xfa\x0f\x71\x4f\x34\x8a\xbb\x69\x47\
\x4a\x2a\x05\x61\x19\x77\x52\xe6\x82\x70\x2a\x36\x6d\xf4\x14\x3f\
\x77\x34\xa2\xa3\x5e\x0f\xf2\xa9\x05\x2e\x64\x01\x45\x14\x50\x98\
\x20\xa0\xd1\x46\x69\xec\x5d\xee\x35\x95\x8b\x53\x56\x3d\xc7\xf1\
\xfc\xea\x4a\x2a\xb9\x86\x37\xca\xe2\x9a\xcb\xb0\x0f\xad\x49\x45\
\x2e\x66\x00\x06\x0d\x18\xc9\x14\x53\xa2\x1f\x2d\x3e\x62\x64\x01\
\x30\x29\x71\x8a\x5e\xa6\x9c\x23\xc1\xa9\xbb\x24\x67\xf9\xe9\x45\
\x4b\xde\xa3\x7f\xbf\xf8\x51\xcc\x00\x06\x2a\x36\x39\x7f\xe7\x52\
\x54\x7d\x49\xfa\xd4\xf3\x00\xd9\x0f\x35\x14\x9f\x78\x7d\x29\xec\
\x72\xc7\xda\x98\xe7\xe6\xa3\x98\x06\x49\xf7\x69\x84\x7c\xa6\x9d\
\x21\xa6\x3b\x7c\xb4\xb9\x89\xd4\x8d\xcf\xc9\xf5\xa6\x1f\xb9\xf8\
\x53\xe4\x3c\x7e\x35\x1b\xb6\xd5\xa4\x49\x19\xfc\x29\xb8\xf7\xa0\
\x82\x68\x70\x40\xa7\x73\x31\xa3\x8f\x4a\x64\x87\xe6\xfe\x1e\x94\
\xa4\x1a\x8c\x8f\x6a\x2e\xc0\x24\x3d\x3a\x54\x2e\x70\xc7\xa5\x3c\
\x93\x8a\x8a\x4e\x45\x3e\x60\xd0\x6b\x3e\x7d\x38\xa8\xd9\xf8\xcf\
\x14\x39\x27\x8f\x4a\x8d\x8f\x34\x73\x12\x1b\xb7\x1e\xd5\x1b\x3e\
\xef\x4a\x73\x1f\x5a\x61\x38\x53\xd7\xa5\x3b\x80\x8e\x7e\x5a\x8d\
\xfe\x51\x4e\x66\xda\x3b\xd4\x2d\x49\x8c\x1b\x8a\x8d\x9f\x07\xfc\
\x68\x27\x0d\x4c\x66\xc0\xef\xd2\xb3\x91\x12\xdc\xfd\x01\xb5\x39\
\x5a\x98\x4b\x8e\xb5\x5a\xd9\xb0\x95\x38\xe4\x75\xae\x78\xbb\x1f\
\xe7\x0f\xb3\xd4\x76\xf0\x7b\xd2\x16\xdc\x7d\xa9\x0e\x33\x48\x5e\
\xaf\x9f\xb1\xd1\x4e\x98\xac\xdb\x45\x34\xb0\x3f\x4a\x6b\x7a\x9e\
\x28\x67\xed\x4d\x4b\x43\xb2\x11\x1a\x5b\x27\xf0\xa8\xdd\xe9\xd2\
\x3e\xda\x85\x9f\x68\xe2\xa7\x63\xaa\x9c\x01\x8e\x46\x2a\x27\x6e\
\x31\x4a\xe7\x8a\x8d\x9b\x1d\xea\xa2\x77\x53\x80\xbb\xf8\xa8\xa4\
\x6a\x24\x7c\x8c\x54\x4c\xf9\x63\xcf\x15\x47\x75\x38\x8a\xed\xcf\
\xb6\x2a\x26\x7e\x33\x48\xef\xb8\xfd\x2a\x37\x6c\xd0\x7a\x54\xa9\
\x84\x8d\xef\x51\xbb\x73\xfe\x14\x8e\xdf\x9d\x31\xa4\xc3\x50\x77\
\x53\x88\xac\xd8\xa8\xc9\xdd\x48\xec\x10\x76\xcd\x47\xe6\x63\x9f\
\xc2\x83\xa2\x31\x1c\xed\xdb\x3f\x5e\x69\x9d\x7b\xd2\x06\x24\xd2\
\x13\x9e\xf5\x56\x36\x85\x3b\x8a\x5b\x35\x1b\xbf\xa5\x0e\xd9\x1e\
\xd4\xd5\x39\x34\x6c\x76\xd3\xa6\x3b\x3c\xd3\x19\xf9\xff\x00\xeb\
\xd2\x33\xfa\x53\x4b\x63\xff\x00\xd5\x52\x74\xc6\x20\xc7\xfc\xe6\
\x9a\x4e\x4d\x05\xb9\xa6\xb3\x02\x0f\xeb\x42\xd4\xe8\x8c\x46\xb3\
\x67\xfc\x69\xae\xf8\x18\xef\x48\xed\x8f\xd6\x99\x9f\x7a\xab\x75\
\x3a\x21\x4f\xab\x11\xf1\x8f\xfe\xbd\x44\xff\x00\x76\x9c\xc7\x70\
\xfe\x94\xc7\x6c\x8c\xfe\x54\x39\x1d\x31\x88\x8e\x71\xfe\x35\x0b\
\xbe\x7f\xaf\xbd\x12\x9c\x53\x4f\x02\xa6\xe6\xb1\x88\x84\xfa\x54\
\x44\xe6\xa4\x63\x9f\xad\x42\x5b\x68\xe3\xad\x23\x78\xc4\x6c\x87\
\x9a\x8d\xdb\x9f\x6a\x57\x6f\xfe\xb9\xa8\xa4\x6c\x2d\x61\x29\x5c\
\xde\x31\x1a\xef\x8f\xc6\xa1\x90\x7c\xbe\xb4\xb2\x31\xeb\x58\x9e\
\x19\xf1\xdd\xb7\x8a\xf5\xfd\x73\x4d\x86\xd7\x58\xb7\x97\xc3\xf7\
\x11\xdb\xcf\x2d\xdd\x8c\x96\xf0\x5c\x33\xa9\x60\x60\x76\x00\x4a\
\xa3\x1c\x95\xe9\xc7\x66\x52\x71\x9c\xd4\x5a\x4f\xae\xdf\x99\xdb\
\x46\x8c\x9a\x72\x5d\x37\x35\x95\x7e\x6c\xfe\x55\xc6\x7f\xc1\x43\
\x1f\x1a\x97\xc1\x4f\xfb\x26\x69\xff\x00\xa9\x16\xbb\x5d\xb0\xeb\
\x5c\x37\xfc\x14\x48\xe3\x52\xf8\x2b\xff\x00\x64\xce\x3f\xfd\x48\
\xb5\xda\xc7\xfe\x62\x29\x7a\xbf\xfd\x25\x9e\xce\x59\xa2\x9f\xa7\
\xfe\xdc\x8f\x32\xf8\x1b\xfb\x3e\xf8\xe7\xf6\x9b\xf1\x1e\xb9\xa2\
\xfc\x3d\xf0\xed\xdf\x8a\xb5\xaf\x0f\xe8\x92\xf8\x82\xeb\x4e\xb4\
\x74\x17\x52\x59\xc5\x34\x30\xc8\xd0\xa3\x10\x65\x90\x35\xc4\x64\
\x44\x99\x76\x19\x0a\xac\xd8\x53\xc5\x47\xa9\x7f\xa5\xdc\x5b\x49\
\x1c\xd6\xf7\x56\x73\x3c\x17\x16\xf3\xc6\x63\x9a\xde\x54\x25\x5e\
\x39\x11\xb0\xc8\xea\xc0\x82\xac\x01\x04\x10\x46\x6b\xef\x7f\xf8\
\x36\x89\x98\xff\x00\xc1\x47\xbc\x58\x03\x73\xff\x00\x0a\xd3\x50\
\xc7\xfe\x0d\x34\x9a\xfa\x17\xf6\x83\xf1\x1f\xec\x8b\xff\x00\x05\
\x53\xf8\xfd\xe3\x7f\x87\x7e\x3e\x8e\xeb\xe0\xff\x00\xc7\x2f\x09\
\xf8\x8b\x51\xf0\xa6\x9b\xe2\xb2\x62\xb5\x6d\x75\xec\xee\xa5\xb4\
\x89\x85\xc7\xfa\x8b\xa5\x7f\x29\x31\x6d\x76\x12\x55\xde\x52\x06\
\xcf\xef\x2b\xc9\xc6\x67\xf5\xb0\xd8\xe9\xe1\xdd\x37\x2a\x71\x49\
\xb7\x1d\x5c\x53\xea\xd7\x55\xe6\xb6\xf3\x3d\xe8\xe0\xe3\x2a\x51\
\x9d\xec\xdf\x7d\x99\xf9\x1b\x1c\xc3\x35\xd4\x7c\x23\xf8\xd1\xe2\
\x9f\x80\xfe\x22\xb9\xd5\x3c\x23\xac\x4b\xa5\xcd\xa8\x44\x2d\xf5\
\x0b\x67\x8a\x3b\x9b\x0d\x5a\x01\x9f\xdc\xdd\xda\xca\xad\x05\xcc\
\x5c\x9c\x24\xa8\xc1\x49\xc8\xc3\x00\x47\x51\xfb\x77\xfe\xc3\x7e\
\x3c\xff\x00\x82\x72\xfc\x68\x87\xc2\x3e\x38\xfb\x26\xa1\x61\xab\
\xc7\x2d\xcf\x87\xfc\x41\x62\xac\x96\x7a\xf5\xbc\x6c\xa1\xca\xab\
\x65\xa2\x9a\x3d\xf1\xf9\xb0\xb1\x62\x86\x45\x21\x9d\x19\x1d\xbc\
\xa2\x0b\xb5\x91\x46\xd2\x39\xfd\x2b\xde\xa3\x5a\x86\x32\x82\x9c\
\x6d\x28\x49\x7a\xa7\xfd\x7e\x07\x37\x2c\xe9\xca\xdb\x34\x7d\x67\
\xe0\x6f\x8f\xdf\x0f\x7e\x3a\x49\x1d\xbd\xe7\xf6\x67\xc2\x1f\x17\
\x4d\x80\x23\xb9\xb9\x96\x4f\x08\xea\x6e\x48\xff\x00\x57\x73\x21\
\x79\xf4\xc6\x39\x3f\x2d\xcb\x4d\x6f\xc6\x4d\xc4\x0b\x85\x1b\x3e\
\x36\xf0\x66\xb3\xf0\xe3\x5d\x5d\x2f\xc4\x1a\x6d\xd6\x93\x7c\xf1\
\x2d\xc4\x49\x2e\xd6\x8e\xea\x16\xfb\xb3\x43\x2a\x93\x1c\xd0\xb7\
\x55\x96\x26\x68\xd8\x72\xac\x47\x35\xf1\xc0\x6d\xe2\xbd\x2b\xe0\
\x9f\xed\x57\xe2\x8f\x82\x3a\x28\xd0\x55\x34\xef\x15\x78\x1e\x49\
\x8c\xf3\x78\x57\x5e\x47\x9f\x4d\x0e\xd9\xdd\x2d\xb3\x23\x24\xd6\
\x53\x9c\x92\x65\xb5\x92\x26\x63\x8d\xfe\x62\x8d\xa7\x19\x61\x6b\
\x52\x57\xa2\xf9\x97\x66\xf5\xf9\x49\xfe\x52\xff\x00\xc0\x92\x14\
\xa8\xd3\xa9\xbf\xba\xfb\xad\xbe\x6b\xfc\xbe\xe6\x7b\x43\x30\xce\
\xda\x8f\x1c\x75\x35\xad\xf0\xfa\xe3\xc2\x9f\xb4\x74\x8a\x9f\x0d\
\xef\xae\xad\x7c\x48\xe3\x2f\xe0\x6f\x10\x5d\xc4\x35\x77\x20\x02\
\x46\x9d\x74\x16\x38\x35\x31\xf7\xb1\x12\xac\x37\x44\x0c\x0b\x79\
\x30\x5c\xe3\xdc\xf9\x96\xb7\x97\x16\xb7\x10\xcd\x6f\x75\x69\x23\
\x43\x3c\x13\x46\x63\x96\x09\x14\x90\xc8\xe8\xd8\x2a\xc0\x82\x08\
\x20\x10\x47\x35\x14\xeb\x46\x6d\xa5\xa3\x5b\xa7\xa3\x5f\x2f\xc9\
\xad\x1f\x46\xce\x3a\x98\x79\xd3\xf8\xb6\xef\xd0\x69\x24\xff\x00\
\xfa\xe8\x73\x81\x8f\x5a\x6b\x3e\x47\x4a\x69\x3b\x45\x6e\x62\xa2\
\x2b\x36\xd1\x4c\x27\x1c\x9a\x33\x9f\xfe\xbd\x47\x21\x35\x46\xd1\
\x8d\x83\xaf\x5a\x58\x8f\x15\x81\xe3\xdf\x1c\xc1\xf0\xff\x00\x41\
\x17\xf7\x36\x7a\xd5\xfc\x6d\x2a\x43\xe5\x69\x9a\x7c\xb7\xd3\xe5\
\xb3\xcf\x97\x1a\x96\x0a\x31\xcb\x1e\x07\x03\xa9\x00\xef\x46\xf9\
\x00\xfc\xd8\x23\xb8\x20\x8f\xc0\xf3\xf8\x51\x19\xab\xb8\x5f\x5d\
\x3f\xe0\x1b\x46\x12\x51\xe6\xe8\x49\x9e\x28\x1d\x29\x01\xcd\x2d\
\x68\x54\x46\xb1\x04\xff\x00\x5a\x6f\xd4\xd2\xb1\xe0\x53\x4f\xcc\
\x69\xa5\x76\x6c\x90\x99\xdd\x49\xbf\x81\x8a\x73\x1c\x2f\xa5\x47\
\x8c\x8a\xd6\x31\x48\xb4\xac\x3c\x4b\x9a\x5d\xdf\x35\x47\xda\x9a\
\xed\x83\xc5\x4f\x22\xb9\xac\x51\x2b\x4d\xef\xf9\x1a\x89\xe5\xc8\
\xeb\x9a\x8d\x9b\xd7\xf9\x52\x6f\xdd\x43\x87\x63\x58\xc4\x24\x6c\
\x7f\x3a\xe9\xbe\x05\xfe\xff\x00\xe2\xad\x82\x7f\xd3\x2b\x83\xff\
\x00\x90\x9a\xb9\x59\x5b\x07\xad\x75\x9f\xb3\xba\xf9\xbf\x19\xb4\
\xb5\xfe\xf4\x17\x3f\xfa\x25\xeb\x8f\x31\x8d\xb0\x95\x7f\xc2\xff\
\x00\x23\x7a\x31\xf7\x8f\x78\x8b\x4f\xdc\x7a\x55\xeb\x5d\x27\x23\
\xee\xd5\xeb\x6b\x2d\xc7\xfc\xf3\x5b\x1a\x76\x91\xbd\x7f\x4a\xfc\
\xa7\x9c\xee\x71\x32\xad\xf4\x8d\xa3\xee\xf6\xab\xb0\xe9\xfd\x06\
\xde\x33\x5b\x49\xa4\x61\x7a\x55\x8b\x6d\x17\x8f\xba\x6b\xa2\x12\
\xb1\xe5\xe6\x15\xa3\x18\xd9\x99\x10\xe9\x5b\xbf\x87\xbd\x5b\x83\
\x47\xff\x00\x66\xb6\xe1\xd2\xb6\x7a\xd5\x98\x74\xdc\x01\xc5\x39\
\x55\x3e\x6e\xa6\x2b\x50\xf0\x0f\x8b\x7c\x41\xf0\xc6\xf6\x4b\x9f\
\x0e\xeb\x3a\x96\x8b\x34\xd8\x32\xfd\x96\x52\xa9\x36\x07\x1b\xd3\
\xee\xbe\x3b\x6e\x07\x1d\xa9\x3c\x73\xe2\x8d\x73\xe2\x4e\xae\xba\
\x87\x88\x75\x5b\xed\x62\xf1\x13\xcb\x8e\x4b\x99\x37\x79\x6b\x9e\
\x55\x57\xee\xa8\x27\x9c\x28\x00\x9a\xb0\xb6\x00\x0e\x94\x8f\x65\
\xe8\x2b\x9b\x96\x3c\xfc\xf6\x57\xef\xd4\xc2\x58\xca\x9c\xbc\x9c\
\xcf\x97\xb5\xf4\xfb\x8c\x5d\x07\x4f\xf2\x3c\x57\xa3\x3e\x3e\xee\
\xa5\x6a\xdf\x40\x27\x4a\xbf\xf1\x03\x4c\x2b\xe2\xed\x53\x8e\x7e\
\xd5\x27\xfe\x85\x56\x6d\x2c\x18\xeb\x56\x2b\x1a\xb3\x49\xf6\xa8\
\x8a\xaa\xf2\x49\x0e\xa6\xb7\xbe\x23\xe8\xa3\xfe\x13\x4d\x5d\x57\
\xf8\x6e\xdf\xf5\xc1\xfe\xa2\xbd\x27\x53\xf7\x09\x79\xfe\x87\x9b\
\x85\xc5\x28\xe6\xde\xd2\x5f\xf3\xed\xaf\xfc\x99\x33\xcd\x26\xd3\
\x19\x7e\xbf\x4e\xb5\x59\xec\x30\x4f\xcb\xff\x00\xd6\xae\xbe\x7d\
\x1b\x8e\x9f\xa5\x53\x9f\x49\xeb\xc5\x72\x39\x1f\x61\x4f\x12\x9e\
\xc7\x2c\xf6\x1c\xff\x00\x4f\x5a\x82\x6b\x10\x07\xdd\xfc\x2b\xa5\
\x9b\x4c\xda\x71\xfd\x2a\xef\x86\x3e\x19\xea\xde\x3b\xbc\x92\x1d\
\x2a\xd1\xa7\xf2\x71\xe6\xca\xcc\x12\x28\xb3\xd3\x73\x1e\x33\xec\
\x32\x4e\x3a\x56\x15\x2a\x28\xae\x69\x3b\x23\xd0\xa3\x3b\xbd\x0e\
\x12\x4b\x0e\x6a\x19\xb4\xed\xdf\xc3\x5e\x9d\xe2\xbf\xd9\xf3\xc4\
\xfe\x0f\xb4\x37\x17\x16\x30\xde\x5b\xa0\xcb\xc9\x65\x2f\x9d\xe5\
\xfd\x57\x01\xb0\x3d\x76\xe0\x7a\xd7\x17\x2d\x90\x75\xf9\x7a\x1a\
\xe6\x8e\x22\x33\x57\x8b\xb9\xe9\x44\xe5\x6e\xf4\xfc\x67\x83\x54\
\x26\xb2\xe7\xa7\x7e\x6b\xa9\xbc\xb2\x07\xdb\xfa\xd6\x74\xd6\x38\
\x7f\xc6\xae\x35\x4d\x3a\x1f\x36\x7e\xd1\x03\xca\xf8\xaa\xcb\xff\
\x00\x50\xf8\x3f\xf4\x29\x2b\x8b\xc9\xdb\xed\x5d\xc7\xed\x38\x9e\
\x5f\xc6\x39\x17\xfe\xa1\xb6\xf9\xfc\xde\xb8\x6c\xe5\x6b\xf6\x2c\
\xa6\x5f\xec\x34\xbf\xc2\x8f\x4a\x1f\x0a\x1e\xa3\x70\xa3\xcb\x3f\
\xec\xd3\x50\xe4\xfe\x14\xe3\x8a\xee\x07\x14\xc4\x06\x98\xe9\x83\
\xff\x00\xd7\xe9\x4e\x3d\x7f\xfa\xd4\x8c\x70\xa7\xfc\x2b\x45\xb0\
\x92\xb0\xcc\x0f\x6f\xce\x8c\x0f\x6f\xce\x8c\xe7\xd7\xf2\xa3\x77\
\xbf\xe9\x41\x41\x81\xed\xf9\xd1\x81\xed\xf9\xd1\xbb\xde\x8d\xd8\
\x1d\x69\x5c\x2c\xc1\xb0\x07\xff\x00\x5e\xa3\xeb\xe9\xf9\xd2\xb3\
\x16\xa6\x17\xe7\xd6\x9d\xca\xe5\x60\x5f\x9f\xa5\x20\x34\xbd\xff\
\x00\xad\x18\xaa\x8b\x2b\x95\x0d\x63\x91\xd6\x8e\x29\xc4\x50\xa8\
\x4d\x0d\x13\xca\x3a\x31\xf2\xd3\xa8\x03\x02\x8a\x93\x44\x04\x6e\
\x15\x18\xa9\x2a\x3f\xe2\x3f\x5a\x0d\x06\xc9\xf7\x7f\x95\x35\x8e\
\x05\x3a\x42\x31\xfc\xaa\x39\x3e\xed\x02\x24\x46\xca\xd3\x87\x5a\
\x8e\x36\xc0\x1e\xf8\xfc\x29\xc6\x4f\x4a\x6d\x8c\x76\x71\x4d\x67\
\xf4\xa6\x13\xeb\x4d\xf3\x3d\x05\x2b\x80\xf3\xf3\x75\xa3\x35\x19\
\x24\xf7\xa6\xb3\xed\xfc\x7a\xd4\xb6\x04\xd9\xa6\xf9\x98\xe3\x71\
\xa8\x1a\x5c\x7a\x54\x6d\x73\x83\xf4\xef\x52\x4b\x65\xd5\x9b\x9e\
\xbf\xa5\x39\x5f\x26\xb9\x7f\x15\x78\xfe\x1f\x08\x36\x9e\xb3\x58\
\xeb\x17\xdf\xda\x17\x2b\x6a\xa3\x4f\xb0\x7b\xaf\x24\x9e\x8d\x26\
\xde\x55\x3f\xda\xae\x89\x1f\x1f\x7b\xae\x7a\xd4\x46\xa4\x5c\x9c\
\x53\xd5\x6f\xf3\x1c\x6e\x58\xa3\x1c\xf1\x4d\x59\x32\x70\x69\xd9\
\xab\x18\x83\x39\xa5\xa3\x3c\xd0\x68\xbb\x34\x41\x45\x1f\x88\xa3\
\x05\x87\xe9\x54\xa4\x00\x17\x71\xa9\x07\x4a\x45\x5d\xa2\x94\x71\
\x54\x4c\x85\x43\x83\x8a\x7d\x46\x3e\x53\x4f\x0c\x0d\x04\x8b\x51\
\xc8\x32\xff\x00\x85\x48\x4e\x2a\x32\x72\xd5\x98\x0d\x90\xe0\x7d\
\x69\x8c\x76\xad\x2b\xb6\x4f\xd2\xa2\x91\xf8\xcf\xe5\x40\x08\xed\
\x8f\xa9\xa8\xa4\x6c\x71\x9e\x7d\x73\xd2\x95\xe4\x23\xeb\x51\x17\
\xdb\xeb\x53\xcc\x02\x33\xe3\xff\x00\xaf\x4d\xcf\xbf\xeb\x43\x37\
\x73\x51\x92\x49\xc9\xfe\x54\x73\x00\xf7\x6d\xd5\x14\xcd\xcd\x39\
\xdf\x15\x0b\x49\x82\x69\x5c\xca\x41\x9c\x53\x4e\x5b\xbd\x19\x27\
\xd7\xf2\xa6\xb3\x1a\x39\x8c\xee\x2b\xe3\x6f\x6f\xce\xa3\x3d\x69\
\x72\x4f\xaf\xe5\x4d\x66\x27\xff\x00\xd5\x49\x31\x11\xc8\x70\x3f\
\xc2\xa2\x90\xe7\xfc\xf4\xa7\xc8\x7f\x4a\x85\xdc\x63\xeb\x5a\x16\
\x88\xdf\x8e\xfd\x7a\x54\x67\x8a\x74\x98\xa6\xb1\xf4\xaa\x10\xd6\
\x39\x3e\xb4\xd7\x21\xbf\xfd\x74\x34\x87\xb7\xf2\xa8\xdd\xf0\x31\
\x54\x48\xd9\x0e\x7d\x38\xa8\xdd\xa9\x64\x39\xa8\x9d\xb1\xd2\xa1\
\xb1\xec\x81\x98\xaf\xd6\xa3\x3d\x3f\xfa\xf4\xae\xfb\x6a\x22\x49\
\xfe\x55\x12\x31\x3f\x41\x2d\x8f\x1f\x85\x48\x40\xf5\xa8\x6d\xce\
\x63\xed\xd6\xac\x66\xb9\x4f\xf3\xc3\x90\x4c\x60\x51\x9e\x69\x29\
\x1b\x81\xfd\x28\x36\x84\x04\x73\x9e\x86\x9a\xc7\x6d\x05\xf6\x8a\
\x8d\x9f\x9c\xd6\x88\xea\xa7\x4f\x51\x1c\x91\xcd\x46\xed\xb6\x95\
\xdf\x1f\x5f\x4a\x8d\x9a\xa9\x47\xa9\xdd\x08\x08\xcd\x51\xbb\xe0\
\xd2\xbb\x63\x35\x0b\xbe\x3f\xfd\x55\x47\x65\x38\x03\xb6\x7e\x5a\
\x86\x47\xc0\xcd\x38\x9c\xfd\x2a\x36\x6c\xb7\xb5\x07\x65\x28\x6a\
\x21\x6e\x39\xa8\x9d\xf0\x29\xce\xf5\x0b\xb6\xf3\x41\xe9\x53\x88\
\xd6\x6c\x03\xef\x4d\x66\xda\x69\x58\xf5\xa8\x9d\xb2\x79\xa0\xec\
\x8c\x41\x9b\x68\xa6\x1c\x93\x48\xc3\x75\x35\x8e\xe3\xed\x54\x91\
\xd3\x4e\x23\x8c\x9e\x94\xcc\x73\x4b\x9a\x8d\xce\xe0\x00\xaa\x3a\
\xa9\xc4\x56\x6c\x92\x29\x8c\x76\x8f\xe9\x43\x36\xde\x07\x5f\xe5\
\x51\x93\xea\x7f\x3a\x99\x1d\x51\x89\x23\x36\x0f\xff\x00\x5e\x99\
\x9c\x7f\x5a\x4f\xf5\x6b\x4d\x66\xcf\xd2\xa4\xe9\x8c\x45\xdd\xbb\
\x77\xd3\xad\x31\x9b\x8f\xa7\x4a\x1a\x40\x2a\x32\x77\x1f\x6a\xa3\
\xaa\x10\xb6\xa0\x4e\x4f\x34\xd6\x3b\x8f\xd2\x86\x39\xa6\x3b\xf6\
\x1f\x89\xa4\xdf\x63\xa2\x31\x11\x9f\x23\xdb\xf9\xd4\x2c\xfb\x8f\
\xff\x00\x5e\x9d\x23\x0c\xe3\xd2\x98\x4f\x34\x8d\x63\x11\x24\xe7\
\xf0\xa8\xdc\xf5\x34\xb2\x1e\xd4\xc6\x38\x56\xfa\x54\x49\xe8\x6d\
\x18\x8d\x63\xdd\xaa\x16\x3c\x67\xfc\x8a\x73\x9c\x9f\xa5\x46\xed\
\xb8\xfd\x2a\x25\x26\xcd\xe3\x11\xa4\xe0\x66\xa3\x6e\x41\x3e\xd4\
\xa4\xe7\x93\x50\xbc\x99\x6f\x7a\xce\x47\x54\x22\x24\x83\x9f\xad\
\x26\x4e\x00\xdc\xc4\x7b\xd1\xfe\x7e\x94\xa5\xbe\x5f\x6a\x9b\xb3\
\x68\xc4\x4c\xe0\xd7\x11\xff\x00\x05\x13\x5f\xf8\x9a\xfc\x14\xff\
\x00\xb2\x63\x17\xfe\xa4\x3a\xed\x76\x85\x8e\x4d\x71\xbf\xf0\x50\
\xf1\xbb\x51\xf8\x28\x7f\xea\x99\xc7\xff\x00\xa9\x06\xbb\x59\x45\
\x7f\xb4\xd3\xf5\x7f\xfa\x4b\x3d\xac\xb5\x69\x3f\x4f\xfd\xb9\x1e\
\xdd\xff\x00\x06\xd2\x5d\xc7\x69\xff\x00\x05\x28\xf1\x02\x49\x24\
\x71\xb5\xdf\xc3\x8d\x4a\x28\x43\x30\x06\x57\x1a\x8e\x94\xfb\x57\
\xd4\xed\x56\x6c\x0e\xca\x4f\x40\x6b\xe7\xef\xf8\x29\x7f\xc1\x5f\
\x15\x7c\x14\xfd\xb4\xfe\x2b\x47\xe3\x4f\x0c\xea\x7a\x2d\xaf\x8b\
\xfc\x67\xae\xeb\x3a\x35\xc5\xec\x07\xec\x9a\xc5\x9d\xcd\xfc\xf3\
\xc7\x2c\x12\x8c\xc7\x28\x31\xca\x85\x95\x58\xb2\x16\xda\xe1\x58\
\x11\x5e\x27\xa4\xea\xd7\xfe\x19\xd7\xac\x75\x6d\x1f\x51\xd4\x34\
\x5d\x63\x4b\x99\x6e\x6c\x75\x0d\x3e\xe9\xed\x6e\xec\xa5\x5f\xbb\
\x24\x52\xc6\x43\xc6\xc3\x3c\x32\x90\x79\x35\xfa\x09\xfb\x38\xff\
\x00\xc1\x73\xed\x7c\x7b\xf0\xf5\xbe\x17\x7e\xd6\xde\x0e\xb1\xf8\
\xa9\xe0\x5d\x43\x6c\x4f\xe2\x18\xb4\xe8\xe5\xbe\xb6\x03\x85\x92\
\xea\xd1\x40\x59\x59\x33\xb8\x5c\x5b\x79\x73\xa6\xd0\x42\x4b\x21\
\xdd\x5e\x76\x33\x0b\x8b\xc2\x63\xa5\x98\x61\xe3\xed\x23\x24\x94\
\xa2\xb4\x92\xb7\x58\xf4\x7e\x9b\xbe\x87\xb1\x2a\x70\xaf\x45\x52\
\x6e\xcd\x6a\xbb\x1d\xaf\xfc\x16\x6f\x49\x1e\x3f\xff\x00\x83\x73\
\xfe\x0b\xf8\xa7\x50\x2d\x75\xae\x78\x6e\xc3\xc2\xba\x84\x17\xce\
\x77\x5c\x29\x9b\x4f\x36\xd2\x7c\xe7\xe6\x3b\xd6\x50\x5b\x27\xe6\
\x2a\xa4\xf2\x01\x1e\xa7\xfb\x7e\xff\x00\xc1\xbd\xde\x10\xf8\xc1\
\xe2\x9d\x43\xc4\x5f\x04\x75\x4d\x37\xe1\xdf\x8a\xee\xbc\xcb\xa9\
\x3c\x33\x76\xa7\xfb\x03\x52\x60\xcb\xb9\xa1\x08\x0c\x96\x38\x2e\
\xb9\xf2\xd6\x48\x46\x50\x08\xa3\xdc\x58\xf0\x1f\xf0\x5e\x0f\x8f\
\xbf\x06\xf5\x2f\xf8\x22\xa6\x83\xe1\x3f\x85\x3e\x2e\xf0\xbe\xb7\
\xa1\x6a\x9a\x96\x8d\xa2\x78\x6e\xc3\x4d\xd5\x3e\xd7\x3d\xbd\xa5\
\x94\x65\xf6\xc8\x8e\xcd\x3a\x18\xa2\x85\x11\xfc\xe0\x1d\x5d\x95\
\x5f\xe7\x60\x0f\xd0\x5f\xf0\x5a\x7f\xd9\x17\xe3\x27\xed\x03\x2f\
\xc3\xdf\x17\xfc\x11\xbe\xfb\x37\x8c\x3e\x17\xcf\xaa\x5c\x2c\x56\
\x9a\xa7\xf6\x76\xa9\x30\xba\x16\x81\x4d\xac\x8d\x88\xd8\x8f\xb3\
\x30\x78\xe4\x91\x03\xab\xe3\xe7\xc9\x53\xf1\x39\x6d\x5a\xd1\xab\
\x49\x46\xaf\xb0\x52\x95\x5d\x64\xb4\x5a\x45\xa5\x25\xda\xfa\x3e\
\xd7\xbf\x43\x4a\xdc\xf0\xa7\xac\x79\x9e\x9f\x3f\x4f\xc5\xf9\x9f\
\x8a\x5f\x1b\x7e\x09\x78\xd7\xf6\x62\xf8\x91\x71\xe0\xff\x00\x88\
\xbe\x17\xd5\x3c\x23\xe2\x3b\x75\xf3\x56\xda\xf1\x01\x8e\xee\x2c\
\x95\x13\x41\x2a\x93\x1c\xf1\x12\x08\xf3\x22\x66\x5c\x82\x09\x0c\
\x08\x1c\xdc\x52\xee\xe9\xe9\x5f\xad\xbf\x1f\xf5\xbd\x6f\xfe\x0a\
\x35\xff\x00\x04\x0f\xf1\x87\x8c\x7e\x2d\x78\x6d\xf4\x7f\x8b\x9f\
\x07\xd2\xfe\xed\xee\x6e\xf4\xa7\xd3\xaf\x2d\x6f\xb4\xc9\x15\xa6\
\x71\x03\x85\x68\x4d\xcd\xa7\xee\xe6\x8f\x68\x4d\xee\xc5\x51\x76\
\x46\x17\xe3\x5b\x6f\xf8\x23\xcf\xc5\x0f\x1b\x7e\xc4\x9f\x0e\xfe\
\x37\x7c\x34\xdb\xf1\x13\x4d\xf1\x66\x81\x16\xa9\xaa\xf8\x7e\xce\
\x30\x9a\xc6\x95\x37\xcc\x25\x16\xe8\x09\x5b\xb4\x56\x46\x1b\x50\
\xac\xe0\xe1\x44\x72\x1c\xb0\xfb\x4c\xbf\x88\xa9\x4a\x0e\x18\xd6\
\xa1\x35\x27\x07\x67\xee\xb6\xb5\xba\x7d\x9f\x4b\xb0\xf6\x2e\x49\
\x38\x2d\x2d\x7f\x33\xe5\xd9\xad\xa3\xba\x8c\xac\x8a\xac\xbe\x84\
\x57\xbc\xf8\x1f\xf6\xe3\xbe\xd4\xec\xec\xf4\x7f\x8b\x1a\x6d\xdf\
\xc4\x1d\x26\xd5\x56\x0b\x6d\x7a\x19\xd6\xdf\xc5\x9a\x4c\x43\x00\
\x04\xbc\x70\x56\xfa\x35\x5c\x81\x05\xe8\x90\x81\x85\x8e\x6b\x71\
\xcd\x7c\xf9\x6d\x7f\xe6\x4d\x34\x2e\xb2\x45\x35\xbc\x8d\x0c\xf0\
\xc8\x86\x39\x60\x91\x4e\xd6\x47\x53\x82\xac\xac\x08\x2a\x40\x20\
\x82\x08\xab\x7b\x89\xf5\xaf\x72\xb5\x0a\x55\x92\xe7\x5b\x6c\xf6\
\x6b\xd1\xee\xbf\x5d\x9e\x84\xc6\x4e\x3a\x7e\x07\xd8\x72\xf8\x1a\
\xdf\xc4\x3e\x0b\xba\xf1\x57\x82\x75\xdb\x4f\x1f\x78\x46\xc5\x16\
\x4b\xfb\xdb\x18\x1a\xde\xff\x00\x41\x0d\x9e\x35\x2b\x17\x26\x5b\
\x4e\x41\x1e\x6e\x64\xb6\x62\x3e\x49\xde\xb9\xd8\xe5\x59\x57\x2a\
\xd9\x07\xa1\x06\xbe\x71\xf0\x47\x8d\xb5\xcf\x86\x5e\x31\xb1\xf1\
\x1f\x86\x35\xad\x5b\xc3\x9e\x20\xd3\x58\xb5\xa6\xa5\xa6\x5d\xbd\
\xad\xd5\xb1\x23\x0c\x16\x44\x21\xb0\xc3\x21\x97\x38\x60\x48\x20\
\x82\x45\x7b\xc7\x83\xbf\x6a\xef\x07\xfc\x58\x93\xec\xff\x00\x12\
\x6c\xa1\xf0\x37\x88\x9c\x61\x7c\x5d\xe1\xbd\x28\x1d\x2a\xf5\xf0\
\x30\x75\x1d\x2a\x00\x04\x44\xe0\x96\xb8\xd3\xd4\x63\x76\x4d\xa4\
\xad\x96\xae\x39\x46\xb5\x1f\x8f\xde\x8f\x74\xbd\xe5\xea\x96\xfe\
\xb1\xd7\xfb\xbd\x48\x96\x1e\x9c\xfe\x0d\x1f\x67\xb7\xc9\xff\x00\
\x9f\xde\x6b\x13\x9f\xa5\x15\xb1\xe3\x4f\x87\x7a\xbf\x80\x6c\xb4\
\xdb\xeb\xc5\xb3\xbe\xd0\x75\xcd\xc7\x48\xd7\xb4\xbb\x95\xbe\xd1\
\xf5\x95\x52\x43\x1b\x6b\xa8\xfe\x47\x23\x1f\x34\x67\x6c\xa9\xd1\
\xd1\x1b\x8a\xc9\x52\x08\xad\x29\xd4\x8c\xe3\xcd\x4d\xdd\x79\x1c\
\xd2\xa2\xe0\xed\x22\x23\x1b\x16\xf9\x7a\x7a\x0a\x5a\x95\xbe\x5a\
\x88\x35\x74\x45\x36\x2e\x51\xc3\x86\x14\xfc\xe6\xa3\x07\x9e\x69\
\x4b\xf1\x81\xf9\xd3\xea\x5a\x42\x33\x6e\xfe\x54\x8d\xc2\xd0\x4e\
\x39\xf4\xa6\xff\x00\x8d\x6b\x15\x63\x48\xa0\xc9\x2b\x8a\x6b\x1d\
\xa2\x93\xcc\xda\x38\xa6\xbb\x77\x6a\xa3\x44\x81\xce\xe3\x4d\x2f\
\x8f\xff\x00\x5d\x35\x9f\x75\x21\xf9\x68\x36\x8c\x41\xdb\xf3\xa6\
\xb3\xfc\xdf\x85\x34\x9a\x61\x70\xd4\x6c\x74\x46\x98\x92\xca\x6b\
\xb4\xfd\x99\x57\xce\xf8\xeb\xa4\x2f\xfd\x30\xba\xff\x00\xd1\x0e\
\x6b\x87\x98\xe3\xf9\x57\x79\xfb\x26\xa7\xda\x3f\x68\x5d\x1d\x7a\
\xff\x00\xa3\xde\x7f\xe9\x3c\x95\xc1\x9a\x3f\xf6\x2a\xaf\xfb\xb2\
\xfc\x99\xbd\x3f\x88\xfa\x9a\xce\xcb\x74\x95\xe9\x1e\x0e\xf0\x0d\
\xac\xfa\x05\xbd\xd4\xcd\x37\x9b\x38\x2c\x54\x30\x0a\x06\xe2\x07\
\x6c\xf4\xc7\x7e\xf5\xc9\xe9\xfa\x7e\x4f\xdd\xaf\x4e\xd3\x24\x4b\
\x1d\x0a\xca\x3e\xeb\x6f\x19\xe3\xb6\x54\x1f\xeb\x5f\x8e\xc6\xa3\
\xb1\xe4\x71\x16\x32\xa5\x0a\x31\xf6\x52\xb3\x6f\xf4\x31\xef\xbc\
\x3f\x6d\x66\x9f\xbb\x89\x41\xf5\xeb\x54\x46\x9e\xa2\xb7\x2f\x9f\
\xcc\xfe\xf1\x24\xf0\x00\xce\x4f\x6f\xce\xbd\xc3\xe1\x57\xec\x38\
\x7c\x47\xa0\x47\x7d\xe2\xbb\xfd\x47\x49\x9e\xe4\x06\x8a\xc6\xcc\
\x46\xb2\xc2\xbd\xbc\xd6\x75\x61\xb8\xff\x00\x74\x0f\x97\xb9\xce\
\x40\x75\xb1\x54\xe8\xc6\xf5\x19\xf2\xb8\x0c\x3e\x2f\x1d\x51\xc6\
\x9d\xe4\xd6\xed\xbd\xbe\x6c\xf9\xdd\x2c\x47\xa7\xd3\x8a\x90\x59\
\x90\x7a\x7e\x95\xe8\x1f\x18\xbe\x0e\xbf\xc2\x2f\x88\x37\x1a\x3a\
\xdd\x35\xe5\xaf\x94\x97\x36\xf3\x3a\xed\x91\xa3\x7c\x80\x18\x74\
\xdc\x19\x58\x64\x70\x40\x07\x8c\xe0\x66\xf8\x5b\xe1\xd6\xa9\xe3\
\x39\xd9\x34\xfb\x6d\xd1\xc3\xfe\xba\xe6\x56\xf2\xed\xed\xc7\xab\
\xb9\xe0\x7d\x39\x27\xb0\x35\xac\x6a\x46\x51\x53\x4f\x40\xa9\x46\
\xa4\x2a\xba\x32\x5e\xf4\x5d\x9a\xf4\x39\x33\x6f\xb5\x73\xf9\xd7\
\x43\xe0\xaf\x84\x7a\xaf\x8e\x61\xfb\x52\x08\x74\xdd\x25\x4e\x1f\
\x51\xbd\x3e\x5c\x03\xd4\x27\xf1\x48\xdf\xec\xa0\x3e\xf8\xeb\x5d\
\xee\x95\xe0\xdf\x0e\xf8\x17\xe6\xf2\xe3\xf1\x3e\xaa\xbf\xf2\xd6\
\x74\x22\xc2\x03\xfe\xcc\x7d\x65\x23\xd5\xfe\x5e\x9f\x2d\x26\xb7\
\xae\x5e\x78\x82\xeb\xce\xbc\xb8\x92\x76\x51\xb5\x01\xe1\x63\x5e\
\xc1\x54\x70\xa0\x7a\x0c\x0a\xd6\x9d\x39\xcf\xc9\x7f\x5d\x3f\xcf\
\xee\x3c\x7c\x66\x69\x46\x86\x8b\xdf\x97\x64\xf4\x5e\xaf\xaf\xa2\
\xfb\xd1\x6b\xc3\x7a\x5e\x81\xf0\xf3\x4f\x9a\xd7\x43\x81\xef\xaf\
\xae\x93\xcb\xb9\xd5\xef\x23\x0b\x2b\xa7\x74\x89\x39\x11\x21\xfa\
\x96\x20\xf2\x7a\x62\xcf\xc4\x4d\x3b\xc1\xba\xee\xb5\x0d\x9e\xad\
\xa7\xdf\x69\x17\xcf\x63\x6b\x30\xd6\x34\xe2\x24\xf3\x19\xe1\x43\
\xfb\xf8\x0e\x03\xe3\xa6\xe5\x3b\xc8\x00\x76\xaa\x5e\x1d\xb4\x5b\
\x8b\xc2\xae\x38\xd8\x48\xe7\xbf\x14\x7c\x55\xb4\xdb\xe3\x28\x40\
\xe8\x34\xdb\x21\xff\x00\x90\x14\x56\xd2\xc3\xc2\xea\x37\x7d\x5d\
\xef\xaf\x4f\xea\xdb\x79\x1e\x0a\xce\x31\x50\x8c\xb1\x49\x26\xef\
\x15\x66\xb4\xb3\xe6\x76\xef\xbf\x54\xf9\xbc\xce\x1b\xc7\x3f\x05\
\x35\x4f\x0a\xe9\x72\x6a\x96\x72\xda\xf8\x83\x40\x4e\xba\x96\x9f\
\x97\x58\x7f\xeb\xb4\x67\xe7\x84\xfa\xee\x18\x19\x1f\x31\xae\x2c\
\xd9\x79\xc9\x91\xb7\x0d\x5e\xbb\xe1\xed\x5e\xfb\xc2\xfa\x9a\xde\
\xe9\x97\x53\x58\xdd\x2f\x1e\x64\x4d\x8c\x8f\x46\x1d\x19\x7d\x88\
\x20\xfa\x55\xfb\x8f\x01\xe8\x3f\x14\x67\xf9\x52\xd3\xc2\xbe\x20\
\x9b\x85\x92\x24\xc6\x97\x7c\xdf\xed\xa0\xc9\x81\xcf\x1f\x32\x65\
\x3a\x9d\xa0\x9a\xce\xa2\x9d\x35\x79\x6a\xbb\xad\xfe\x6b\xf5\x5f\
\x72\x3e\xaf\x29\xce\xa8\x62\xad\x1f\xe1\xd4\xec\xdf\xba\xfd\x1b\
\xdb\xd2\x5f\xf8\x13\x7a\x1e\x1e\xda\x2e\xea\xf7\x1f\x84\x3a\x4c\
\x7a\x1f\xc3\xdd\x3e\x35\x5d\xad\x30\x6b\x89\x08\xfe\x26\x66\x24\
\x13\xff\x00\x01\x0a\x3e\x80\x57\x11\xe3\x1f\x86\xba\xb7\xc3\xbb\
\xf8\xed\xf5\x8b\x19\x2d\x7c\xee\x61\x97\x87\x86\xe4\x63\x39\x8e\
\x41\xf2\xb0\xc6\x0f\x07\x23\x3c\x81\x57\x3c\x2d\xe2\xab\xed\x0e\
\x04\x8e\x39\x7c\xc8\x17\x81\x14\x9c\x85\xfa\x7a\x7f\x2a\xf1\x73\
\x28\x3a\xf4\x92\xa6\xfa\xdc\xfb\x3c\x1e\x23\xd8\xc9\xc6\xb2\x69\
\xfe\x28\xf4\xf9\x9f\x72\xf5\xe6\xbc\x47\xf6\x87\xf8\x61\x6f\x62\
\xbf\xdb\xd6\x31\xac\x2b\x24\x82\x3b\xd8\x94\x61\x49\x6f\xbb\x20\
\x1d\x89\x3c\x1f\x52\x41\xeb\x92\x7d\x47\x49\xf1\x9d\xb6\xa8\xaa\
\xaf\xfb\x99\x1b\xf8\x5c\xf0\x4f\xb1\xac\x8f\x8d\xd0\x79\xbf\x0a\
\xf5\x41\xfd\xe6\x80\x0f\xaf\x9c\x87\xfa\x57\x8b\x87\x95\x4a\x35\
\xe3\x17\xa5\xdd\x8f\x62\x35\xa3\x26\x9c\x1d\xcf\x98\xaf\xec\xf9\
\xe0\x76\xac\xf9\xec\xf0\xd5\xd4\x5e\x58\x1c\x9a\xcf\x96\xcb\xe7\
\xe9\xd4\xf7\xaf\xa0\xe6\x3b\x22\x7c\x8f\xfb\x55\xaf\x97\xf1\xce\
\xe5\x7a\x6d\xd3\xad\xbf\xf6\x7a\xe0\x02\xfc\xb5\xe8\x7f\xb5\xca\
\x79\x5f\x1f\xef\x17\xd3\x4e\xb4\xff\x00\xd0\x0d\x79\xf7\xde\x5a\
\xfd\xab\x27\xff\x00\x70\xa3\xfe\x08\xfe\x47\xad\x4d\x7b\x8b\xd0\
\x66\x31\x4e\x6e\x5b\xb5\x35\x79\xa1\x8e\xd3\xc5\x7a\x57\x01\x4e\
\x56\x9a\xfc\x8c\xe6\xa3\x2d\x4d\x69\x70\x28\xbb\x02\x40\x0f\xf9\
\x34\xbb\x0d\x40\x6e\x36\xd2\x1b\x8e\x28\x2a\x2a\xe5\x87\x1b\x47\
\x4a\x69\x6c\x75\xa8\x56\xe3\x8e\x69\xc5\xb7\x8e\xd5\x3c\xda\x95\
\x6b\x01\x6d\xe6\x83\x8c\xd1\x51\xb1\xdb\x25\x0a\x40\x48\x29\x08\
\xc9\xa5\x1d\x28\xad\x62\xcd\x2c\x08\xb9\x3f\x4a\x92\x98\x8c\x14\
\x53\xc1\xc8\xa7\x72\x79\x42\x8a\x28\x63\x85\xa0\x36\x1a\xe7\x02\
\x9b\x9c\x0a\x3a\x9a\x63\xf0\x7a\xf5\xed\x41\x42\x67\x71\xa6\xc8\
\x70\xbf\x5e\x29\xd4\xd9\x3e\xed\x00\x2a\xfd\xc1\xf4\xa4\xf3\x39\
\xe9\x4d\xdd\x95\xc5\x04\xed\xa9\x6c\x03\x1c\xd3\x59\xf6\xd3\x5e\
\x6f\xf2\x2a\x16\x9c\x01\xfd\x6a\x45\x72\x49\x25\xc7\xf8\x0a\x8d\
\xa5\xff\x00\x3e\x95\x14\x93\xed\x46\x63\x85\x55\x04\xb1\x27\x0a\
\x00\xea\x49\xf4\xac\x88\xb5\xdb\x9f\x12\x90\x34\x48\x63\x9a\x16\
\xff\x00\x98\x85\xc0\x3f\x64\x1e\xf1\x80\x43\x4f\xff\x00\x01\x2a\
\x87\x9f\xde\x64\x62\xa6\x52\x48\x57\xbe\x88\xbd\xac\xeb\x76\xba\
\x1d\x89\xb9\xbc\xb8\x8e\xde\x00\xc1\x03\xb9\xfb\xce\x7e\xea\x28\
\xea\xcc\x4f\x01\x46\x58\x9e\x00\x26\xb2\xc5\xe6\xb5\xe2\x01\xba\
\xc6\xce\x3d\x2e\xd8\xf2\x2e\x35\x18\xd9\xa6\x71\xea\xb6\xea\xca\
\x54\x1f\x59\x1d\x18\x1e\xb1\x9a\xd8\xd0\xfc\x11\x6f\xa6\xde\x2d\
\xe4\xf2\x4b\xa8\x6a\x7b\x4a\x7d\xae\xe7\x0d\x22\x29\xea\xb1\x80\
\x02\xc4\xa7\x03\x2a\x81\x77\x60\x16\xdc\x79\xad\x91\x6b\xb7\xa5\
\x4d\x9b\xdf\x40\x54\xdb\xdc\xe5\x21\xf0\x23\x31\xdd\x75\xaa\x6b\
\x57\x72\x76\x7f\xb4\xfd\x9f\x6f\xd1\x61\x11\xa9\xff\x00\x81\x02\
\x7e\xb5\x69\x34\x8d\x63\x4d\x5c\xda\xea\x8b\x78\xa3\x9f\x27\x51\
\x89\x79\xf4\x0b\x2c\x41\x4a\xff\x00\xbc\xcb\x29\xf6\xae\x88\x45\
\xf5\xa4\x31\xd4\x4a\x0a\xfa\x16\xa9\xa5\xb1\xcf\x45\xe3\x48\xec\
\x6e\x23\x83\x56\xb7\x93\x46\x9e\x56\x11\xc6\xf3\x30\x6b\x59\xd8\
\xf0\x04\x73\x8f\x97\x24\xf0\x11\xf6\x48\x7f\xb9\x5b\xca\xcc\xa7\
\x9f\x97\x69\xe4\x7a\x53\x2e\x2d\x12\xea\x09\x22\x92\x38\xe4\x8a\
\x65\x29\x24\x72\x28\x64\x75\x3d\x55\x81\xe0\x83\xe8\x78\xac\x05\
\xf0\xbd\xef\x86\x06\xed\x02\x68\xd6\xd9\x7f\xe6\x17\x78\xec\x6d\
\xb1\xe9\x0c\x98\x67\x83\xd9\x70\xf1\x80\x30\xa8\x99\x2c\x25\x55\
\x94\x74\x97\xf5\xfd\x7f\x48\x76\x3a\x65\x6d\xdd\x3f\x1a\x76\x71\
\x58\x9a\x27\x8c\x2d\xf5\x7b\xef\xb1\x49\x1d\xc6\x9d\xaa\x22\x19\
\x1a\xc6\xed\x42\x4d\xb4\x75\x74\xc1\x2b\x2a\x0e\x06\xf8\xd9\x94\
\x13\x82\x41\xc8\x1a\xe1\xf1\xd7\x9a\xde\x32\x52\x57\x43\xd4\x79\
\x35\x26\x43\x54\x4a\x73\xcd\x38\x1d\xa6\xa8\x57\x24\xa0\x53\x7c\
\xc5\xf5\xa0\xc8\xa3\xbd\x02\xbb\x1d\x41\x19\xa8\xcc\x9b\xba\x52\
\x1e\x05\x17\x11\x2e\x32\x69\xae\xf8\xfa\xd4\x66\x41\xee\x69\xa5\
\xf2\x3d\x28\x01\x64\x6c\x0c\x7a\x75\xa8\x5d\xf2\x7f\xfa\xf4\xac\
\xf9\x1e\x82\xa3\x76\xcf\xff\x00\xaa\xa5\xb0\x1a\xcf\xdf\xfa\xd4\
\x7b\xbb\xff\x00\x5a\x56\x60\xcd\xff\x00\xd6\xa8\xd8\xe4\xff\x00\
\xf5\xaa\x40\x42\xf9\xeb\xfc\xea\x32\xfb\xbf\xfd\x74\xe7\x39\xe3\
\xfa\x54\x6e\xd9\x3d\x69\x80\xe7\x6e\x36\xd4\x6c\x76\xd2\x86\xa6\
\x48\xfb\x8f\xb0\xa4\x66\xc4\x67\xcf\xff\x00\xae\x93\x39\xed\xfa\
\xd2\x6f\x5c\x76\xa6\x16\xc9\xff\x00\xeb\x50\x62\x39\xdf\x07\xff\
\x00\xaf\x4c\x67\xc7\xff\x00\xae\x86\x60\x07\x6f\xca\xa3\x92\x4f\
\xc4\x9f\x6a\x35\x01\x8f\xc8\xa8\x9f\xd6\x95\x9f\x22\xa1\x77\xe6\
\xb4\x28\x1d\xaa\x36\x6d\xa7\xf5\xeb\x43\xbf\x3f\xca\xa3\x2f\xb6\
\xa9\x08\x1d\xb6\x8f\x7f\xad\x46\xc4\xa8\xa1\x8e\x3d\xfd\xa9\x84\
\xe3\xae\x73\x49\x8b\x44\x23\x1e\x2a\x36\x3c\xd3\x9d\xf2\x7a\xd4\
\x2e\xd9\x3e\xc2\x91\x9b\x95\xc1\x9b\x27\xda\x9a\x4f\x07\xfc\x68\
\x32\x01\xde\x98\xcf\xbb\xf2\xc7\x4a\x89\x12\x7e\x81\xda\xfd\xdf\
\xce\xac\x19\x31\xde\xa9\xda\x37\xca\x07\xbd\x58\xdd\xb6\xb9\x22\
\x7f\x9f\x7c\xba\x8e\x2f\xc5\x34\x9c\x52\x19\x32\x0d\x32\x46\xcf\
\xe5\x54\x6d\x4e\x17\x62\xb3\xee\xa8\x98\xf1\x93\xd2\x9c\xcd\xc5\
\x42\x4e\x6b\x48\xee\x76\x53\xa6\x0f\x27\x15\x1b\x37\x14\x48\xdb\
\x6a\x36\x7c\x0e\xd5\x68\xec\xa7\x00\x76\xc7\xd6\xa1\x63\x9a\x57\
\x72\x5a\x98\xe7\x6d\x33\xb2\x9c\x6e\xc4\x76\xc5\x46\xc7\x03\x1e\
\xf4\xa5\xb0\xbe\xf5\x19\xe0\xd0\x77\x53\x80\x92\x36\x07\xbd\x44\
\xfc\x0f\xad\x38\x9d\xc6\x98\xcd\x9f\x9a\x83\xba\x9c\x46\xc8\xdc\
\x62\xa2\x7e\xbf\xce\x9c\xc7\xad\x37\xbd\x52\x89\xd3\x18\x8c\x73\
\x93\x4d\x63\xb4\x52\xe7\x26\x90\xf5\xaa\x3a\xe9\xc4\x6b\xb6\x38\
\xfc\xe9\x84\xed\x14\xa0\xee\x34\xc7\x6c\x9f\xa5\x07\x54\x62\x21\
\x34\x99\xc9\xf6\x1f\xad\x0e\x7b\x7a\xd3\x18\xed\xa9\x97\x63\xa2\
\x11\x15\x9b\x77\xd2\xa3\x67\x20\xd2\xc9\x26\x38\xa6\x76\xcd\x4a\
\x47\x65\x38\xf5\x0c\xff\x00\x9c\xd2\x33\x66\x90\xf4\xa6\x3b\xe0\
\x50\x74\xc6\x22\xbb\xf1\x8a\x85\xdb\x3d\x3a\x53\x64\x93\x06\x98\
\xcf\x91\x41\xac\x50\xa5\xf0\x78\x3f\x8d\x34\xbf\xf7\x7f\x3a\x8d\
\x9e\x90\x49\xc1\xa9\x93\x36\x8c\x45\x2d\x83\x4d\x66\xcf\x1d\xbb\
\xd3\x49\xc0\xa6\x97\xc8\xc7\xad\x62\x6d\x18\x8d\x76\xc1\xfe\x5e\
\xf5\x0b\xb7\x34\xf9\x0e\x4e\x2a\x19\x1b\xad\x4d\xce\xaa\x71\xea\
\x36\x59\x3f\x2a\x82\x47\xc7\x7f\xad\x39\xcf\x19\xf4\xaa\xf2\xb6\
\x0f\xe9\xcd\x49\xbc\x62\x49\xe7\xf3\xf7\xa8\x32\x9e\x9c\x8f\xa8\
\xaf\x9f\xff\x00\x6c\xef\x14\xfc\x46\xb9\xf1\x4f\x80\x7c\x07\xf0\
\xde\x1d\x51\xf5\x8f\x1d\x3d\xe0\x5f\xec\xb4\x76\xbf\xbc\x78\x16\
\x36\xfb\x3c\x1b\x01\x93\x76\xd6\x66\xd9\x10\x32\xc8\x76\x22\x06\
\x63\xb1\xbd\xeb\xc3\x7f\xf0\x4f\x7f\x17\xfe\xc9\x76\xda\x59\xd5\
\x7f\x68\x6f\x87\xff\x00\x1a\x25\xf1\x7e\x8d\x73\xe2\x2d\x3b\x43\
\xf0\xcd\xfc\xfa\xc9\xb7\xd2\xad\xa3\x69\xa5\xd6\x3e\xd6\xe7\x09\
\x69\x85\x11\x0e\x36\xcb\x24\xc8\x13\x25\x58\x8f\x07\x15\xc4\x18\
\x5a\x18\xc5\x82\xa9\xa4\x9d\x95\xfa\x5d\xed\xf9\x9f\x43\x87\xc8\
\xab\xd4\xc2\x7d\x6e\x3b\x6a\xed\xd7\x47\xa9\x60\x1d\xc7\xef\x66\
\xb8\xff\x00\xf8\x28\x4f\x37\xdf\x05\x7f\xec\x9a\xa0\xfc\xbc\x43\
\xae\xd7\x63\x6c\x99\x19\xf5\xfd\x2b\x8a\xff\x00\x82\x87\x38\x4b\
\xff\x00\x82\xbf\xf6\x4d\xd7\xbf\xfd\x4c\x3a\xe5\x7b\x14\xff\x00\
\xde\x69\xfa\xbf\xfd\x25\x93\x97\x2b\x73\xfa\x7e\xa8\xf0\x12\xc3\
\x3d\xa9\x8f\x6f\xbc\xf4\xe3\xb5\x69\xf8\x67\xc0\xfa\xe7\x8d\x20\
\x92\x4d\x27\x49\xbc\xbe\x8a\x26\xd8\xd2\x46\x9f\xbb\x0d\xfd\xdd\
\xc4\x80\x4f\x23\x80\x73\xcd\x55\xd4\x6c\xee\x74\x1d\x5e\x5b\x1d\
\x42\xde\xe2\xc6\xfa\x10\x0c\x96\xf7\x11\x98\xe5\x40\x7a\x12\xa7\
\x9c\x1c\x1c\x1e\x87\xb5\x77\x53\xc4\xd2\x9d\x47\x4e\x12\x4e\x4b\
\x74\x9a\xba\xf5\x5d\x0f\x6a\x58\x0c\x44\x29\x46\xbc\xe9\xc9\x42\
\x5b\x49\xa6\x93\xf4\x6d\x59\xfc\x8c\x3d\x5f\xc2\x16\xfa\xbc\x33\
\x2b\x22\xa3\xca\x85\x7c\xc0\xa3\x70\xf7\xaf\xd1\xff\x00\xda\x4f\
\xfe\x0b\xf9\xe3\xcf\x88\xd6\xff\x00\x09\x7c\x49\xf0\xfe\x1b\x9f\
\x04\xf8\xdb\xc3\x4b\xa8\x47\xe3\x3d\x22\xe2\x25\xbc\xf0\xdf\x88\
\xbc\xdf\xb1\x98\x48\x42\xfe\x61\x8c\x98\x66\x23\x3e\x5c\xd0\xf9\
\xac\xa9\x29\x0c\xce\xff\x00\x9f\x60\xa9\x1d\xff\x00\x3a\x5d\xb9\
\xfc\x2b\x1c\x56\x57\x86\xc4\xd5\x85\x5c\x44\x79\x9c\x2f\x6b\xed\
\x66\xac\xd3\x5b\x3f\xd1\xa4\xc5\x19\x4a\x31\x71\xee\x7e\x9b\x7e\
\xd6\x1f\xf0\x5e\x7f\x07\xfe\xd5\x9f\xf0\x4e\x9f\x88\x9e\x07\x9f\
\xc2\x5e\x24\xf0\xbf\xc4\x9f\x17\x68\xe3\x44\xfb\x28\x29\x79\xa5\
\x48\x93\x48\x89\x70\xf1\xdc\x86\x57\x0a\x20\x32\x90\xb2\x44\xa7\
\x38\x50\x5b\xad\x7c\x8b\xff\x00\x04\xa6\xfd\xad\xfe\x27\x7e\xcc\
\x9f\xb5\x2f\xc3\x7f\x0a\x78\x37\xc5\x97\xf6\x7e\x12\xf1\xaf\x8c\
\xb4\xad\x27\x59\xf0\xf5\xc6\x2e\x74\xcb\xb8\xee\xef\x60\xb7\x9a\
\x45\x89\xf2\x21\x9f\x63\xe4\x4d\x16\xc7\x25\x10\x31\x65\x1b\x4f\
\xcf\xf2\xad\x7a\x77\xec\x1b\x62\x75\x3f\xdb\xeb\xe0\x4c\x2b\xff\
\x00\x45\x0b\x41\x93\xf0\x4d\x42\x07\x3f\xfa\x0d\x79\x75\x32\x5c\
\x1e\x0f\x01\x5e\x95\x28\x7b\xb2\x4e\x56\x7a\xd9\xa5\xa5\xaf\xda\
\xda\x75\xf3\x2d\x4e\x73\xa9\x1b\x7a\x7e\x27\xeb\xf7\xfc\x14\x23\
\xf6\x50\xfd\x98\x7f\x6e\x7f\xda\x8a\xeb\xe1\x6f\x89\x35\xab\x4f\
\x87\xbf\xb4\x55\xc6\x95\x0d\xfe\x91\xad\xdb\x40\x6d\xae\xb5\x58\
\x9c\x32\xc2\xb2\x6e\xdb\x06\xa2\x17\xca\x20\xc0\xcc\x2e\x16\x34\
\x6f\x2d\xa3\x5c\xb8\xfc\x2d\xb2\x12\xc4\x86\x39\xb6\xf9\xd1\x31\
\x8e\x4d\x87\x2a\x59\x4e\x0e\x33\xdb\x22\xbe\xe2\xff\x00\x83\x91\
\x2c\x96\x6f\xf8\x29\xe2\xac\x91\xab\xc7\x37\x81\x34\x99\x70\xc3\
\x23\xfe\x3e\x6f\xd7\xff\x00\x65\xaf\x88\x20\x85\x61\x89\x55\x57\
\x01\x78\x03\xd2\xb9\xf8\x53\x03\x2a\x58\x2a\x75\xbd\xa3\x94\x67\
\x18\xb5\x17\xf6\x5e\xb7\xb3\xec\xf4\xd3\xa5\xbc\xcd\xf1\x51\x8f\
\x33\x8a\x5b\x37\xa8\xe3\xfa\xd3\x25\x5c\xf5\xfe\x55\x27\x41\x51\
\xc8\xdf\xfd\x6a\xfa\x76\x71\x38\x9d\x6f\xc1\x5f\xda\x13\xc5\xdf\
\xb3\xad\xee\xa0\x7c\x2f\xa9\x46\xba\x4e\xb4\xc9\xfd\xb3\xa0\xea\
\x36\xeb\x7b\xa2\x6b\xa1\x08\x2a\x2e\xed\x1f\xf7\x72\x30\xc6\x16\
\x51\xb6\x68\xfa\xc7\x22\x1e\x6b\xe8\x4f\x86\xfe\x2f\xf0\xa7\xed\
\x25\xa3\x6b\x33\xf8\x52\xca\xeb\xc2\x3e\x2b\xf0\xfe\x95\x36\xb5\
\xa9\x78\x56\xee\xe5\xef\x2c\xee\xec\xed\xd7\x75\xcd\xc6\x99\x78\
\xdf\xbc\x22\x24\xcc\xad\x6b\x75\x99\x56\x35\x62\x93\xdc\x95\x20\
\x7c\x8c\xed\x9f\xff\x00\x5d\x7b\x77\xfc\x13\xd2\x4d\xbf\xb4\x2e\
\xb1\x18\xff\x00\x96\xff\x00\x0f\x7c\x65\x1e\x3f\xee\x5e\xbf\x3f\
\xd2\xbc\x9c\x75\x15\x49\x3c\x45\x3d\x24\xb5\x7e\x76\xe8\xd7\x5f\
\x5d\xd7\x46\x8d\xa9\xde\x56\xa7\x2d\x57\xe5\xe8\x7a\x07\x2d\xcd\
\x35\x17\x04\xff\x00\x4a\x72\x8f\x95\x7d\xc5\x04\x62\xbd\x28\xc6\
\xcc\xe1\x48\x61\x18\x6e\x68\xeb\x4e\x65\xc0\xa6\xb1\xda\xb4\x72\
\xeb\x76\x52\x88\xc6\x3b\x8f\xd2\xa3\x73\xf3\xf1\x4e\x76\xda\x2a\
\x37\xe1\x2a\xcd\x12\x0c\xed\xa6\xbb\x6e\xa6\xbb\x6d\xa6\xab\x92\
\x7b\x7e\x54\xbc\xcd\x23\x1e\xa3\xb1\xf5\xa4\x94\xff\x00\xf5\xa9\
\x55\xf3\xd6\x9e\x63\x56\x1f\x5a\x98\xcf\xb9\xb4\x37\x2a\xc9\xcf\
\xaf\xe5\x48\x57\x69\xa9\x26\x8b\xc9\x6c\xff\x00\x09\xe8\x71\x50\
\xb3\xe3\xeb\x56\x75\x45\x11\xcc\x72\xb5\xe8\xff\x00\xb1\xa4\x3e\
\x6f\xed\x21\xa3\xff\x00\xd7\xa5\xe6\x3f\xf0\x1d\xeb\xcd\xa6\x6c\
\x0f\xc3\x15\xea\x1f\xb1\x10\xf3\xbf\x69\xcd\x15\x3b\xb5\xa5\xee\
\x3d\xff\x00\xd1\xe4\x3f\xd2\xbc\xec\xd9\x5b\x03\x5b\xfc\x32\xfc\
\x99\x54\xfe\x23\xed\x1b\x1d\x38\x2a\xf4\xae\xa2\x56\xdb\x1c\x2b\
\xfd\xd8\x22\x1f\xf9\x0d\x6b\x36\xda\xd8\x2f\x06\xb5\xa0\xb2\x9b\
\x54\xd4\x6d\x6d\x6d\x2d\xe6\xba\xba\x9e\x38\xd2\x28\x21\x43\x24\
\x92\x1f\x2d\x78\x55\x03\x26\xbf\x17\x8c\xb4\x3e\x77\x89\x22\xe7\
\x4e\x09\x6f\x73\xd4\xbf\x63\x5d\x2a\xc7\x53\xf8\xc4\xdf\x6e\xb7\
\x86\xe2\x4b\x7d\x3e\x59\xed\x0c\xa8\x1b\xc9\x99\x64\x8b\x0e\x33\
\xd1\x82\x96\xc1\xea\x2b\xeb\x01\x27\xad\x7c\xa9\xf0\x9b\x43\x93\
\xe0\x9f\x8b\xad\xf5\xcd\x62\xee\x1f\xed\x1b\x74\x92\x31\xa3\xda\
\x11\x34\xa4\x3a\x32\xe2\x69\x01\xd9\x1e\x09\x07\x03\x73\x70\x32\
\x05\x6f\x78\xcf\xe3\x2e\xb5\xe3\x80\xf1\x49\x22\xd8\xd8\xb7\x1f\
\x66\xb7\x24\x06\x1f\xed\x37\x56\xfd\x07\xb5\x70\x56\xc2\xcb\x11\
\x5b\x99\x6d\x6f\xea\xc6\x99\x6e\x69\x4b\x2e\xc0\xfb\x3a\xab\xf7\
\x97\x6e\xcb\x7e\x96\xbb\xe9\xe8\xf5\x5d\x8d\x6f\x8e\xf7\xbe\x1b\
\xd7\x7c\x7b\xfd\xa0\xcb\xfd\xb1\x73\x6f\x6c\x96\xde\x52\xbe\xdb\
\x75\x2a\xce\xd9\x66\x1c\xb7\xde\xe8\xb8\x1e\xfd\xab\x87\xd6\x3c\
\x41\x75\xac\x47\x1c\x52\x32\xc7\x6b\x17\xfa\xab\x68\x50\x47\x04\
\x5f\x44\x1c\x0f\xaf\x5a\xaf\x21\xc8\xa8\xe2\x86\x6d\x42\xee\x3b\
\x6b\x58\x26\xb9\xb8\x90\xe1\x22\x89\x4b\xb3\xfd\x00\xe6\xbe\x83\
\x0b\x46\x34\xa0\x97\x6e\xac\xf8\x8c\xd3\x1d\x5b\x19\x39\x49\xe9\
\xcc\xf6\x5d\x7d\x7a\xbf\x9f\xc8\x8d\x94\x01\xfd\x69\x2d\x2d\x25\
\xd4\xaf\x63\xb7\xb5\x86\x6b\xab\x89\x0e\x12\x28\x90\xbb\xbf\xd0\
\x0e\x4d\x75\x7a\x1f\xc3\xeb\x78\xb5\x04\xb7\xd4\x9a\xeb\x52\xd4\
\x9b\x95\xd2\x34\x9c\x49\x28\xc7\xfc\xf6\x9b\x94\x8c\x0e\x87\x1b\
\x88\xcf\x51\x5e\x89\x6b\xf0\x97\xc4\xd7\x5a\x43\x43\x6e\x9a\x2f\
\x86\xec\xdd\x7f\xe3\xc2\xd6\x47\x32\x49\xed\x34\xc0\x12\xe7\xf1\
\x23\xda\x8a\xd9\x8d\x38\x3b\x5f\xe6\xf6\xff\x00\x37\xf7\x5b\xcc\
\xe0\xc3\xe4\x55\xb1\x11\x6e\x9c\x5c\x9a\xde\x30\x57\x7e\x8d\xdd\
\x46\x2f\xba\x72\xe7\x5f\xc8\xcf\x33\xd3\xfc\x2f\x27\x87\xa6\x66\
\xd4\xa7\x86\xda\x5d\xa5\x7e\xcd\x19\xf3\xa7\x5e\x9f\x78\x2f\xca\
\xbf\x46\x60\xde\xd5\x73\xc5\x1e\x11\x8f\xc7\x1a\x8c\x77\x5a\x5d\
\xf5\xac\xb7\x7f\x66\x86\xdc\xd9\x5c\x9f\xb3\x4c\xe6\x34\x0b\xf2\
\x16\xf9\x1b\x38\xce\x37\x03\xf5\xa9\xb5\x5d\x02\xe3\xc3\x57\xcd\
\x67\x79\x6e\xd6\xb3\x47\xfc\x24\x70\x47\xa8\x23\x82\x3d\xc5\x55\
\xb9\xb6\x59\xd5\x95\x94\x30\xf4\x35\xdd\x1c\x3b\x9c\x54\xd4\xf5\
\xee\xad\x6f\xf8\x6f\x9f\xcc\xf8\xbc\x56\x71\x2c\x34\xa5\x87\xa9\
\x45\x72\xa7\xac\x5b\x92\x92\x6a\xfd\x76\x52\xd5\xaf\x82\xdf\xdd\
\x39\x1b\xdd\x2e\xe3\x46\xd4\x24\xb5\xbc\xb7\x9a\xd6\xe6\x3c\x6e\
\x8a\x64\x28\xe3\xf0\x3d\xbd\xfb\xd5\xab\x16\x54\x9e\x3f\x66\x15\
\xda\x41\xae\x35\xc6\x9e\x96\x3a\xad\xbc\x7a\xd6\x9b\x1f\x09\x0d\
\xcb\x1f\x36\xdc\x7f\xd3\x29\x47\xcc\x87\xdb\x91\xdb\x15\x42\xfb\
\xe1\x89\xbc\x49\x2e\x3c\x35\x71\x36\xa9\x14\x60\xbb\xd8\x4c\xa1\
\x6f\xe0\x1d\xfe\x51\xc4\xa0\x7f\x79\x3d\x40\xc6\x6b\x19\xd4\x95\
\x3f\xe2\xab\x79\xf4\xff\x00\x81\xf3\xfb\xd9\xed\x65\x72\xc3\x63\
\x23\x7c\x13\x6e\x5d\x60\xfe\x3f\x97\x49\xaf\xf0\xeb\xd5\xc6\x27\
\x29\xa5\xf8\xdb\x50\xf0\xfe\x9e\xd6\x70\xc9\x1d\xc6\x9d\x37\xfa\
\xdb\x0b\xa8\xc4\xf6\xb2\xf7\xe6\x36\xe3\xf1\x18\x3e\xf5\x55\xf4\
\x6d\x0b\xc4\x0f\xfe\x83\x20\xf0\xfd\xf3\x7f\xcb\xad\xcc\xad\x25\
\x8c\xa7\xfe\x99\xcc\x7e\x68\xbf\xdd\x97\x72\xff\x00\xd3\x41\xd2\
\xaa\xdc\xae\xc9\x1a\x33\x95\x92\x32\x55\x95\x86\xd6\x42\x3a\x82\
\x0f\x20\xfb\x1a\xab\x2c\x79\xfc\x6b\xc3\x69\x5e\xe8\xfd\x8a\x35\
\xb9\xa3\xcb\x2d\x57\xe5\xe9\xdb\xf2\x1d\xab\xe9\x17\x3e\x1f\xbb\
\x36\xf7\x90\x49\x6b\x71\x80\xc1\x1c\x7d\xe5\x3d\x19\x4f\x46\x53\
\xd9\x81\x20\xf6\x26\xb0\xbc\x53\xa8\x5c\x5f\x58\xfd\x99\xee\x26\
\x78\x73\xfe\xac\xb9\x2b\xc7\x4e\x3d\xab\xa5\xd3\xbc\x49\x36\x9f\
\x61\xf6\x39\xe3\x8b\x50\xd3\x77\x16\xfb\x25\xc6\x4a\x21\x3d\x5a\
\x36\x04\x34\x6c\x7d\x50\x8c\xf7\xc8\xe2\x9d\x3f\xc3\x09\x7c\x63\
\x64\xd7\x7e\x19\x67\xbd\x60\xce\x1b\x4c\xb8\x75\x5b\xe1\xb4\x02\
\xc6\x3e\x8b\x3a\x8c\x8f\xbb\xb5\xb9\xfb\x9d\xeb\x4b\xc6\xd7\x91\
\x54\xa3\x6a\xb1\xe4\xdb\xb7\x5f\xf8\x27\x90\xea\x7a\x7e\x0f\x4e\
\xb5\x91\x3d\x96\x18\xd7\x55\xac\xc0\xd6\xd7\x53\x41\x34\x72\x41\
\x3c\x0d\xe5\xcb\x14\x88\x52\x48\xd8\x1e\x43\x29\xe4\x1f\x63\xcd\
\x63\xcf\x6f\xbb\x3f\xad\x73\xca\x56\x67\xd2\xc4\xf8\xa7\xf6\xcd\
\x87\xcb\xfd\xa2\xaf\x3f\xec\x1b\x66\x4f\xfd\xf0\x6b\xcd\x03\x15\
\xaf\x4f\xfd\xb8\xc7\x93\xfb\x49\x5d\xaf\xae\x95\x66\x7f\x46\xff\
\x00\x0a\xf2\xaf\x33\x07\x39\xf7\xaf\xdc\x32\x79\x5f\x2f\xa1\xfe\
\x08\xfe\x47\xb3\x4d\x7b\x8b\xd0\x91\x4e\xd3\xd6\xa3\x96\x5d\xa6\
\xa3\x69\xf0\x3d\xe9\x6d\x6c\xa6\xd4\x4f\xee\x97\xe5\xcf\x2e\x7e\
\xea\xd7\xa3\x15\x73\x87\x19\x8d\xa3\x86\x83\xab\x5e\x4a\x31\x5b\
\xb6\xec\x86\x3c\xdc\x75\xa2\x38\x9e\x5e\x47\x0b\xea\x6a\xfc\x3a\
\x42\xdb\x0f\x9b\xf7\x8f\xea\x7a\x0f\xc2\x95\xe2\xc5\x6a\xa2\x7e\
\x43\xc4\x1e\x29\x53\x8b\x74\x72\xc5\x7f\xef\x3d\xbe\x4b\x77\xea\
\xed\xe8\xca\x6b\x6c\x14\xe4\xe4\xfb\x9a\x0c\x63\x1d\x16\xac\x30\
\x19\xe9\x51\xbc\x7b\x5b\xff\x00\xad\x5a\x38\xab\x1f\x99\xe2\x38\
\xa3\x30\xc4\x4b\x9e\xa5\x69\x37\xea\xd7\xdc\x96\x88\x8f\xca\x52\
\x3f\xaa\xff\x00\x85\x32\x58\xd9\x39\xfb\xcb\xea\x3b\x7d\x6a\x50\
\xb9\x6a\x1b\xe5\xe7\xd3\xbd\x63\x28\xf5\x3e\x9b\x22\xf1\x17\x33\
\xc1\x35\x0a\xb2\xf6\xb0\xed\x27\xaf\xca\x5b\xfd\xf7\x5e\x45\x74\
\x98\x76\xa5\x27\x71\xcd\x54\xd4\xed\xa6\x69\x3c\xcb\x7b\x85\x86\
\x40\x39\x57\x8c\x3c\x6f\xf5\x1c\x30\x3e\xe1\x87\xb8\x35\x45\x7c\
\x4c\xda\x79\xdb\xa9\x5a\xb5\x9a\x8f\xf9\x78\x43\xe7\x5b\xfe\x2e\
\x00\x28\x3d\xdd\x54\x7b\x9a\xcb\x44\xcf\xda\xf2\x4e\x30\xcb\x33\
\x24\x95\x39\xf2\xcd\xfd\x99\x68\xfe\x4f\x67\xf2\x77\xf2\x37\x54\
\xf1\x4b\x50\xc3\x70\xb2\xc4\xac\xac\xac\xac\x01\x0c\x39\x04\x54\
\xc0\xe6\xad\x1f\x56\x14\x99\x1e\xbf\x4a\x53\x51\x15\xda\x2b\x45\
\x20\x25\xde\xc0\x51\xc9\xea\x6a\x35\x72\x05\x0c\x4b\x1a\x77\x40\
\x48\x5b\x15\x1f\x7a\x31\x8a\x46\x6d\xa2\x9d\xc0\x52\x71\x4d\x76\
\xcf\x14\xd7\x7e\x79\xfa\x53\x0c\x9e\x9f\xad\x4f\x35\xc0\x57\x93\
\x15\x1b\x49\x96\xf5\xa8\xe4\x9b\x26\xa1\x9e\xf6\x3b\x48\x64\x9a\
\x69\x16\x38\xa2\x42\xee\xec\x76\xaa\x28\x19\x24\xfb\x01\xcd\x49\
\x32\x24\x66\xdd\xd3\x3f\x97\x5a\xc6\xba\xf1\x47\x9f\x77\x25\xae\
\x9b\x03\x6a\x97\x90\xb1\x49\x16\x37\xd9\x05\xb3\x0e\xd2\xcb\x82\
\x14\x8e\xea\xa1\xa4\x19\x07\x66\x39\xa5\x8f\x44\xba\xf1\x7a\xab\
\xde\xbd\xc5\x8e\x9b\x20\xca\x59\x46\xc6\x29\xa7\x5f\x59\xdc\x1d\
\xca\x08\xff\x00\x96\x4b\x8e\x38\x72\xd9\x28\xbd\x16\x99\xa4\xdb\
\xe9\x76\x71\x41\x6f\x0c\x56\xf0\x42\xa1\x23\x8a\x24\x08\x91\xa8\
\xec\x14\x70\x07\xb0\xa9\xd5\x82\x8b\x66\x25\xaf\x82\x0e\xac\x56\
\x5d\x6a\x65\xd4\x99\x48\x65\xb6\x11\xec\xb3\x88\x83\x91\xfb\xb2\
\x4f\x98\xc3\x00\xee\x90\xb6\x08\xca\x84\xe9\x5d\x2a\x47\x93\xfd\
\x7d\x68\xa1\x5b\x6d\x35\x14\x8d\xe3\x14\x96\x83\xf8\x41\x4c\x2c\
\x49\xf4\xa0\xb1\x61\x45\x31\x02\xf1\x49\xbb\xdc\x52\x39\xa6\xf4\
\xac\xf9\x46\x39\xb0\x7b\x8a\x69\xeb\x4d\x57\x04\xd3\xb3\x43\x89\
\x65\x2d\x77\x40\xb3\xf1\x1d\x88\xb7\xbe\xb7\x8e\xea\x15\x71\x2a\
\x06\xca\xb4\x4e\x3a\x3c\x6e\xa4\x34\x6e\x3b\x3a\x10\xc3\xb1\x15\
\x91\xb7\x5a\xf0\x99\xfd\xdf\x9d\xe2\x3d\x35\x7a\xc6\xc5\x53\x52\
\x80\x7f\xb2\x7e\x54\xb8\x03\xd0\xec\x93\x03\xac\xcc\x6b\xa4\xa6\
\xba\xd6\x7e\xcf\xed\x47\x46\x4b\x45\x3f\x0e\x78\x92\xc7\xc5\x36\
\x2d\x71\xa7\xdc\x2d\xc4\x68\xe6\x29\x06\x0a\xc9\x04\x83\x19\x8e\
\x44\x60\x1a\x37\x1d\xd1\xc0\x61\xdc\x0a\xd2\x5f\x9c\xfb\x57\x3f\
\xe2\x1f\x06\xdb\xeb\x77\xcb\x7f\x0c\xd7\x1a\x5e\xb1\x1a\x08\xe3\
\xd4\x6d\x30\x26\x28\x3a\x47\x22\x90\x56\x68\xc6\x4f\xc9\x20\x20\
\x64\x95\x28\xdf\x30\x77\x87\x7c\x53\x77\xfd\xaf\xfd\x8f\xad\x5b\
\xdb\xdb\xea\x6d\x1b\x4b\x6d\x71\x6d\x9f\xb2\x6a\x71\xae\x37\x34\
\x61\x89\x68\xdd\x77\x02\xd0\xb9\x25\x41\xca\xb4\x8a\x0b\x0b\x8d\
\x47\x7b\x4f\xfe\x07\xfc\x0f\xeb\x53\x37\x63\x7d\xd7\x1c\xd2\x62\
\x9c\xed\x81\x8a\x6e\x6b\x52\x44\x63\xb5\x6a\x32\xdc\xfc\xc6\x95\
\xdf\x9f\x61\x51\xe7\x26\x80\x15\x9f\x3d\x38\xa6\xb3\x7f\x79\xbf\
\x0a\x69\x93\x3d\x29\xac\xfb\x7e\xb4\x00\x31\xcd\x35\x9b\x0b\x48\
\xcd\xbb\xda\x9b\xbf\x6d\x2b\x0a\xe0\xc7\x0b\xd7\x9a\x8c\x9c\x2d\
\x0d\x27\x3e\xa6\xa3\x67\xe7\xd4\xd3\xb0\xb9\x84\x66\xda\xbf\x8d\
\x46\xed\x81\x4f\x79\x33\x51\xb3\x77\x34\x58\x39\x80\x0e\x29\x92\
\x37\x38\xfc\xe9\x18\xee\xa8\xde\x4e\x30\x29\x12\xfc\xc7\x13\x93\
\xff\x00\xd7\xa6\xee\x39\xef\x51\xf9\x98\xa6\xb4\x9c\x76\xa8\xe5\
\x31\x24\x90\x9f\xc6\xa1\x91\xfd\xf9\xa4\x66\xc3\x53\x09\xc5\x52\
\x8d\x86\x35\xdf\xf2\xa8\x5d\xb9\xcd\x39\xcf\xf8\xd4\x6c\xfd\x4f\
\x15\x76\x18\xd7\x7c\x0e\xbc\xd3\x18\xe3\xef\x66\x91\x9b\x07\x3e\
\xbf\xa5\x46\x69\x92\x3b\x7e\x0e\x7b\xd4\x6c\xfe\xf9\x34\x17\xdb\
\xf5\xa8\xd9\xb6\x01\x52\x67\x27\x76\x0e\x7b\x67\xeb\x51\xc8\x7b\
\x52\xb3\x6d\x1f\x5a\x65\x04\x88\x7a\xd3\x0b\x1a\x47\x7e\x7a\x8f\
\xca\x90\xb7\x1f\x86\x6b\x37\xb8\xcf\xd0\x1b\x57\xf9\x7f\x3c\xd4\
\xe1\xc1\xaa\xb6\xec\x15\x7f\xa5\x48\x64\xcf\x7a\xe5\x89\xfc\x09\
\xec\xdb\x64\x8f\x27\x1f\x2d\x37\xbe\x69\x9b\xbd\x29\x33\x91\xde\
\xad\x23\xa2\x11\x1d\x23\xe6\xa2\x66\xdd\xd6\x95\x9b\x75\x46\xcd\
\xbb\xe9\x5a\xc6\x27\x5d\x38\x88\xcf\x51\x3b\x64\xd0\xcd\xbb\xe9\
\x4d\xf7\xaa\x3a\xe3\x11\xb9\xda\x39\xa8\xd9\xf7\x1a\x57\x6c\xfd\
\x29\x8c\xd4\x1d\x54\xe1\xd4\x46\x6c\xf3\x51\x3b\x71\x4e\x66\xdc\
\x2a\x26\x3b\xfa\x50\x77\x53\x88\xa4\xfc\xb5\x1c\x87\xb7\xbd\x39\
\xdb\x69\xa8\x99\xbe\x5a\x0e\xb8\xa1\xb2\x1c\xd3\x5b\xa6\x3f\x3a\
\x53\xc6\x4d\x34\x9c\x0c\x9a\xb4\x75\xd3\x88\xd6\x6d\x82\x98\x49\
\xe9\x4a\x5f\x27\xf9\x53\x77\x6d\xfc\xa9\x9d\x51\x88\x33\x6d\x1e\
\xf5\x1b\x1d\xa2\x82\x76\x8e\x7a\xd4\x6e\xf8\x22\x83\xa2\x11\xb8\
\xea\x8d\x9b\x71\xa1\xe4\xf9\x7f\x0e\x6a\x36\x73\x8a\xcf\x73\xaa\
\x11\x07\x7e\x38\xc8\xa6\x93\xb4\x73\x48\xad\xc6\x69\x09\xc9\xcd\
\x07\x64\x62\x04\xee\x15\x14\xb2\x63\xa5\x2b\xbf\x1f\x4f\xd6\xa1\
\x63\x93\xff\x00\xd7\xa0\xde\x31\x06\x6f\xad\x46\xef\xf9\xd2\xbb\
\xe0\x7f\x2a\x67\x53\x52\x6f\x18\x91\xbf\xde\xfc\x2b\x07\x54\xf0\
\x34\x7a\xaf\x8f\xf4\xbd\x79\xb5\x5f\x11\x5b\xc9\xa4\xc3\x24\x29\
\x61\x6f\xa8\x34\x5a\x6d\xce\xfc\xe5\xe7\x80\x0c\x4a\xc3\x3f\x29\
\x63\x81\x80\x71\x90\x2b\x79\x8e\x5a\x9a\xef\xb7\xeb\x51\x52\x9c\
\x64\xad\x2f\x27\xf3\x5a\xa3\x7a\x72\x94\x35\x8f\xa7\xdf\xa3\x14\
\xb7\x3c\xf7\xa4\x76\xff\x00\x3e\x94\xdc\xf3\x4d\x2d\xd7\xf5\x35\
\x9b\x2e\x11\x12\x46\xa8\x24\x39\xfc\x7a\x54\x8e\xff\x00\xfd\x6a\
\x89\xfe\xed\x43\x67\x64\x23\x64\x31\xcf\xcb\x55\x64\x6c\xb6\x7d\
\xaa\x79\x8e\xe0\x7f\x2a\x34\x7d\x16\xeb\xc4\xda\xbc\x36\x36\x69\
\xba\x79\x8e\x49\x3f\x76\x25\xee\xcd\xec\x3f\xc0\x75\x22\x85\xe6\
\x6c\x79\xb7\xed\x1d\xa8\xf8\x4f\xc2\x1e\x1b\xf0\xcf\x8b\xbc\x55\
\x7d\xe2\xad\x2f\xfe\x10\x5f\x14\x69\xda\xe6\x93\x7d\xe1\xa5\x8c\
\xea\xd1\x5e\x43\x28\x91\x63\x81\xe4\x74\x58\xcc\x82\x32\x3c\xd2\
\xdf\xba\x2a\xb2\x84\x95\xa3\x58\x9f\xd4\x3f\x66\x9f\xdb\x66\xcf\
\xf6\x93\xd5\x7f\x68\xab\xaf\x87\x7e\x1f\xf1\x87\xc3\xdf\x0b\x7c\
\x46\xf1\x06\x95\xac\xf8\x9f\x48\xd5\xfc\x4e\xba\xdf\xdb\x2e\x27\
\x17\xc5\x16\xd8\x8b\x68\x5a\xd2\xdf\x16\xe0\x34\x3b\xe6\x0c\xa9\
\x0a\x2b\xa4\x51\xf9\x6d\xda\x78\xa7\xe0\xaf\x85\xfc\x4f\xe0\x9b\
\xcf\x0b\xeb\x7a\x55\xbe\xb1\xa2\xea\x50\xf9\x37\xb1\xce\x30\xd7\
\x1c\xe4\x38\x61\xf3\x23\x2b\x00\xca\xca\x41\x42\xaa\x41\xc8\xcd\
\x79\x47\xec\x5d\xfb\x2b\xea\x7f\xb2\xa7\x89\xfe\x2b\x59\xdd\xea\
\x4b\xac\xf8\x7f\xc4\x33\xe8\xf2\x68\x37\xcc\xca\x2e\x24\x82\xd9\
\x2f\xd5\xa3\x9d\x06\x36\xcb\x1f\x9f\x1a\x96\x00\x23\xe4\x32\xe3\
\xe6\x55\xf9\x5c\x66\x5b\x4a\xae\x67\x0c\x5c\xa3\x7b\x69\xf3\x57\
\x69\xb5\xf9\x7a\x1f\x51\x81\xc7\xb8\x65\xb3\xc3\xa9\x59\xef\xf2\
\x6d\x5d\x2f\xd4\xec\x75\x7d\x20\xe9\x57\x9e\x59\x1f\x29\x19\x43\
\xea\x2b\xcc\x7f\xe0\xa3\x4f\xb3\x50\xf8\x2d\xff\x00\x64\xdf\xf3\
\xc7\x88\xb5\xd1\x5e\xe3\xe2\xab\x65\xbd\xb0\x56\x1f\xeb\x21\x39\
\x1f\x4e\xf5\xe1\xdf\xf0\x52\x01\xb3\x51\xf8\x25\xfe\xd7\xc3\xb9\
\x17\xf2\xf1\x1e\xb9\x5f\x43\x46\x57\xc4\x52\x6f\xbb\xff\x00\xd2\
\x64\x70\xe0\xe2\xf9\x2a\x5b\xb7\xfe\xdc\x8c\x3f\x89\xbe\x31\xbe\
\xf8\x61\xf0\xe3\xc1\x9a\x36\x89\x31\xb0\xfe\xd1\xd1\xa0\xd4\x25\
\xb9\x8c\x0d\xfb\x1c\x74\x4c\x8e\x0b\x38\x91\x99\x87\x3d\x30\x46\
\x4d\x7b\x07\xec\xab\xfb\x4f\xf8\x5b\xf6\xb6\xf0\x2e\x8b\xfb\x38\
\x7e\xd0\x52\x5a\xc7\xa0\xdd\x4b\x25\xb7\x80\x7e\x21\xa4\x0a\x35\
\x7f\x02\xea\x73\xb9\x31\xc7\x34\x9c\x09\xac\xa6\x95\x95\x18\x36\
\x30\x4a\x87\x25\x36\xc9\x6f\xe0\x3e\x2d\x9b\xfe\x16\x4f\xec\xc7\
\xe1\xdd\x72\xcf\xfd\x22\xfb\xe1\xe8\x7d\x0f\x59\x89\x79\x92\x3b\
\x42\xdb\xed\x27\xc7\x5d\x8a\xa4\xa1\x3e\xa4\xf6\x56\x23\xc5\xee\
\x7c\x4b\x6f\x78\x92\x46\xcb\xe6\x24\x80\xab\x03\xd0\x83\xc1\x06\
\xbc\x7c\x8f\x23\xc0\xcf\x2f\xe5\x7e\xed\x78\xca\x7c\xd3\xfb\x6a\
\x7c\xcf\x5b\xef\xb5\x9a\x5b\x38\xbf\x33\xf5\xae\x34\xce\x31\xd5\
\x31\xf0\x7c\xcf\xea\xd3\x85\x39\x52\x85\xfd\xce\x47\x04\xb4\x5b\
\x5d\x3e\x68\xc9\xee\xa4\x9a\xe9\x63\xd0\xbe\x30\xfc\x28\xf1\x27\
\xec\xdb\xf1\xc3\xc5\x5f\x0e\x7c\x65\x6b\x15\x9f\x8a\x7c\x19\xa8\
\x36\x9d\xa8\x47\x11\x26\x19\x7e\x55\x78\xa7\x88\xb0\x04\xc3\x34\
\x2f\x1c\xd1\x96\x01\x8a\x4a\xb9\x0a\x72\x06\x4a\x4b\x95\x15\xd6\
\xfe\xdc\x3e\x39\xd7\xbe\x3c\x78\x47\xe1\x8f\xc5\x0f\x12\xea\x93\
\x6a\xde\x22\xd4\xf4\x41\xe1\xbd\x56\xf6\x50\x3c\xed\x44\xd8\xc9\
\x22\xdb\xdc\x4c\xdd\x64\x98\xc4\x4c\x6e\xe7\x96\x10\x46\x4e\x58\
\xb3\x37\xcf\x82\xf6\x48\x88\x68\xdd\xd0\xfa\xa9\xc1\x35\xf4\x39\
\x4e\x29\xe2\x70\xca\xa4\xda\xe6\x4d\xc6\x56\xdb\x9a\x2d\xc6\x56\
\xf2\xba\x6d\x79\x1f\x23\x9e\x60\x2a\xe5\xb8\xbf\xab\xd6\x8f\xc5\
\x18\x4d\x59\xde\xf1\xa9\x05\x38\xfe\x12\x57\xf3\xba\x3d\x52\x56\
\xdc\xb5\x37\x87\x3c\x43\xa9\x78\x2f\xc4\xfa\x6e\xb7\xa2\xea\x17\
\x5a\x5e\xb3\xa2\xdd\xc5\xa8\x69\xf7\xd6\xcd\xb6\x6b\x3b\x88\x9c\
\x3c\x72\xa1\xfe\xf2\xb2\x83\xce\x47\x1c\x82\x38\xae\x4b\x5b\xd3\
\x3c\x71\xf0\xe3\x42\x5d\x53\x59\xd0\x75\x7b\x7d\x23\x00\xb5\xc5\
\xe5\xab\x24\x68\x0f\x03\x73\x63\xe4\xc9\x20\x0d\xd8\xeb\x56\x3c\
\x37\xf1\x07\x4f\xd7\xc2\xaf\x98\xb0\xcc\xdc\x6c\x73\xc1\xfa\x1e\
\x86\xba\x29\xd6\xa3\x89\x83\xf6\x52\x52\x8e\xda\x34\xd7\x9a\xec\
\x65\x88\xc0\xe2\x30\xd5\x14\x31\x34\xe5\x4e\x56\x4d\x29\xc5\xc5\
\xd9\xec\xec\xd2\x76\x7d\x19\xee\x3f\xb6\x2f\xed\x8b\xe2\xbf\xdb\
\xab\xe2\x96\x83\xe3\x4f\x1c\x5b\x69\x11\xf8\x9b\x48\xf0\xd5\xb7\
\x86\xee\xae\xf4\xe8\x8c\x31\xea\x82\x0b\x8b\x99\x96\xe5\xe2\x24\
\x88\xe4\x61\x73\x86\x08\x76\x12\x99\x55\x40\x76\x2f\x95\xee\xc8\
\xe9\x52\x01\x95\xc8\x1f\x2f\xad\x33\x6d\x56\x1b\x0b\x0a\x14\xd5\
\x2a\x4a\xd1\x5b\x2e\xc4\xca\x33\x93\xe6\x90\xda\x63\xb1\xe6\x9c\
\xc7\x15\x1e\x70\xb5\xb5\xbb\x99\x4a\x99\x1b\xb6\x3f\x9d\x7b\x47\
\xfc\x13\xbd\xf3\xfb\x51\x3a\x7f\xcf\x4f\x05\x78\xc1\x0f\xfe\x13\
\x5a\x99\xfe\x95\xe2\xd2\x1c\x7f\x5a\xf6\x5f\xf8\x27\x8b\xed\xfd\
\xaa\xe1\xff\x00\xb1\x3f\xc6\x1f\xfa\x8c\x6a\xb5\xc3\x99\x2f\xf6\
\x6a\x9f\xe1\x7f\x90\x51\x56\xa8\xbd\x4f\x4c\x81\xf3\x0a\xfd\x29\
\x72\x00\xa8\x60\x6f\xf4\x65\xff\x00\x77\xad\x2e\x45\x76\x4b\x73\
\x85\x46\xc8\x71\x38\xc9\xa8\xd9\xb7\x1e\x3a\x50\xcf\x92\x7e\x6e\
\xfe\x94\x81\xaa\x4a\x51\x1b\x20\xe7\x35\x14\x8d\x93\x8a\x92\x46\
\x0c\x7e\x95\x13\x8c\x1e\x7e\xb4\x1a\x46\x3d\xc8\xcb\x6e\x3d\xe9\
\x32\x4f\xff\x00\x5e\x94\x8e\x29\xbb\xb6\x8e\x4f\x22\x83\x68\xc6\
\xe5\x29\xbc\x35\x0d\xcf\x89\xad\xf5\x47\xb9\xd4\xc4\xd6\xd1\x18\
\x92\x04\xbe\x96\x3b\x46\xce\x72\xcf\x0a\xb0\x8d\xdb\x9e\x0b\x83\
\x8c\x0c\x60\x80\x6b\x45\xa5\xda\x7f\xfa\xf5\x19\x7c\x0e\xb4\xc2\
\xd8\x3d\x69\x28\xa3\x68\xc7\xb9\x60\x4b\x90\x72\xbb\x95\xba\x8f\
\x5a\x86\x5b\x26\xce\xe8\xfe\x68\xf3\xf7\xcf\x01\x7e\xbe\x94\xd1\
\x90\x37\x31\x65\x5e\xde\xad\xf4\xff\x00\x1a\x6f\x9e\x49\xec\x13\
\xfb\x99\xeb\xf5\xf7\xa6\xa3\x6d\xcd\xa3\xb1\x5e\xe0\x28\xe1\x4e\
\xe6\xfe\xf1\x1c\x7e\x03\xfc\x6b\xd4\x7f\x61\x78\xdb\xfe\x1a\xc3\
\xc2\xe3\xfe\x7a\x45\xa8\x29\xf7\xff\x00\x40\xb8\x6f\xe9\x5e\x65\
\x3d\xb2\xfd\xf5\x3b\xa3\x6e\x07\xaa\x9f\x43\xfe\x79\xaf\xa7\x3f\
\xe0\x8e\xde\x12\xd3\xfc\x4d\xfb\x6b\x25\xc5\xd4\x71\xdd\x6a\x5e\
\x1f\xf0\xd6\xa5\xa9\xe8\xb6\x72\x60\xad\xed\xee\xd8\xe0\x0a\x54\
\x9f\x9b\x6c\x33\xce\xfb\x79\xce\xcc\xf6\xaf\x27\x3d\xa9\xc9\x97\
\x56\x97\xf7\x5f\xe2\xac\x54\x55\xdd\x8f\xb3\xbc\x3f\xf0\x82\x7b\
\x9b\x58\x6f\xb5\xeb\x86\xd0\xf4\xf9\xd4\x49\x04\x42\x3d\xf7\xd7\
\xcb\xeb\x1c\x67\x84\x43\xda\x49\x30\x0f\x55\x0f\x5d\x9d\x86\xa2\
\xba\x15\x83\x59\xe8\x96\xab\xa3\xdb\x48\x82\x39\x64\x8d\xf7\x5d\
\xdd\x28\x00\x62\x59\xb1\xb8\x8e\x3e\xea\xed\x4f\xf6\x6a\xb5\xdf\
\xda\x2e\xb5\x7b\x89\xaf\xa4\x9a\x6b\xd7\x90\x99\xda\x7f\xf5\x85\
\xfb\xee\xcf\x43\xed\xdb\xa5\x4c\x07\x96\x3e\x6f\xad\x7e\x2b\x18\
\xff\x00\x36\xa7\xc8\xe6\x18\xca\x95\x27\x65\xee\xaf\xc7\xe6\xca\
\xf1\x5a\xac\x4b\xf2\x8d\xb4\x3c\xcb\x1a\xfb\xf4\xc0\x1d\x6b\x53\
\x41\xf0\x95\xf7\x8a\x47\x99\x6e\xab\x6f\x66\xa4\x89\x2e\xe7\xf9\
\x61\x5f\x60\x7a\xb3\x7f\xb2\xb9\x3f\x4a\xea\xb4\xbd\x37\x4f\xf0\
\x92\xe7\x4e\x56\x9e\xf3\xa3\x5f\xce\xa3\xcc\xf7\xf2\xd7\x91\x18\
\xf7\x19\x6e\x7a\xd7\xa1\x87\x8b\x93\xb4\x16\xa7\xcc\xe6\x18\xcc\
\x3e\x16\x17\xad\x2b\x76\x5d\x5f\xa2\xfd\x5d\x97\x99\x83\xa7\xf8\
\x02\x62\xab\x2e\xaf\x24\x9a\x6c\x2c\x32\x2d\xd5\x77\x5d\x48\x3f\
\xdd\xe9\x18\xf7\x7e\x7f\xd9\x35\xac\x2f\x8d\xa5\xb0\xd3\xf4\x7b\
\x75\xd3\xe1\xb9\x61\x13\x79\x67\x33\x5c\x12\x70\x04\x92\x75\x20\
\x93\xd0\x61\x7d\xa9\xd7\x04\xca\xec\xcd\x96\x66\x39\x24\x9e\x4d\
\x43\xb1\x84\xaa\xd1\xb6\xc9\x23\x70\xe8\xde\x84\x10\x41\xfc\xc5\
\x7a\xd4\xf0\xb1\xde\x7a\xbf\xc3\xee\x3f\x3d\xc6\x71\x06\x26\xb4\
\xb9\x69\x5e\x10\x7d\xbe\x26\xbf\xc5\xfa\x2b\x2e\xf7\x3d\xdf\xc0\
\x9e\x01\xb0\xf8\x75\xa3\x1b\x6b\x55\x56\x91\xf0\xd3\xce\xc0\x79\
\x93\xb7\xa9\xf6\x1d\x87\x41\xf9\x93\xa5\x36\xa4\xdd\x23\x8f\x77\
\xb9\xae\x76\xd3\xe2\x4d\xa4\xda\x3a\xde\x6a\x83\xfb\x1f\x77\x51\
\x72\xc1\x55\xfd\xd0\x9e\x58\x7e\x15\x48\x78\xea\xfb\xc5\xeb\xe5\
\xf8\x6a\xcf\xf7\x0d\xc1\xd5\x6f\x50\xa5\xba\x0f\x58\xd0\xe1\xa5\
\x3f\x92\xfb\xd7\xc4\x4b\x0d\x5a\x52\x73\xaa\xb5\xbe\xad\xed\xf7\
\xed\xf2\x5f\x23\xfa\x2e\x39\xd6\x5b\x86\xa3\x4f\x0d\x82\x76\x5c\
\xab\x96\x11\x57\x9b\x5d\x2d\x0b\x5d\x2e\xf2\x92\x49\x6f\x26\xb7\
\x32\xfe\x3c\x45\x6b\xab\x68\x56\xb0\xdd\xea\x29\xa3\xcd\xe7\x6f\
\x8e\x65\x54\x92\x5d\xa0\x1d\xc0\x2b\x03\xc1\x38\xc9\xc7\x61\x5c\
\x3d\xc7\x86\xa6\xbb\xb6\x7b\x8b\x15\x4b\xeb\x55\x3c\xb5\xbb\x89\
\x0a\x7d\x54\x7c\xc3\xf1\x15\xe9\x56\x1f\x06\x74\x8b\x8b\xc7\xba\
\xd5\x1a\xeb\x5e\xd4\x24\xff\x00\x59\x71\x7b\x31\x24\xfb\x2a\x2e\
\x15\x57\xd0\x01\xc5\x55\xd7\xbe\x0a\xe9\xb6\xd2\x7d\xb3\x47\x9a\
\xe7\x43\xbc\x5e\x8f\x04\x85\x90\x9f\x75\x27\x8f\xc0\x8f\xa5\x7b\
\x78\x1c\xca\x95\x18\xaa\x2a\x4f\xee\xd3\xf3\xbf\xf5\xb1\xf9\x87\
\x13\x70\x9e\x6d\x99\x57\x9e\x61\x52\x8c\x39\x5a\x5e\xea\xa8\xd5\
\x5b\x2d\xae\xdc\x7d\x9b\x7d\xe2\x9a\xed\xce\xec\x99\xe5\x28\x73\
\x9f\xef\x55\x8b\x76\x68\xa5\x57\x56\x68\xe4\x52\x19\x1d\x18\xab\
\x21\x1d\xc1\x1c\x83\xee\x2b\x77\x5d\x99\xac\xb5\x59\xac\xbc\x45\
\x6a\xad\x34\x31\xc7\x29\xd4\xec\x63\xfb\xaa\xe5\x82\x99\x57\x00\
\x1c\x94\x6f\x43\xf2\x9e\xb4\xb6\x9f\x0e\xaf\x35\x49\xe1\xfe\xcf\
\x96\xda\xfa\xd6\xe0\xe1\x6e\x62\x6f\x92\x3f\x5d\xe3\xaa\x9c\x76\
\xfc\x2b\xde\x78\xba\x6e\x37\xa9\xa7\x9f\x47\xe8\xff\x00\x47\x67\
\xe4\x7e\x63\x4b\x22\xc4\xfb\x6e\x4c\x22\x72\x94\x5f\xc3\x6b\x4e\
\x2e\xf6\xd6\x37\xbe\xff\x00\x6a\x2d\xc7\xfb\xc5\x1d\x72\xf3\x4b\
\xf1\x94\x2b\x1f\x89\xac\x9a\xea\x45\x01\x13\x54\xb3\xdb\x1d\xfc\
\x3d\x86\xef\xe1\x95\x47\xa1\x19\x03\xa0\x24\xd7\x0b\xe2\xbf\x84\
\x1a\x86\x91\x61\x26\xa5\xa3\xdc\xc3\xe2\x6d\x16\x32\x43\xdc\x59\
\xa9\xf3\xed\xbb\x91\x34\x27\xe6\x42\x07\x5e\xb8\x1c\x9d\xb5\xf4\
\xcf\x81\xfe\x1e\x69\x7e\x16\x0a\xcb\x10\xb9\xba\x5e\xb7\x12\x8c\
\xb6\x7f\xd9\x1d\x17\xf0\xe7\xde\xa8\x7c\x64\xd1\xed\xed\x74\x89\
\x35\xcb\x49\xa4\xd3\xf5\xab\x4d\xab\x0d\xd4\x18\x57\x94\x16\x03\
\xcb\x71\xd1\xd7\x04\x9c\x30\x38\xea\x31\xce\x7e\x56\xa6\x2a\x85\
\x4a\xea\x9d\x04\xd2\x7a\x79\x5f\xd3\xa2\xf4\xfb\x8f\xdf\xb2\xfc\
\xa7\x34\xc1\xe5\x92\xc5\x66\x75\x63\x51\xc1\x39\x35\xf6\x92\x4a\
\xef\xdf\xbd\xa4\xed\xd1\xad\x5e\x9c\xe9\x6a\x7c\x84\xb2\xac\xb1\
\x86\x56\xdc\x08\xc8\x20\xf0\x6a\xd6\xa7\xba\x2f\x0f\x69\x7b\x59\
\x95\x92\x59\xe4\x56\x53\x86\x53\xb9\x00\x20\xfa\xfc\xa3\x9a\xf5\
\x7d\x77\xc3\x5e\x1f\xf8\x8b\xba\x4d\x42\x15\xd0\x75\xa9\x39\x3a\
\x85\x94\x79\xb7\xb8\x6f\x59\xa1\xf5\x3d\xd9\x48\x27\xb9\xc7\x15\
\xc1\xf8\xf3\xc0\x5a\x97\x81\xec\xac\xe1\xbf\x8d\x5e\x1c\xb9\x86\
\xee\x02\x64\xb6\x9c\x33\x64\x6d\x7c\x75\xc7\xf0\x9c\x30\xf4\xc6\
\x09\xaa\xdc\xd0\x5c\xb3\x56\x66\x98\x2c\x66\x1f\x16\xa3\x5b\x0b\
\x35\x25\xd5\x6c\xd6\x8f\x75\xba\xf5\xdb\xb3\x66\x7d\xef\x8f\x2d\
\x3c\x6b\x66\x96\x7e\x34\xd3\xe4\xd6\xa3\x89\x44\x70\xea\xb6\xcc\
\x22\xd5\xad\x17\xb6\x24\x3f\x2c\xca\x3f\xb9\x2e\x7a\x9e\x6b\x97\
\xf1\x5f\xc0\xfb\xed\x33\x49\x93\x58\xd0\xee\xa1\xf1\x4f\x87\x54\
\xfe\xf2\xf2\xd1\x0a\xcf\x65\xdf\x17\x30\x1f\x9e\x32\x00\xfb\xdc\
\xae\x39\xc8\xc8\x15\x6a\x78\xba\xd1\xe1\xfd\x77\x52\xf0\xa7\x89\
\x2d\xef\x34\x5b\xcb\xad\x3f\x54\xdc\x23\x89\xed\x86\xe6\x97\x27\
\xee\x14\xc1\x0e\x09\xfe\x12\x08\x3e\x99\xc5\x70\xca\x4d\x6b\x1f\
\xb8\xfb\x0c\x3c\xe5\x25\xef\xeb\xf9\xff\x00\xc1\x3f\x3a\x7f\x6f\
\xa7\x58\x7f\x69\xbb\x8e\x57\xfe\x40\xd6\x5d\xfd\x9e\xbc\x76\x09\
\x26\xd4\x2e\x96\xde\xd6\x19\x2e\x2e\x24\xe1\x63\x8d\x77\x31\xfc\
\x3f\xad\x7d\xad\xff\x00\x05\x50\xf8\x17\x6d\xf1\x0b\xf6\xc1\xb3\
\xd5\xe3\x16\xfe\x1a\x91\xbc\x2f\x60\x9a\xed\x95\xa5\xbe\x1a\x4b\
\xfd\xf7\x0e\xee\x8a\x49\x58\xf3\x14\x90\x29\xea\x43\x23\x65\x4b\
\x12\x4f\x90\x69\xfe\x0c\xd3\xfc\x1f\xa7\xb5\xbe\x9b\x66\xb6\xe8\
\xdc\x48\xe4\xee\x92\x62\x3b\xbb\x1e\x4f\xd3\xa0\xcf\x00\x57\xef\
\x3c\x3d\x79\xe5\xb8\x76\xbf\x92\x27\xc1\xf1\x57\x8b\x19\x5e\x53\
\xcd\x82\xc2\xfe\xfa\xbc\x6f\x16\x95\xd4\x62\xd6\x8f\x9a\x5e\x5d\
\xa3\x7f\x54\x79\x96\x93\xf0\xca\x48\x55\x66\xd5\x24\x56\x6e\xa2\
\xda\x36\xe0\x7f\xbc\xdf\xd0\x7e\x75\x76\xee\x05\x85\x02\xaa\xaa\
\x22\x8c\x05\x51\x80\x3f\x0a\xe9\xb5\xb2\x22\x35\xcb\x6a\xb7\x18\
\xdd\xf5\xfe\xb5\xef\xc2\x9a\x5a\x1f\x80\xe7\x3c\x53\x98\x66\xd5\
\x7d\xa6\x32\x77\x5d\x22\xb4\x8a\xf4\x5f\xab\xbb\xee\xcc\xbb\xd9\
\x36\x9f\x6c\xd5\x19\x6e\x73\x52\x5e\xcd\x8c\xe5\xbb\x93\x51\xea\
\xfa\x14\xda\x77\x86\x1b\x52\xbd\x96\x3d\x36\xd6\xe2\x16\x7b\x3f\
\x38\xff\x00\xa4\x5e\xf0\x70\xd1\x44\x3e\x66\x8f\x20\xfe\xf4\x81\
\x1e\x41\x1b\x8b\x7c\xa7\x6e\x58\xad\xcf\x36\x9a\x72\xd8\xa3\xa9\
\x78\x8e\xd7\x46\x51\xe7\x49\xf3\x48\x32\x91\x2f\xcd\x24\x9f\x41\
\xe9\xee\x78\xac\x59\x3c\x5b\x75\x79\x71\xe6\x05\x58\xa3\x1d\x22\
\x1c\x8f\xc4\xf5\x27\xf2\xaf\xab\xbf\x68\x0f\xd8\x2f\xc3\xbe\x38\
\xd4\xae\x35\x5f\x09\xac\x3e\x19\xd6\xe6\x01\x9a\x20\xa4\xd8\x5d\
\x90\x00\x1b\x90\x64\xc4\x7f\xda\x8c\x63\xfd\x82\x79\xaf\x03\xd0\
\x7f\x63\x9f\x8b\x5e\x22\xf1\xba\xf8\x77\x4c\xf0\x07\x88\x35\x2d\
\x41\x9b\x1e\x74\x11\x03\xa7\xa8\xfe\xfb\x5d\x92\x20\x45\xf7\x77\
\x07\xb6\x33\xc5\x7c\x5e\x57\xc6\xd9\x5e\x3a\x8b\xaa\xaa\x2a\x6e\
\x2a\xed\x4d\xa8\xb4\x97\x5d\x5d\x9a\xf3\x4f\xd6\xc7\xee\xf9\xf7\
\x83\x39\xcf\x0f\x49\x2a\xd4\x5d\x68\xcb\x45\x52\x09\xca\x2e\xfb\
\x2b\x5a\xf1\x7d\x2d\x24\x9b\xfb\x2d\xa3\x0f\x4f\xd6\x63\xba\x5f\
\x9b\xf7\x6f\xdc\x1e\x87\xe8\x6a\xe1\x7d\xdf\xee\xd7\xe8\xd7\xec\
\x43\xff\x00\x04\x78\xf0\xbf\xc3\x4d\x57\x4f\xd6\xbe\x29\x3e\x9b\
\xe3\xcf\x11\x79\x8a\xcb\xa4\x08\xcc\x9a\x0d\x89\xc8\xe1\x91\xc0\
\x37\x8d\xd7\x99\x55\x63\xf9\xbf\xd5\x12\x03\xd7\xe7\x2e\x89\xe1\
\x79\xaf\xfc\x2c\xb7\xda\x54\xe3\x58\xb5\xb6\x83\xcd\xb9\x48\xf3\
\xf6\xcb\x24\x51\xf3\x3c\xb0\x9f\x9b\x60\xea\x65\x4d\xf1\x8c\x8d\
\xcc\xac\x76\xd6\x3c\x35\xc6\xd9\x76\x7b\x89\xc4\xd0\xc0\x36\xd5\
\x0e\x44\xe4\xd5\xa3\x27\x3e\x6f\x87\xab\x4b\x97\x76\x95\xef\xa5\
\xd6\xa7\xcb\x71\x37\x02\x63\xf2\x3a\x74\x2a\xe3\x12\x4e\xb7\x33\
\x51\x5a\xb8\xa8\xf2\xfc\x5d\x2e\xf9\xb6\x4d\xda\xda\x95\xee\x57\
\x15\x4a\xe7\xf7\x7d\x3b\x54\xcd\x74\x24\x5f\x95\x95\xb3\xcf\xd6\
\xab\x5c\xcb\xb8\x1a\xfb\x0e\x53\xc5\xc0\xdd\x33\x0f\x73\x69\x13\
\x97\xb3\x7f\xb3\xe4\x96\x78\xc0\xcc\x4f\x9e\xa4\xaf\x62\x7d\x57\
\x04\xf7\x26\xb5\xb4\xcf\x16\xc3\x72\x44\x73\xff\x00\xa3\xcd\xd3\
\x96\xf9\x18\xfb\x37\xf8\xe3\xf1\xac\x7d\x41\xfe\x6e\x3f\x5a\xc7\
\xbc\x93\xf9\xf7\xac\xb6\x3f\x56\xc8\x78\x93\x15\x87\x4a\x9c\xdf\
\x34\x7b\x3e\x9e\x8f\xfa\x5e\x47\xa3\x87\xe3\x86\xa5\xcf\x18\xcd\
\x79\xde\x95\xe2\xcb\x8d\x21\xb6\xab\xf9\x90\xff\x00\x71\xfa\x0f\
\xa7\x71\x5d\x66\x8f\xe2\x8b\x7d\x55\x46\x09\x8e\x43\xc6\xd3\xdf\
\xe8\x7b\xd5\xe8\x7e\xa1\x80\xcd\x28\x62\xa3\x7a\x6e\xcf\xb3\xdc\
\xd8\xc5\x34\xfc\xa6\xa3\x59\xb1\xfc\x47\xf1\xa4\x79\x78\xea\x68\
\x3d\x22\x5f\x37\xda\xa2\x32\x7f\xfa\xcd\x46\xd2\x67\xbe\x7e\xbd\
\xaa\x26\x97\x2d\xb7\xa9\x34\x19\x92\x34\xb8\x15\x5e\xe6\xed\x2d\
\xad\xde\x49\x24\x48\xe2\x8c\x6e\x76\x76\x0a\xa8\x3d\x49\x3c\x0f\
\xa9\xaa\x07\x58\x93\x55\x91\xa3\xd3\x63\x5b\xa6\x07\x6b\x4e\xcd\
\x8b\x78\x8f\x7f\x98\x7d\xf6\x1f\xdd\x4c\xf2\x30\xcc\x9d\x6a\xcd\
\xaf\x83\xa3\x33\xa4\xf7\xd2\x36\xa3\x73\x1b\x6e\x46\x95\x40\x8e\
\x13\xeb\x1c\x7f\x75\x48\xec\xdc\xbe\x3a\xb1\xa3\xd0\xce\xed\xec\
\x65\x5f\x6b\xb1\x6a\xf6\x93\x47\x6b\x26\xa0\xeb\x3a\x95\x5b\x8b\
\x3b\x79\x1d\x46\x7f\x89\x24\x08\x53\x3e\x84\x12\x2a\x9b\x44\xd6\
\x3e\x0f\x92\xc5\x21\xd6\xae\x1a\x18\x19\x51\xae\x56\x4b\x89\xae\
\x0f\x27\x0c\xc7\x2c\xc5\xba\x73\xeb\x8e\x95\xdb\xb5\xb9\x76\xcf\
\xf3\x34\x86\xdf\x15\x9c\xa3\xf6\xba\x9a\x72\x36\x45\xa4\x6a\x96\
\xba\xc5\xa8\xb9\xb5\x99\x2e\x21\x66\x2a\x4a\xff\x00\x03\x0e\xaa\
\xc0\xf2\xac\x3b\xa9\x00\x8e\x84\x0a\xba\x1b\x2b\xfc\xeb\x0f\x55\
\xf0\xb4\x57\xf7\x86\xf2\x19\xa7\xd3\xf5\x2d\xa1\x7e\xd7\x6c\x42\
\xbb\x81\xd1\x64\x52\x0a\x4a\xa3\x9c\x07\x07\x19\x3b\x4a\x9e\x6a\
\x21\xe2\xcb\x8f\x0d\x21\xfe\xde\x86\x38\x6d\x93\xae\xa7\x6a\x09\
\xb3\xc7\xac\xaa\x49\x7b\x7f\x72\xc5\xa3\x1c\x66\x5c\x9c\x54\xfb\
\x65\x7b\x4f\x4f\xc8\xda\xc7\x44\x10\x91\x41\x52\xb4\x96\xf7\x0b\
\x2c\x2a\xe8\xcb\x24\x72\x00\xe8\xea\x72\xac\xa7\x90\x41\xee\x0f\
\xad\x2b\x3e\xe3\x5b\x05\xfb\x81\x38\x15\x1b\x1d\xc6\x9d\x27\xdd\
\xa6\xd0\x3d\xc6\xb3\x6d\xfc\xe9\xa7\x9a\x07\x4a\x33\x40\xb4\x0a\
\x36\xe0\x7d\xee\x94\x8c\x70\x29\xa6\x4d\xc3\xbd\x26\x17\x1e\x4e\
\x7a\xd3\x4b\x00\x6a\x37\x97\x9e\xb5\x47\x55\xf1\x05\xbe\x8e\xf1\
\xac\xac\xcf\x71\x30\x26\x28\x22\x4f\x32\x69\xb1\xd7\x6a\x0e\x48\
\x1d\xd8\xe1\x46\x79\x20\x73\x47\xa9\x12\x99\xa1\xb9\x8b\xfc\xa3\
\xf2\x1d\x6b\x12\x1b\x95\xf1\x87\x89\xf4\xd9\xad\x58\x3d\x8e\x83\
\x73\x25\xc1\xb9\x1c\xa5\xc5\xc1\x86\x5b\x7f\x2e\x33\xfc\x4a\xab\
\x34\x85\xd8\x70\x18\x2a\x82\x48\x70\x8f\x5d\x12\xfb\xc5\x2b\xff\
\x00\x13\x2c\xd9\xd8\xb7\x5b\x08\x5f\x2f\x30\xf4\x9a\x41\xd4\x7a\
\xc6\x9f\x2f\x50\x5a\x45\x38\xad\xeb\x5b\x48\xec\x61\x48\xe3\x8d\
\x63\x8e\x35\x0a\x88\xa0\x2a\xa2\x81\x80\x00\x1c\x00\x07\x18\x1d\
\x05\x2d\xf7\x21\xdd\x93\x74\xa8\xdd\xf7\x1e\xfc\x51\x23\xe7\x8f\
\xce\xa2\x63\xc9\xe9\x8a\x1b\x00\x76\xc9\xef\xc5\x31\x9b\x3e\xb4\
\x39\xe7\xf9\xd4\x6c\x77\x1c\x76\xfa\xd2\x00\x67\xdc\x29\xac\xd8\
\xe7\xf0\xa5\x26\x98\xee\x3f\x0e\xd5\x64\xc8\x49\x1f\xff\x00\xac\
\x29\x8c\xfc\x7a\x0f\x4a\x6b\x9f\x7a\x8c\x9d\xc7\xfa\x1a\x68\x97\
\xa2\x1c\x64\x3f\xc3\xfc\xa9\x8c\xd8\x14\x8e\x40\x1e\xff\x00\x5a\
\x69\xc0\xeb\xfc\xea\xec\x8c\xf9\xd8\x33\x6d\xa8\xc9\x24\xd0\x4e\
\xe3\xdb\xf3\xa8\xf3\xb8\x76\xa0\x39\x98\xe2\xdb\x8f\xb5\x47\x23\
\x02\x31\x43\xbe\x47\x06\xa3\xdd\x8a\x9b\x15\xcc\x81\x8e\xd3\xd2\
\xa3\x39\xa1\x9f\x9c\xd4\x65\x89\xa9\x24\x73\x35\x46\xc7\x14\x37\
\x34\xd6\xe3\xd2\x9d\x80\x6b\x37\x15\x1b\xb1\x2d\x4e\x73\x8a\x88\
\x9c\xff\x00\x5a\x7b\x08\x46\x39\x34\xc2\x70\x33\x4a\x79\xa8\xd9\
\xb7\x1f\x6a\x93\x29\x4a\xe0\xcd\x9e\x6a\x3e\xb4\xae\xdb\xa9\x8e\
\xd8\x1f\x5a\x09\x1a\x4e\x4d\x35\xdb\x68\xa7\x1e\x16\xa3\x66\xc8\
\xc1\xfc\x79\xa9\x90\x08\x4e\x7f\xbd\x4d\x63\xcd\x29\x19\x1c\x63\
\xf3\xa6\x4b\xc0\x35\x9c\xb6\x06\x7d\xfb\x6e\x40\x1f\x9d\x4c\xa0\
\x55\x58\x0e\x17\xf3\xa9\xb1\x93\xeb\x58\x44\xfe\x11\xe4\xd4\x94\
\xb7\xff\x00\x5e\x98\xcf\x91\xfe\xcf\xad\x34\xd3\x59\xf3\xc5\x33\
\x5a\x74\xc1\x8e\xea\x8e\x57\xff\x00\xeb\xd0\xf2\xed\xff\x00\xf5\
\xd4\x2c\xdb\xba\xf4\xad\xa3\x14\xb5\x3a\xa3\x11\xc4\xfe\x55\x1b\
\xcb\x91\x48\xce\x71\xe9\x4c\x66\x38\xaa\x3a\xe9\xc0\x09\xc7\xf5\
\xa8\xe4\x38\xa7\x39\xc2\xd4\x4e\xf8\xff\x00\xf5\xd0\x76\x53\x88\
\x92\x1e\x29\xa4\x95\x4a\x0f\xca\x33\x4d\xce\x68\x3b\x23\x11\xac\
\x70\x0d\x37\x39\xa1\xdb\x77\xd2\xa3\x67\xdc\x2a\x92\xb1\xd3\x4e\
\x3a\x83\xfc\xc4\xd4\x72\x36\x4e\x29\xce\xd8\x18\xff\x00\x22\xa3\
\x2d\x86\x02\xa8\xeb\x8c\x40\xb6\xd3\xfd\x6a\x37\x93\x91\xfc\xa8\
\x27\x03\xfc\xf3\x4d\x79\x3f\xc8\xa0\xe9\x84\x46\xc9\x26\xef\xe9\
\x51\xf5\xe4\xfd\x68\x63\x8f\xf3\xd6\xa3\x95\xf8\xa4\xce\xa8\x44\
\x73\xc9\xcf\x5e\x3f\x9d\x44\xef\x93\xed\x4c\x92\x50\x9f\xe7\xad\
\x37\x3b\xce\x6a\x0e\x9a\x71\xea\x49\xbb\x6a\xd2\x79\x9c\x7b\xd2\
\x52\x33\x6c\x14\x1d\x51\x4c\x64\xbd\x87\xf4\xa6\x1e\x07\xd6\x94\
\x9c\xff\x00\xfa\xe9\xad\xf7\xa8\x3a\x23\x12\x36\x6c\xb7\xe9\x4d\
\x76\xda\x29\xcc\x79\x3e\x99\xa8\xdd\xf2\xdf\xfd\x7a\x0d\xa2\x86\
\xfd\xda\x8c\xb6\x4d\x3d\xce\x45\x37\x38\xac\x64\xf5\x36\x8c\x6e\
\x1d\xe9\xb2\xb6\x38\xa1\xdf\x02\x98\x78\x15\x9c\x99\xd5\x4e\x02\
\x4a\x3a\x54\x2c\xd8\x19\xa7\xc8\xdf\x87\xa5\x44\xe3\x38\xfa\xd4\
\x9d\x11\x89\x14\xb2\x60\x7d\x39\x35\xeb\x3f\x09\xfc\x1e\xbe\x1b\
\xf0\xda\xdc\xc8\x9f\xe9\xda\xa2\x09\x64\x24\x7c\xd1\xa1\xe5\x10\
\x7e\x07\x27\xdc\xfb\x0a\xf2\x29\xe1\xf3\x21\x65\xcf\x5e\x2b\xd9\
\x34\x2f\x1c\xe9\xbe\x3a\xd0\xa4\xb5\x6b\x83\x65\x77\x71\x09\x8a\
\x58\x83\x05\x91\x09\x5c\x16\x8c\x9e\x0f\xa8\x3c\xe3\xb8\xa9\x96\
\xc1\x28\xbe\x84\x77\x5a\xac\x3a\x88\x13\x5b\xba\xc9\x0c\x99\xd8\
\xe3\xa3\x00\x48\xc8\xf6\x3d\x8f\x71\xcd\x52\x9a\x6d\xca\x57\x75\
\x7a\x5e\x8f\xfb\x1e\xf8\xe7\x5b\xf8\x1b\x37\x8d\xf4\x1d\x36\xcf\
\x54\xf0\xae\x8f\x05\xc3\x5c\xca\x97\xd0\xc5\x71\x6b\x15\xaa\x93\
\x2b\x34\x6e\x57\x3b\x55\x4b\x61\x37\x12\x3a\x0c\x9c\x57\x92\x9b\
\xad\xff\x00\x37\xf4\xaf\x07\xeb\x70\x9c\xe4\xa1\x24\xdc\x5d\x9d\
\xba\x3e\xcc\xf7\x29\xe1\x65\x18\x45\xc9\x68\xd2\x6b\xcc\xe6\x75\
\x1d\x6e\x6b\x49\x64\x8d\xa4\x63\xb4\x95\x20\xfb\x57\x8d\xff\x00\
\xc1\x47\xf5\xf4\xbc\xbb\xf8\x26\x63\x65\x6d\xbf\x0f\x25\xce\x0f\
\x43\xff\x00\x09\x36\xbc\x31\xfa\x56\xb7\xc6\xef\x12\x5f\x59\x78\
\xea\xfa\xc3\xce\x2b\x6b\x88\xe5\x45\x51\x8d\xc1\x91\x49\xc9\xeb\
\xf7\xb3\x58\xb7\x23\xc2\x3f\x16\xfc\x1b\x67\xe1\xbf\x1c\xda\xea\
\x16\x67\x4d\x79\x1b\x47\xf1\x3e\x8d\x12\x49\xaa\x68\xa2\x43\xb9\
\xe1\x96\x19\x19\x23\xbd\xb3\x2f\x99\x3c\x86\x78\xa4\x47\x67\x68\
\xa6\x8f\xcc\x95\x25\xfa\x4a\x78\x76\xbd\x9e\x25\x2b\xdb\x5b\x2e\
\xce\x2d\x7e\x17\xdb\xee\xbb\xd0\xf1\xe8\xe6\xd4\xe9\x56\x9d\x09\
\xe9\xd2\xef\xba\x92\x7f\x76\x87\x88\xfc\x1f\xf8\xdd\xa8\x7c\x13\
\xf1\xe0\xd5\xed\x61\x8b\x50\xb3\xba\x89\xac\xf5\x3d\x36\x6f\xf5\
\x3a\x95\xb3\x7d\xe8\xdb\x20\x8c\x8c\x92\xac\x41\xc1\x24\x10\x55\
\x99\x4f\xa3\xd9\xfe\xcc\x5f\x0e\xfe\x39\xea\x8b\xa9\x7c\x3e\xf1\
\xb5\xbe\x8b\x69\x70\xde\x65\xd6\x89\xa8\xa8\x37\xba\x68\x3c\x90\
\xa8\xce\x19\x94\x74\x07\x2e\xb9\xe9\x21\xaf\x3c\xf8\xe9\xfb\x32\
\x78\xab\xe0\x3e\x9d\x1e\xb5\x76\x6c\x7c\x4b\xe0\xab\x99\x56\x1b\
\x4f\x15\xe8\x86\x49\xb4\xc9\x1d\xbe\xe4\x53\xef\x55\x96\xce\x73\
\xce\x21\xb9\x48\xdd\xb0\x4a\x79\x89\x87\x3e\x72\x44\x77\x43\xe6\
\x48\xe4\x1f\xed\x28\x35\xe5\xe3\xb2\x87\x89\x9b\xc4\xe0\x2b\x3a\
\x53\x7a\x36\x92\x69\xdb\xa4\xa2\xfa\xaf\x93\x5b\x33\xf5\x0e\x19\
\xe3\x48\xe0\xb0\xab\x2f\xcd\x30\xb1\xc5\xe1\x93\x72\x8c\x65\x29\
\x46\x50\x6e\xd7\x74\xea\x47\x58\xa9\x6f\x28\xb5\x28\xb7\xad\x93\
\xbb\x7e\xd7\xfb\x6a\xf8\x9f\x45\xb3\x4f\x0a\x78\x07\xc3\x73\x0b\
\x8d\x2f\xc1\x16\xee\x2e\x26\x12\x89\x3c\xdb\x99\x36\x8d\xa5\x87\
\x0c\xea\x15\x99\x8a\xf1\xba\x66\x1c\x15\x20\x63\x7e\xc3\x1e\x0d\
\xb3\xf1\xa7\xed\x21\xa5\x2e\xa0\xad\x25\xa6\x91\x6b\x75\xab\xba\
\x85\x0c\x49\x82\x16\x75\x20\x7a\x86\xc3\x0f\x75\x15\xe6\x12\x22\
\xec\xe3\xe5\x1d\x87\xa5\x77\xff\x00\xb2\x37\xc5\xfb\x5f\x80\xbf\
\xb4\x97\x85\x7c\x4f\xa8\x2a\x49\xa4\xd9\xdd\x9b\x7d\x49\x5f\xee\
\x1b\x59\x95\xa2\x90\xb7\xfb\x2a\xad\xb8\xff\x00\xbb\x53\x53\x29\
\xfa\x9e\x4f\x3c\x1d\x39\x39\x3e\x59\x5d\xf5\x6e\x57\x72\x7f\x36\
\xd9\xeb\x60\x78\xa6\x19\xa7\x19\x61\xf3\x6c\x6c\x63\x4e\x0e\xa5\
\x34\xa3\xf6\x21\x18\x72\xc6\x9a\xd7\x4e\x58\x25\x1b\xb7\x64\xec\
\xdb\x4a\xe7\x51\xe0\xaf\xf8\x29\x37\xc5\x2f\x87\xdf\x16\x74\xcf\
\x1a\x68\xb7\xda\x3c\x32\x69\x57\x46\xe2\x0d\x16\xeb\x4b\x82\xeb\
\x4c\x9a\x36\x0c\xaf\x6f\x32\xb2\xf9\x92\xc6\xe8\xcc\x8c\x7c\xc5\
\x7f\x98\x95\x64\x38\x23\xb7\xfd\xb4\xbe\x00\x7c\x3f\xfd\xa7\x7f\
\x66\xfb\xef\xda\x93\xe0\x0e\x83\x07\x83\x34\xfd\x16\xfe\x1d\x3b\
\xe2\xb7\xc3\x7b\x79\x43\x27\x82\x6f\x2e\x0e\x20\xd4\x6c\x40\x0b\
\x9d\x36\xe1\xfe\x50\x15\x55\x51\xbe\xea\xa8\x49\x96\x1f\x9f\x3f\
\x68\x2f\x83\x97\x1f\xb3\xbf\xc6\x0d\x67\xc2\x73\x34\x93\xda\xd8\
\xca\x64\xd3\x2e\x9b\x9f\xb7\xd8\xb9\x26\xde\x70\x47\x07\x72\x60\
\x36\x32\x15\xd5\xd7\xaa\x9a\xfa\x2b\xfe\x08\x55\xe3\x7b\x74\xff\
\x00\x82\x8a\xe8\xbf\x0f\x35\x84\x6b\xcf\x04\x7c\x74\xd0\xb5\x7f\
\x00\x78\xab\x4f\x24\xf9\x77\xf6\x77\x16\x13\xca\xa0\x8e\xcc\x25\
\x85\x14\x3f\x55\x59\x65\x00\xfc\xc4\x1e\x17\x81\xc2\xe0\x70\xbf\
\x5e\xcb\x22\xa0\xe0\xb9\x9a\x8a\xb2\x94\x56\xad\x49\x75\x76\xd9\
\xee\x9d\xb5\xdc\xc7\x38\xcc\xf3\x7c\x66\x36\x58\x5c\xfe\xa4\xea\
\x55\x83\x70\x7c\xed\xb7\x16\x9b\xd1\x5f\x64\x9d\xf4\x56\x5a\xbd\
\x0f\x89\xee\x6e\xaf\x9a\x2d\xf6\xba\x8d\xf5\xb3\x75\xc4\x73\xba\
\xa9\xfc\x01\xac\xb9\xbc\x6d\xe2\x6d\x16\x5c\x8d\x6b\x56\x5c\x1e\
\x09\xb9\x67\x5f\xd7\x23\xf3\xae\xe3\xc6\xbf\x09\xae\x7e\x0f\xfc\
\x60\xf1\x37\x80\xf5\x8b\xe8\xd6\xf3\xc1\xbe\x22\xbc\xf0\xdd\xfd\
\xeb\x44\xc5\x03\xda\x5d\x3d\xb4\xb3\x14\x5c\xb6\x33\x1b\x36\xd1\
\x93\x8e\x06\x4d\x6c\xfe\xd0\x5f\xb3\x6d\xd7\xc2\xdf\x8c\x3e\x3f\
\xf0\xdf\x85\xf5\x8b\x0f\x8b\x1e\x1b\xf0\x20\x8a\xee\x7f\x16\xf8\
\x4a\x17\xbe\xd2\x25\xb0\x99\x21\x78\xae\xe4\x92\x2f\x31\x20\x5c\
\xce\x91\x38\x77\x22\x39\x83\xc7\xbd\x8a\xe4\xfd\x36\x2a\x9d\x1a\
\x96\xe5\x93\x8b\x92\xe6\x5b\xab\xad\x3e\x5d\x56\x9b\xea\x78\x34\
\xf9\xd5\xe2\xfa\x68\x72\x9e\x13\xfd\xa4\xf5\x3d\x3d\x96\x3d\x6a\
\xdd\x35\x2b\x7e\x86\x68\x94\x45\x70\xbe\xf8\x1f\x23\x7d\x30\xbf\
\x5a\xf5\x3f\x0d\x78\xc3\x4c\xf1\xa5\x89\xb8\xd2\xee\x92\xe1\x54\
\x7e\xf1\x3e\xec\xb1\x7b\x32\x9e\x47\xd7\xa1\xec\x4d\x78\x67\x84\
\xfe\x1c\x6b\x1f\x11\xbc\x40\xba\x4f\x86\xb4\x6d\x53\x5f\xd5\xe6\
\x82\x7b\xa8\xec\x74\xdb\x57\xb9\xb8\x78\xa0\x85\xe7\x99\xd6\x34\
\x05\x88\x48\x63\x91\xdb\x03\x85\x42\x6b\x17\x4a\xbb\x9b\x4f\xba\
\x8e\xf2\xce\xe2\x4b\x79\xd7\x94\x96\x26\xda\xc3\xf1\x15\xc9\x4f\
\x15\x56\x94\xf9\x26\xf9\xbf\x35\xfd\x79\x95\xa4\xb5\x3e\x9a\x91\
\xb1\x5e\xc1\xff\x00\x04\xfa\x93\xcb\xfd\xa9\xa3\x6f\xee\xf8\x3b\
\xc6\x07\xff\x00\x2d\x7d\x56\xbe\x4f\xf0\x87\xc7\x66\x65\x5b\x7d\
\x6e\x3e\x7a\x0b\xb8\x53\xff\x00\x43\x41\xfc\xd7\xf2\xaf\xa8\x3f\
\xe0\x9e\xba\xa4\x3a\x8f\xed\x2a\x93\xdb\xcb\x1c\xf0\xc9\xe0\xbf\
\x18\x95\x91\x1b\x72\x9f\xf8\xa5\xb5\x5f\x4a\xdb\x1d\x52\x15\x30\
\xb5\x1c\x3b\x3f\xc8\x88\xd3\xf7\xd3\x47\xac\xc3\xf2\xc0\xbf\x4a\
\x55\x15\x1a\xb1\xf2\xc7\xd2\xa4\xe6\xba\xdc\xae\xcf\x3b\x93\x40\
\x66\xc6\x69\x85\xf2\x3f\xfa\xd4\xf6\xc8\x5a\x8d\xdb\x69\xff\x00\
\xeb\xd4\xa9\x6b\x62\x94\x6c\x04\xe3\xa9\xfd\x29\xac\x37\x1a\x69\
\x3b\x69\xbe\x6d\x51\x71\x83\x63\x24\x6d\xab\xfe\x35\x11\xe9\x52\
\x31\x2c\x29\x8c\x0b\x7a\x71\xde\xab\xd0\xde\x31\xb6\x88\x41\xcf\
\x4e\x5b\xd2\x9c\xc1\x62\xfb\xdb\x5d\xfd\x3f\x85\x7e\xbe\xbf\x4a\
\x11\xb6\x83\xb7\xe8\x5a\x94\xae\x0d\x17\x34\x8c\x7a\x8c\x63\xbd\
\xb7\x31\xc9\xef\x9a\x69\x20\x73\x43\xc9\x85\xed\x55\xe6\xb8\xff\
\x00\xf5\x54\x4a\x56\x29\x44\x92\x3b\x9f\xb2\xc9\x93\xf3\x46\x7e\
\x57\x5f\x51\xfe\x22\xbe\x80\xff\x00\x82\x62\xb8\xb2\xfd\xb8\xfc\
\x27\x24\x2c\x77\x7d\x8f\x52\xd8\xe0\xe0\xaf\xfa\x04\xe4\x10\x7a\
\x8e\x9d\xab\xe7\x19\xaf\x16\xbe\xa0\xff\x00\x82\x3b\xf8\x26\xeb\
\xc7\x5f\xb6\xb6\x93\xaa\x2d\x9d\xf4\xda\x07\x86\xf4\xdd\x46\xe3\
\x50\xba\x84\x62\x28\x59\xed\x5a\x04\x8c\xb9\x18\xdc\xc6\x65\x3b\
\x47\xcd\x8f\x9b\x1b\x41\x23\xc9\xcf\x2b\x25\x96\xd7\xff\x00\x0c\
\xbf\x21\x54\xad\x0a\x6b\x9e\xa4\x94\x57\x77\xa2\x3f\x51\xb4\xe9\
\x5b\xe2\x65\xea\xda\xea\x9a\x7b\x5f\xc9\x12\x8d\xda\x9c\x0c\xb0\
\xdd\x5a\xa7\xac\x8e\xdf\x23\xa8\xf4\x7c\x1e\xb8\x39\xa9\xbf\xe1\
\x59\x69\xda\x03\x34\xfe\x67\xfc\x24\x0b\x19\xe1\x82\x79\x70\x47\
\x8e\xee\x99\x2c\x7f\x1c\x2f\x6e\x6a\xe5\xde\xa4\x64\x81\x6d\x6d\
\xe1\x8e\xce\xc2\x36\xdc\x96\xd1\x7d\xdc\xff\x00\x79\x8f\x57\x6f\
\xf6\x9b\x3e\xd8\xe9\x55\xe2\xd4\x26\xb1\x99\x64\x8a\x47\x8e\x48\
\xfe\xeb\x29\xc1\x15\xf9\x06\x13\x2f\x95\xb9\xa5\xf7\x7f\x5f\xd7\
\xa9\xf9\x96\x7b\xc5\x54\x6b\x4f\x97\x0d\x17\x6f\xe7\xfb\x5f\x24\
\xf4\xb7\xf8\xb5\x7d\x1c\x48\xef\x75\x26\xbe\x2b\xb9\x81\x58\xc6\
\xd4\x45\x18\x54\x1e\x8a\x07\x00\x7d\x2a\x8b\xb2\xf5\xcf\x6a\xe8\
\x2c\xe0\xb4\xf1\x7c\xc6\x39\xa1\x92\xca\xef\xa9\xbb\xb6\x8f\xf7\
\x3f\x59\x53\x80\xa3\xfd\xa5\xc7\xb8\xa6\xdb\xf8\x3e\x4b\x6b\xc5\
\xb7\x86\xdf\xfb\x5a\xf1\x86\x54\xc7\xcd\xb2\x8f\xef\x64\xe3\x77\
\xe3\x81\xf5\xaf\x4e\x18\x8a\x74\xfd\xc6\xac\xd7\x4f\xf8\x3b\x5b\
\xfa\xb1\xf0\xf5\xb2\x5c\x46\x21\xfd\x62\x32\xe7\x8c\x9f\xc5\xab\
\x93\x7d\xb9\x75\x93\x7e\x89\xae\xcd\xa4\xd9\x8b\x67\xa5\xc9\xa8\
\x27\x9c\xed\x1d\xad\xaa\xf5\x9e\x5e\x14\x7d\x3b\xb1\xf6\x15\x7b\
\x42\x49\xb5\x0b\xbf\xb3\xf8\x6e\xc5\xae\xa7\x53\x89\x35\x0b\x95\
\x02\x38\xbe\x83\x95\x5f\xc7\x73\x7b\x57\x45\xe1\x9f\x01\x7f\x6b\
\xf8\x8f\x50\x87\x5a\x3f\x68\x6d\x34\xc4\x3c\xb4\x93\xf7\x6c\x5d\
\x37\xe3\xa0\xe0\x02\x38\x1c\x7d\x45\x77\x82\x24\xb1\x89\x6d\xe1\
\xb7\x58\x20\x8d\x46\xd0\x8a\x16\x31\xcf\x40\x07\xd3\xf5\xaf\x3f\
\x19\x9a\x59\xf2\xc5\x5f\xf2\xd7\x5f\x57\xf9\x1f\x53\xc3\xfc\x1f\
\x52\xac\x1d\x79\x3f\x64\x93\x6a\xf6\xbd\x46\xe2\xdc\x5a\x57\xf7\
\x69\xd9\xa6\xae\xb9\xa5\xbe\xa8\xe5\x7c\x3b\xf0\x7a\xca\xce\xf3\
\xed\xda\xe4\xd2\xeb\xba\x8f\x5c\xce\x0b\x42\x87\xd9\x4f\xde\xc7\
\xab\x7e\x42\xbb\x29\x5f\xce\xb4\xfd\xde\xe5\xe3\x80\x46\xdc\x7e\
\x1d\xa9\xa6\x4e\x5a\x81\x27\x3d\x05\x78\x15\xab\x54\xa9\x2e\x69\
\xbb\xfe\x4b\xd1\x74\x3f\x53\xcb\xf2\xbc\x2e\x02\x9b\xa5\x85\x82\
\x8a\x96\xad\xef\x29\x3e\xf2\x93\xbb\x93\xf3\x6d\xb2\xbe\x89\x73\
\xe7\x4d\x21\x01\xba\x75\x60\x45\x4d\x7e\xdf\x6c\x8f\x62\xfc\xb8\
\x6c\xe7\x1d\x69\xde\x69\x6e\x29\x31\x8a\x9d\xe5\xcc\x74\xc6\x36\
\xa5\xec\xa4\xef\xdf\xe6\x73\x9a\x5c\x0b\xff\x00\x0b\x37\x5a\x59\
\x36\xc9\x1c\x9a\x45\x98\x65\x65\xca\xb7\xef\x6e\xba\x8f\xc6\x9d\
\x6b\x61\x63\xe0\xad\x42\x14\xd3\x6c\xee\x23\x5d\x4e\x70\xb2\x2c\
\x16\xd2\xcb\x18\x3d\x32\x4a\x82\x23\x51\x93\xc9\x21\x47\x34\xdd\
\x2d\xff\x00\xe2\xee\xea\xcb\xff\x00\x50\x7b\x53\xff\x00\x91\xae\
\x2b\xa8\x1f\x28\xae\xac\x45\x57\x19\x5b\xa3\x8c\x74\xff\x00\xb7\
\x51\xe1\xe5\xb8\x3a\x75\xa9\x73\xd9\x29\x42\xa5\x5b\x3b\x5d\xaf\
\xde\x4a\xf6\x7d\x2e\xb4\x7f\xa9\x93\xa9\x78\xd6\xcf\x48\xd4\x1a\
\xce\x49\x5a\x3b\xa5\x19\x08\xe8\xc8\xaf\x9e\xe1\x88\xc3\x0f\xa1\
\x38\x3c\x57\x07\xe3\xcd\x66\xfb\x5c\x71\xf6\xac\x2c\x31\x92\x52\
\x34\xe5\x41\xf5\xcf\x73\x5e\x91\xaa\x69\x36\xba\xed\xa1\xb7\xbc\
\x85\x2e\x21\x6f\xe1\x7f\xe1\x3e\xa0\xf5\x07\xdc\x57\x1f\xae\x7c\
\x3b\xd4\xbc\x3c\x1a\x4d\x2e\x43\xa9\x59\xf5\x36\xb3\x60\xca\xa3\
\xd0\x1e\x8d\xf4\xe0\xfd\x6b\x7c\xbe\xad\x08\x49\x36\xbd\xef\x3d\
\xbe\x4f\xa7\xcf\xef\x3c\x9e\x2c\xc0\xe6\x98\x8a\x6e\x30\x6e\x54\
\x7a\xa8\x7c\x4b\xfc\x51\xbb\x72\x5f\xe1\x7f\xf6\xef\x53\xce\x65\
\x8f\x61\xab\x5a\x76\xb9\x36\x99\x04\x90\x8f\x2a\x6b\x39\x86\x26\
\xb6\x9d\x04\x90\x4c\x3d\x19\x0f\x15\xb0\x34\x6b\x4d\x71\x99\x61\
\x2d\x67\x72\xa7\xe7\x86\x51\x8c\x1f\x4c\x75\x15\x97\xa8\xc1\x1f\
\x87\x67\x65\x9a\x05\xba\xb8\x5f\xba\x1f\x3e\x42\xfd\x47\x05\xfe\
\x9c\x0f\x5c\xf4\xaf\x5e\xb5\x48\x4a\x2d\x35\xf2\x3f\x39\xc1\xe1\
\x6b\x61\xe6\xab\xd2\x9f\x2a\x5f\x6d\x37\xf7\x69\xad\xfc\xad\xeb\
\xa1\x9f\x75\xfb\x3b\x69\xbf\x10\x04\x77\x9a\x2d\xc4\xbe\x1e\x49\
\xa4\x09\x24\x17\x23\xce\x81\xcf\x7f\xb3\xb1\x60\xcc\x7a\xfc\x87\
\x23\xfd\xa5\x02\xb9\x7b\x98\xa1\xf8\x6b\x77\x35\x9e\x91\x67\x71\
\xa7\xde\x2e\x63\x9a\xfa\xec\x03\xa8\x38\x23\x90\x08\xe2\x15\x23\
\xb4\x7c\x90\x70\x5d\x85\x6b\x78\x83\x51\xb8\xd6\xae\x7c\xeb\xb9\
\x9a\x66\x03\x68\xcf\x45\x5e\xca\xa3\xa2\x8f\x60\x00\xa9\xaf\x75\
\xeb\x0b\x5f\x0c\x25\xe7\x8e\x2e\x22\xb4\xd0\x95\x59\x2d\x6f\xa7\
\x90\x8b\xd6\x61\xfc\x16\xe0\x06\x79\x86\x4f\x2b\x82\xa3\xa9\x23\
\x15\xf3\xb2\xa3\x28\xca\xfb\xae\xdf\xd6\xe7\xe9\x14\xf3\xfa\xb8\
\xfc\x3f\xd5\x69\xc9\xc2\x49\x6b\x3d\x12\x92\xb7\xda\xb7\xf0\xd3\
\xee\x9b\x5a\xd9\xf7\x3e\x21\xfd\xac\x7f\x7f\xf1\xaa\xf3\xfe\xbd\
\x2d\x54\x0f\x53\xb3\x80\x3f\x13\x5e\x57\xf1\x50\xe8\x5f\x03\x4e\
\xdf\x1e\x5f\xdc\xe9\xda\xa3\x00\xc9\xe1\xbb\x18\xd6\x6d\x6e\x40\
\x40\x20\xcc\x8c\x42\x59\x29\xc8\xe6\xe0\x89\x70\xc1\xd2\x09\x56\
\xba\x7f\xdb\xa3\xf6\xac\xba\xf0\x9f\xc7\x1d\x63\x4d\xf8\x7e\xb3\
\xf8\x6d\xad\x60\x81\x0f\x88\x58\xff\x00\xc4\xe6\xf2\x37\x85\x59\
\x5e\x09\x3a\x59\xc6\x55\xb0\x0c\x38\x98\xe1\xb7\xc8\x01\x31\x27\
\xc5\x5a\xb2\x46\x8f\x23\x63\x2c\xcc\x59\x98\xf2\xcc\xc7\x92\x49\
\xee\x49\xe4\xd7\xef\x19\x2c\xab\x4f\x03\x42\x11\xf7\x22\xa1\x1d\
\x74\x72\x7a\x2d\xb7\x49\x7d\xef\xca\x2c\xfc\x0b\x13\x91\xd0\xc3\
\xe6\x35\xde\x25\x7b\x4a\x9c\xf2\xd3\x55\x05\xef\x3d\xde\x8e\x6f\
\xd3\x96\x29\xec\xe6\x99\xee\x30\x7c\x43\xd2\xfe\x2e\xfc\x14\xf1\
\x86\xb3\x69\xe1\x2d\x37\xc3\x07\xc3\x9e\x24\xd0\xac\x2c\x5a\x2b\
\xeb\x9b\xcb\xd9\x60\xbb\xb4\xd6\xa4\x98\x5c\xcd\x23\x88\xa4\x62\
\xd6\x56\xe4\x18\xa0\x81\x57\x61\xc2\x65\x98\x9f\x3c\xbd\xb9\xde\
\x5a\xb6\x3e\x0c\x3e\xcf\xd9\x5f\xe2\x71\xfe\xef\x8b\xbc\x29\xff\
\x00\xa4\x5e\x23\x15\xcd\xdc\xdc\xe6\xbd\x7c\x0c\x79\x7d\xa4\x6e\
\xdd\xa5\xd5\xb7\xf6\x62\xf7\x77\x7b\xb3\x9f\x3b\x8b\x95\x7a\x73\
\x51\x51\xbc\x17\xc3\x15\x15\x7e\x69\x2d\x92\x4b\x64\x8d\x65\x30\
\x78\x6f\x41\xb2\xd4\x16\xde\x3b\xcd\x43\x52\x12\x98\xa6\xb9\x84\
\x49\x6d\x65\xb2\x42\x8c\x11\x1b\x2b\x24\xd8\x0a\xc4\xbe\x55\x16\
\x55\xc2\x6f\x2a\xeb\xc6\xf8\xa8\xcd\xab\x9b\xcb\x89\xe6\x9a\xea\
\xf2\xe7\x26\x49\xa6\x90\xc9\x24\xcc\x47\x56\x63\x92\x4f\x4e\x4d\
\x74\x9a\x27\x8c\x2e\x34\x0b\x79\xed\xc4\x56\xb7\xfa\x7d\xdb\x2b\
\x5c\xe9\xf7\xa8\xd2\x5a\xdc\x95\x04\x2b\x10\xac\xae\x92\x00\x48\
\x12\xc4\xc9\x22\x86\x60\x1c\x06\x60\x59\x77\xe1\x8b\x2f\x12\xcb\
\xbb\xc3\xb3\xce\xb7\x0c\x71\xfd\x8f\xa8\x4a\x9f\x6a\xcf\xa4\x13\
\x00\xb1\xdc\xe7\x8c\x2e\xd8\xe5\x24\xed\x58\xe4\xc1\x73\xd7\x7b\
\x37\xcc\xbe\x7d\x3e\x7d\xbf\x2f\x3b\xb3\x6a\x38\x75\x52\x9a\x54\
\xde\xbd\x57\x5b\xf7\x5d\xef\xf7\xf4\xb5\x95\xcf\xbe\x74\xfd\x4a\
\xd7\xc5\x9a\x15\x8e\xad\xa7\xdc\x43\x7b\x63\x7b\x02\x3c\x53\xc2\
\xc1\xd1\xf8\x19\x19\x1d\xc1\xe0\x8e\xa0\x82\x0f\x35\xed\x9f\xb2\
\x23\xb7\xf6\x67\x89\x94\xf4\x59\xad\x7f\x1f\x96\x5a\xfc\x9b\xf8\
\x79\xf1\x23\xc4\x5f\x08\xb5\xa9\xa4\xd1\x35\x2b\xed\x1e\xe5\x64\
\x29\x77\x68\xeb\xfb\xb9\x19\x4e\x0a\xcb\x0b\x8d\xa5\x86\x31\xf3\
\x0d\xcb\xd8\x83\x5f\x58\x7c\x1b\xff\x00\x82\xae\xda\xfc\x28\xf8\
\x65\xe2\x0f\xb6\x78\x2a\xe3\x50\xf1\x7d\xe3\x41\xf6\x24\xb6\xba\
\x11\xe9\x53\x15\x12\x06\x79\x59\x89\x96\x2d\xbb\x94\x84\x51\x26\
\xfc\x11\xbe\x3c\xe4\x7f\x35\xf1\x67\x85\x79\xc4\x3d\xdc\xb9\x2a\
\xd0\x93\xd3\x55\x19\x2d\x7a\xdd\xa5\x6f\x34\xfc\xec\x8f\xef\x4c\
\x97\xe9\x01\x90\x66\xb9\x54\xf0\xf9\x9c\x5e\x1a\xba\x4b\x4b\x39\
\x42\x56\x69\xbe\x59\x25\x74\xec\x9b\xe5\x92\x5d\x12\x72\x67\xe8\
\xdd\x86\xbd\x61\xe1\x38\x9b\x54\xd5\x6f\xac\xf4\xbd\x2b\x4f\x22\
\x6b\xbb\xdb\xc9\xd2\x0b\x7b\x54\x04\x65\xe4\x91\xc8\x54\x51\xea\
\xc4\x0a\xfc\x01\xf0\xa5\xdc\xfa\x7b\x5a\xdd\x5a\xcd\x35\xad\xc5\
\xb4\x82\x5b\x79\xe1\x76\x8e\x48\x58\x1f\x95\x91\x86\x19\x58\x70\
\x41\x18\x22\xbd\x03\xf6\x87\xfd\xa4\xfc\x77\xfb\x53\xeb\xf1\xea\
\x1e\x3a\xd7\x1e\xf6\xde\xd6\x53\x25\x9e\x95\x6e\xbf\x67\xd2\xf4\
\xe2\x73\x8f\x2a\x00\x48\xdc\x01\x23\xcc\x90\xbc\xa4\x70\x5c\x8c\
\x57\x2f\x3e\x8b\x0f\x87\x38\xd6\x26\x7b\x49\x17\xa5\x84\x58\x6b\
\xc6\xf6\x70\x78\x80\x1f\x59\x3e\x71\x90\x44\x6e\x2b\xef\xfc\x35\
\xe0\x1a\xdc\x35\x4e\xbc\xf1\x75\x14\xaa\x57\xe4\xbc\x62\xb4\x8f\
\x27\x35\x92\x7f\x6a\xfc\xce\xfa\x25\xeb\xb9\xfc\xff\x00\xe2\x37\
\x19\x51\xe2\x1a\xf4\xbe\xab\x07\x18\x52\xe6\xb3\x7b\xbe\x6e\x5d\
\x6d\xd3\xe1\xd3\x56\xcd\x3b\xfd\x46\xdf\xc6\x56\x17\x93\x5e\x41\
\xf6\x5d\x62\xd6\xde\x4b\xaf\xb7\x5a\xc2\x16\x3b\xcd\x8b\x92\xb7\
\x31\x2e\x15\x59\xb8\x02\x64\x00\x96\x23\xcc\x59\x0b\x99\x13\x93\
\x37\x3b\x93\xf0\xa9\x35\x7f\x13\x4b\xa8\xdb\xfd\x96\x38\xd2\xcf\
\x4f\x57\x0e\x2d\xa2\x39\xf3\x18\x74\x79\x18\xf3\x23\x0c\x9c\x13\
\xc2\xee\x6d\xaa\x80\x91\x59\x73\x5c\xed\x4a\xfd\x46\x31\xb2\x3e\
\x06\x9c\x13\x7c\xc8\xa7\xa9\x5c\x7c\xe7\xf2\xac\x7b\xb9\xf9\xa9\
\xb5\x1b\xbf\xde\x1a\xc9\xbc\xbb\xf4\xac\xcf\xa8\xc2\xd3\xb1\x1d\
\xdd\xc7\x26\xad\x78\x6b\x54\x65\xd4\xa3\x88\xb7\xee\xe4\x6c\x60\
\xd6\x1c\xd3\x35\xc5\xdc\x36\xf1\x24\x93\x5c\x5c\xc8\xb0\xc3\x0c\
\x6a\x5e\x49\x9d\x8e\x15\x15\x47\x2c\xcc\x48\x00\x0c\x92\x4e\x05\
\x6d\x5d\xe8\x71\xfc\x38\xd4\xe3\x8f\x5e\xb8\x68\xf5\xf5\x90\x2c\
\x7a\x0d\xa3\x2b\xdd\x5b\x49\x90\x07\xdb\x64\xe5\x2d\x48\x24\xe6\
\x02\x1e\xe3\x28\x51\xe3\x80\x32\xc9\x58\xd4\x9c\x53\xe5\xea\x7d\
\x26\x5b\x39\x42\xa4\x65\x1d\xae\x8e\xde\xd7\x5d\x92\xd3\x0a\xfb\
\xa5\x5f\x42\x7e\x61\xf8\xd6\x94\x5a\x9c\x77\x31\xee\x8d\xb9\xf4\
\x3d\x45\x73\x57\x77\x2b\x0b\xfc\xdc\xb1\xe8\x00\xe4\xfd\x05\x3a\
\xd8\x4d\x76\x76\x96\x68\x63\xf4\x53\xf3\x1f\xc7\xb7\xe1\xf9\xd0\
\xaf\x73\xf4\xe8\xd4\x92\x56\x36\xaf\x35\x75\x8a\x6f\x29\x16\x49\
\xee\x3a\x88\x62\x00\xb0\x1e\xa4\x9e\x14\x7b\xb1\x19\xed\x93\xc5\
\x36\x1d\x02\x4d\x5b\x9d\x45\xd5\xa1\xff\x00\x9f\x48\x89\xf2\x4f\
\xfb\xe7\x83\x27\xd0\xe1\x48\x3c\xa9\xeb\x4e\xd3\x6d\x63\xb2\x83\
\x64\x6a\xaa\x33\x9c\x0e\xe7\xd7\xeb\xef\x5a\x91\x1e\x39\xff\x00\
\x3c\x55\x5c\xd3\x7d\xcb\x16\xf6\xeb\x0c\x6a\xaa\x02\xaa\x8d\xa0\
\x01\x80\x07\xa7\xd2\xa4\xd8\xa6\x9b\x11\xdd\x53\x04\xcf\x5f\xc6\
\xa9\x48\xa5\xa8\xd1\xd2\x82\x32\x29\xdb\x01\x34\xd7\x1b\x4d\x12\
\xd8\xda\x28\x85\x87\x1f\x30\xa1\x55\xa3\x6d\xca\xd8\x2a\x78\x23\
\xa8\xa9\x37\x7f\x9c\xd3\x58\x63\x9f\x7a\x86\xaf\xa1\xa3\x89\xcf\
\xbf\x84\x1b\x46\x99\xe6\xd0\x6e\x23\xd2\x64\x62\x5d\xed\x1a\x3d\
\xfa\x7d\xc9\x27\x24\x98\x81\x1e\x53\x13\x9f\x9e\x22\xb9\x27\x73\
\xac\x98\xc5\x4f\xa6\x78\xd5\x5f\x51\x8b\x4f\xd4\xad\x9b\x49\xd5\
\x26\x25\x62\x86\x57\x0f\x0d\xe1\x03\x27\xc8\x94\x61\x65\xe0\x13\
\xb7\x0b\x20\x03\x2d\x1a\x8a\xd7\xc0\x6a\xab\xaa\xe9\x36\xfa\xce\
\x9f\x35\x9d\xe5\xbd\xbd\xe5\xa4\xc0\x09\x21\x9e\x30\xf1\xbe\x39\
\x19\x07\x8c\x83\x82\x0f\x50\x40\x23\x9a\xc9\x46\x50\x5e\xe7\xdd\
\xd3\xfe\x01\x36\x2e\xf9\x99\x1d\x29\x33\xcf\x15\xcc\xa5\xae\xa9\
\xe1\x13\xfe\x85\x24\xda\xd6\x9e\xbf\xf2\xe9\x73\x38\xfb\x64\x03\
\xd2\x29\x9c\x81\x28\xff\x00\x66\x66\x0d\xd4\xf9\xa7\x85\xad\x0d\
\x17\xc5\xd6\x1e\x25\x12\x8b\x59\xbf\x7f\x6f\x81\x3d\xbc\xa8\xd1\
\x5c\x5b\x13\xd3\xcc\x8d\x80\x74\xcf\x6c\x80\x0f\x51\x91\xcd\x6d\
\x1a\x8a\x4e\xdd\x7b\x7f\x5b\x99\x9a\x2d\xfa\x67\xad\x34\xbe\x3a\
\x7e\x75\x11\x9f\x23\xfc\x4d\x35\xe6\xf9\x5b\xfb\xaa\x32\x4f\x61\
\x57\x28\x80\xf6\x93\x07\xfa\xd5\x6d\x47\x55\x87\x4b\xb4\x92\xe2\
\xe6\x68\xed\xe0\x4c\x06\x79\x1b\x6a\xe4\xf0\x07\xb9\x27\x80\x3a\
\x93\xc0\xaa\x67\x56\x9f\x55\x3b\x34\xbb\x75\xba\xdc\x7f\xe3\xea\
\x5c\xad\xaa\x7b\x83\xd6\x53\xec\x9f\x29\xc6\x0b\xa9\xab\x9a\x47\
\x83\xa3\xb5\xbc\x4b\xcb\xa9\x1b\x50\xd4\x10\x1d\xb3\xca\x06\x20\
\xcf\x04\x44\x83\xe5\x8c\x1e\x9c\x65\x88\xc6\xe6\x6c\x66\xa3\x9f\
\xb1\x9e\xad\x94\x63\x7d\x4f\xc4\x58\xfb\x3a\x49\xa4\xd9\xb7\xfc\
\xb7\x9a\x20\x6e\xa4\x1f\xec\x44\xdc\x47\xf5\x90\x16\xea\x0c\x63\
\xad\x6b\x68\xbe\x17\xb5\xd1\x84\x86\x18\xff\x00\x79\x31\x06\x69\
\x5d\x8c\x92\xcc\x47\x42\xce\xc4\xb3\x63\xb6\x4f\x03\x81\x81\xc5\
\x69\x24\x41\x69\x4b\x6d\xa3\x98\xa8\xc6\xc3\x04\x42\x31\x44\x8d\
\x8f\xc3\x9e\x94\x33\x13\x51\xbb\x67\xff\x00\xd7\x42\xd4\x52\x23\
\x73\xc7\xd7\x8e\x94\xc2\x71\xf5\xf4\xc5\x3d\xdb\x3f\x41\x50\xc8\
\xdc\x7d\x68\x10\xd7\x6f\xf3\x8e\x94\xd2\x70\xa7\xdb\xd2\x87\xe0\
\x7f\xf5\xea\x32\x42\x8f\xf3\xcd\x52\x0b\x8b\x9e\x3e\x6a\x8d\x9f\
\x77\x5e\x94\xac\xdb\xea\x39\x4e\x4d\x68\x91\x03\x49\xff\x00\x7a\
\x9a\xec\x49\xff\x00\xeb\x75\xa2\x47\xdc\x7f\xfa\xf4\xdd\xd8\x1f\
\xfd\x7a\xa3\x17\x2b\xb0\xc7\xf9\xc5\x32\x4e\x4f\xff\x00\x5a\x94\
\xc9\xfe\x73\x4d\x07\xfc\xe6\x81\x0d\x73\xdb\xfa\x53\x19\xb6\xff\
\x00\xfa\xa9\x59\xb2\x73\x51\x93\xcf\x7f\xc4\xd0\x02\x1e\x07\xff\
\x00\x5a\xa3\x73\xce\x69\xee\xf9\xc7\xf8\xd4\x6e\xd9\x3f\xfd\x7a\
\x4c\x2e\x35\x8e\x7d\x85\x46\x59\xa9\xce\xfc\xff\x00\xf5\xea\x37\
\x6c\x9f\xfe\xbd\x2e\x51\xdc\x0b\x6d\x1d\xaa\x37\x6e\x3f\x4a\x77\
\x01\x73\x8a\x8d\xdb\x8c\xf1\x40\xb9\x92\x11\x8f\x34\xc9\x1b\xb7\
\xe7\x4a\xcd\xb4\x53\x09\xc0\x3f\x9d\x49\x93\x77\x11\x9b\x68\xa8\
\xd8\xed\x5a\x5e\xa6\x98\xed\x93\xf4\xa0\x42\x74\xa8\xcb\x6e\x39\
\xa7\x3b\x60\x7b\xd4\x6c\xdb\x7f\xa5\x00\x0e\xdf\x9d\x46\x79\x3d\
\xff\x00\x2a\x56\x39\x39\xfe\xb4\x85\xb0\x3f\xfa\xf5\x9c\xb7\x1f\
\x98\xd6\x38\xff\x00\xf5\x53\x64\xfb\xa7\xe9\x9a\x71\x6e\x79\xa6\
\xb7\xfa\xb3\xf4\xa8\x96\xc6\x4e\x5a\x9f\x7b\xdb\x9c\x2f\xe7\x53\
\x63\x22\xab\x5b\x36\x57\xf4\xa9\x83\x9c\x7a\x56\x2b\x63\xf8\x7f\
\x97\x51\xe4\xd3\x24\x93\x03\xf0\xa6\x96\xe3\x9e\xd4\xc2\xdb\xce\
\x7b\x55\xc5\x5d\x9a\x46\x22\x1f\x9c\xfa\x53\x59\xf3\x43\x9c\x9a\
\x61\x3f\x9d\x6c\x75\x42\x98\x8e\xdc\xd3\x59\xb0\x7e\x6a\x18\xed\
\xa6\x31\xcf\x5c\xd0\x76\x53\x80\x3c\x99\xa8\x98\xe4\xd1\x23\x64\
\xd3\x49\xc9\xa0\xea\x8c\x44\x1c\x9a\x6b\xbf\x38\xa4\x2f\xc7\x1f\
\x9d\x37\x38\x1f\x8d\x34\x75\x46\x22\x33\x60\xd2\x1e\x28\xce\x3a\
\xd3\x1d\xff\x00\xcf\xa5\x59\xd9\x4e\x9d\x84\x76\xc1\xff\x00\x3c\
\xd4\x6c\x72\xdf\xce\x9c\xc7\x68\xfe\x55\x1b\x36\xd5\xa0\xea\x8c\
\x44\x91\xb9\xc5\x45\x20\xe7\xf0\xa9\x33\x51\xc8\x79\xf7\xe9\x41\
\xd1\x08\x91\x96\xcf\xd2\xa1\x77\xda\x3d\xea\x47\x38\x51\x50\xc9\
\xdb\xf1\xa0\xea\xa7\x12\x17\x6c\xfe\x3d\x2b\x03\xe2\x1f\x8d\x6e\
\xbc\x09\xe1\xd8\xef\xad\x3c\x3b\xe2\x0f\x14\x4f\x25\xcc\x76\xc2\
\xcb\x47\x8e\x27\x9d\x43\x06\x26\x46\xf3\x24\x45\x11\xae\xdc\x13\
\x9e\xac\xbc\x60\x92\x3a\x07\x5c\x9f\xc6\x93\xca\xfc\x2b\x3a\x91\
\x72\x8b\x8c\x5d\x9f\x7e\xdf\x7e\x87\x75\x17\x18\xc9\x4a\x4a\xeb\
\xb7\x7f\xb8\x20\x9d\xa4\x81\x19\xa3\x78\x5d\x94\x33\x47\x21\x52\
\xd1\x92\x39\x52\x54\x95\xc8\xe9\xc1\x23\xd0\x91\xcd\x2b\x36\x4d\
\x04\x60\x53\x4b\x60\xd0\x69\x15\x77\xa0\xa4\xe1\x4f\xbd\x47\x21\
\xc0\xa5\x67\xc0\xf7\xa8\x9d\xbf\x3a\xce\x4d\xee\x6d\x18\x84\x87\
\x0b\x51\x93\x81\x9a\x53\xd2\x98\xed\xb8\xfb\x54\xb9\x36\x74\x42\
\x20\xcd\xcd\x46\xef\xc6\xda\x56\x6c\x0f\x7a\x40\x73\xc9\xac\xdb\
\x3a\xa3\x11\xb8\xc5\x35\x9b\x77\xd2\x95\xce\x7f\xad\x47\x24\x98\
\x15\x26\xd1\x42\x48\x72\xd5\x0b\x3e\xc1\x44\xb3\x81\xde\xa8\xde\
\x6a\x2b\x6f\x13\x3b\xb2\xa2\x8e\x49\x27\x81\x53\xab\x34\xba\x8a\
\xd4\xb0\xd2\x05\x1b\xaa\xad\xf7\x88\x2d\xf4\xaf\x9a\x67\x51\xdc\
\x0e\xed\xf4\x15\xca\xeb\x9f\x10\x0e\x5a\x3b\x3f\x98\xf4\x32\x30\
\xe3\xf0\x15\xcc\x5c\x6a\x52\xcf\x2b\x49\x24\x8d\x24\x8d\xd5\x89\
\xae\xda\x38\x29\x4b\x59\xe8\x78\xf8\xac\xf2\x94\x3d\xda\x5a\xbf\
\xc0\xfa\x5f\xc0\x7f\x12\x75\x69\xfe\x1a\x25\xa5\xae\xb1\xac\xda\
\x69\x3a\x98\x73\x71\x61\x15\xf4\xb1\xdb\xdc\x61\xd9\x7f\x79\x1a\
\xb6\xc7\xfb\xa3\xa8\x3d\x05\x42\xf3\x81\xc6\x71\x5c\xaf\xc2\x2b\
\xdf\x33\xe1\x86\x96\x73\x93\xfb\xf1\xff\x00\x91\xe4\xad\xe6\x99\
\x89\xaf\x94\xc5\x45\x42\xbc\xe2\xbb\xb3\xee\x30\x52\x75\x30\xd4\
\xea\x3e\xb1\x4f\xef\x49\x9e\x3f\xfb\x4b\x45\xe4\x78\xdb\x4f\xb8\
\xfe\x1b\x9b\x10\x84\xfa\xb2\x3b\x7f\x46\x5a\xf3\xb8\xee\x0a\x8e\
\xb5\xe9\x5f\xb4\xe4\x8a\xf7\x9a\x0f\xf7\x84\x77\x19\xfa\x66\x2c\
\x7e\xa0\xd7\x96\xbf\x03\x1d\xbe\x95\xf6\x99\x5c\xb9\xb0\x90\xbf\
\x6b\x7d\xcd\x9f\x9f\xe7\x54\xed\x8f\xa9\x15\xe5\xf8\xa4\xcf\xa1\
\x7e\x04\xeb\x12\x69\xdf\x0f\x6c\x2f\xb4\x9b\xd5\x59\x2e\xa0\x9a\
\xce\xf6\x31\xb6\x58\x6e\xa3\x32\x30\x78\x27\x8d\x81\x49\x63\x60\
\x00\x68\xa4\x56\x46\x1c\x32\x91\x5c\x17\xc5\xaf\xd8\x97\xc1\xff\
\x00\x13\x9a\x4b\xdf\x0b\xcd\x6b\xf0\xe7\xc4\x32\x65\x8d\xb9\x49\
\x65\xf0\xed\xeb\x77\xcc\x6a\x1e\x6b\x16\x27\x27\x30\x89\xa1\xc9\
\x55\x58\x60\x40\x58\x7a\x47\xc0\xcf\xdb\x9b\x43\x87\xc1\x1a\x5f\
\x81\xfe\x30\x78\x3f\xfe\x12\x0f\x0e\x68\xf6\xeb\x67\xa4\x78\xa3\
\xc3\x51\x43\x65\xe2\x7d\x0a\x25\x50\xa9\x1b\xe7\x6c\x3a\x84\x0a\
\x14\x28\x49\xc2\xc8\xa0\xb9\x12\x3b\x15\x03\xd2\xbc\x4b\xf0\x3c\
\xea\x1e\x04\x9f\xc6\xbe\x03\xd7\xb4\xcf\x89\xbf\x0f\xad\xdb\x13\
\x6b\x9a\x2a\x3a\xcd\xa4\x9e\x70\x9a\x8d\x93\xff\x00\xa4\x58\xc9\
\x81\xbb\x12\x29\x4d\xa5\x48\x73\xb8\x57\x9b\x5a\xb4\x7d\xa7\x2e\
\x21\x3a\x73\x6e\xca\x57\xd2\x5d\x92\x96\xd7\x7f\xcb\x24\x9f\x64\
\xf7\x37\xc3\xc7\x15\x85\x5e\xdb\x05\x3f\x69\x0d\xda\xb6\xab\xbd\
\xe3\xbd\xbf\xbd\x1b\xae\xed\x6c\x7e\x63\x7c\x52\xf8\x65\xe2\x6f\
\x82\x1e\x27\x5d\x1f\xc5\xda\x35\xd6\x87\x7f\x34\x66\x6b\x63\x23\
\x24\xb6\xda\x84\x40\xed\x32\xdb\x5c\x46\x5a\x1b\x88\xb7\x64\x79\
\x90\xbb\xae\x41\x19\xc8\x20\x73\x82\x60\xc7\xd6\xbf\x48\x2f\x65\
\xb7\xd7\x3c\x2f\x71\xa1\x6a\xda\x7e\x9b\xe2\x0f\x0e\x5e\xb8\x96\
\xe3\x49\xd4\xa1\xfb\x45\x9c\xaf\x8c\x79\x81\x72\x1a\x29\x82\xe4\
\x09\xe1\x68\xe6\x40\x4e\xd9\x16\xbe\x79\xf8\xc9\xff\x00\x04\xf8\
\x8f\x56\x69\x35\x2f\x85\x77\x72\x3c\xcd\x96\x7f\x09\xea\xf7\x88\
\x2e\x33\xd4\x8b\x1b\xc7\xda\x93\x8e\xb8\x82\x7d\x93\x01\xb5\x12\
\x4b\xa9\x1a\xb7\x9d\x49\xc5\x72\xd6\xdb\xba\xdb\xe6\xba\x7e\x2b\
\xbb\x47\xd3\x65\xb9\xce\x1b\x19\xfb\xb9\x3e\x49\xf6\x7b\x3f\x47\
\xfa\x3b\x79\x5c\xe6\x3c\x01\xe3\xbf\x07\xfe\xd0\x3f\x0c\xf4\xef\
\x01\xfc\x4c\xd4\x2e\x74\x3d\x43\xc3\xe0\xc7\xe1\xaf\x16\xc1\x08\
\xb8\x6b\x18\xce\x3f\xd1\x6e\x63\x2c\xbb\xe1\x18\x18\xf9\x97\x00\
\x0c\x32\x95\x3e\x67\xd3\x1f\xf0\x48\x6f\xd9\xd3\xe1\xff\x00\xec\
\x7f\xfb\x77\x78\x67\xe2\xaf\xc5\x9f\x8a\x5e\x09\x87\xc2\xbe\x0f\
\xb0\xd4\x2f\x34\xab\xcb\x79\xa5\x4b\x63\x7a\xf6\xcf\x12\x1b\x86\
\x99\x10\x28\xf2\x64\x9f\x62\xa7\x98\x5e\x5f\x25\x47\x24\x03\xf9\
\xe9\x7d\x05\xf7\x86\xf5\xcb\xed\x2f\x52\xb3\xbd\xd2\xb5\x6d\x36\
\x66\xb6\xbd\xb1\xbd\xb7\x7b\x6b\xab\x39\x54\xe1\xa3\x96\x27\x01\
\xe3\x70\x78\x2a\xc0\x11\xdc\x54\x72\x6d\x72\x4e\xd5\xe7\xa9\xdb\
\xfd\x6b\xe7\xb1\x5c\x3d\x5e\xbc\x5d\x2c\x35\x7e\x4a\x73\xf8\x97\
\x2a\x96\x8f\x7e\x57\x75\xcb\x75\xea\x8f\xd6\xe3\xc6\x98\x3a\xb8\
\x5f\x67\x9c\x60\xbd\xb6\x26\x11\xe5\x85\x65\x51\xd3\x95\x92\xb4\
\x7d\xa4\x79\x64\xaa\x38\x68\x93\xbc\x5b\x49\x29\x37\xb9\xd5\x7c\
\x62\xf8\x93\x1f\xc7\xcf\xda\x9f\xc7\x9e\x3d\xb5\xd1\xe7\x6b\x7f\
\x1f\x78\xdb\x52\xf1\x25\xb6\x93\x3a\xb3\x48\xe9\x7b\xa8\xcb\x72\
\x96\xae\x23\x3b\x8b\x11\x28\x8c\xec\x39\xc9\x38\x39\xc1\xaf\x69\
\xd3\xa6\x6d\x5b\xe2\x27\xed\x75\xff\x00\x0a\xaf\x52\xb6\xfd\x98\
\xf4\x46\xf0\x1c\x86\xf7\xe1\x9f\x89\x58\xdf\xdd\x6b\xd6\x31\x43\
\x17\xf6\x8e\x97\x14\xf7\x8b\xe6\xa5\xc9\x95\x64\x9e\x3c\x20\x98\
\x09\xf6\x29\x45\x0c\x47\xce\x3a\x0b\x63\x5b\xb1\xff\x00\x4e\x3a\
\x5f\xfa\x54\x3f\xe9\xc0\x49\x9b\x1f\x9d\x7f\x7c\x3c\xbf\x9f\xe4\
\xfb\xff\x00\x20\x2d\xf2\xf1\xce\x2b\xe8\x5f\xda\x3e\xfb\x45\x9f\
\xf6\x89\xfd\xa6\x1b\xe3\x74\xab\xfb\x47\x78\xda\xeb\xc3\xd6\xab\
\xe1\xef\x89\x3e\x08\xd4\x01\xd2\x2c\x75\x25\xb2\x81\x6c\xef\xe5\
\xfb\x29\x8a\xde\x48\x04\x3e\x44\x32\x87\x57\xdb\x25\xb3\x8c\x3b\
\x16\x7a\xf5\xb3\x4a\x2a\xd1\xa1\x04\xdd\xa3\x64\xb7\xd1\x4a\x1f\
\x65\xfb\x8e\xdd\x5b\x6a\x4b\xec\xde\xe7\xce\xe5\xf5\x79\xf9\xa6\
\xfb\xfe\x8f\xae\xff\x00\xa0\x7e\xcf\xb6\xf3\x41\xfb\x51\xfe\xcd\
\xc9\xe0\x1b\x3f\xf8\x64\xff\x00\x88\x8b\xe0\x59\xae\x25\xf1\xb7\
\x8a\xf2\xfa\x3f\x8b\x25\x6b\x1b\xbf\x27\x55\x8e\x3b\xc4\xf2\x7c\
\x9b\xf8\xc4\x96\xf9\x01\xe2\x67\x94\x2a\x86\x65\xf9\xbc\x16\xf5\
\x7c\x2e\x3f\x60\xdf\x06\x5b\xff\x00\xc2\xa3\xd6\xf4\x3f\x17\x3f\
\x8b\x25\x90\x7c\x4a\x79\xee\xce\x9f\xac\x69\xc6\xde\x40\xda\x67\
\x94\x57\xc9\x69\xa1\x93\xcb\x7d\xd1\x92\xe1\x61\x61\x8c\xb3\x67\
\xe8\x6d\x0a\x16\xd6\x7e\x23\x7e\xcb\xba\x7f\xc6\x2b\xeb\xaf\xda\
\x73\xe1\x6e\x9f\xf0\xf2\xea\xe6\xc7\xc1\x9e\x01\x01\xb5\xcf\x0b\
\xda\x1b\x7b\x8d\xfa\x74\xdf\x63\x31\x5c\x19\x6c\xe5\x8a\x29\xdc\
\xcb\x28\x01\x20\x75\x24\x22\xb0\x3e\x63\x35\xe7\x8f\x8f\xfc\x12\
\x87\xc2\x3e\x77\xc5\xbf\x0c\xeb\xdf\x0e\x63\xf8\x92\x23\x7f\x86\
\x6b\x24\x6d\xaa\xe9\x5a\x91\xb2\xb9\x74\xd4\x4f\xc9\xe7\x25\xac\
\xd1\x8b\x85\xc2\x48\x23\x2f\x30\x6d\xa6\x42\xc5\x7c\x3a\x70\xf7\
\x94\x9e\xf7\x8a\xbd\xde\xbe\xf5\x4d\x14\xad\xcd\x27\xfd\xd9\xa5\
\x15\xb2\x6c\xf4\xa3\x0b\xe9\xfd\x6c\xba\x6d\xf3\x5a\x9e\x31\xf1\
\x4b\xe1\x84\xff\x00\x0b\xbe\x21\xf8\xa3\x42\x5d\x4f\x45\xf1\x45\
\xaf\x85\xf5\x29\x34\xf7\xd7\x3c\x3f\x75\xf6\xfd\x1e\xfc\x2c\x8c\
\x91\xdc\x41\x70\xa3\x6b\x43\x2e\x37\x23\x1c\x12\x0e\x30\x08\x20\
\x7a\x9f\xfc\x13\x97\xc4\x17\xde\x10\xfd\xa4\x75\x0b\xcd\x3e\x44\
\x59\x2d\xfc\x01\xe3\x8b\x93\x1c\xaa\x5a\x19\x4c\x7e\x12\xd5\xdc\
\x06\x50\x46\x47\x1d\x88\x3e\xf5\x5f\x58\xd5\xa2\xbe\xd2\x3e\x3a\
\xdc\xfc\x2f\xd4\xa4\xf0\x5f\xc3\x7b\xe8\xb4\xd5\xd4\x3c\x25\xaf\
\xea\xf0\xdc\x6a\xda\x8d\x83\x6a\x76\xd2\x45\x6f\x13\x18\xc7\xda\
\x4d\xad\xf2\x40\xe5\x93\x64\xab\x10\x0c\xc5\x87\x9d\x9b\x3f\xb0\
\x15\xbe\xff\x00\x8f\x9a\xe6\x3f\x83\xe1\xa7\x8f\x9b\xff\x00\x2c\
\xfd\x63\xfc\x6b\xd0\x71\x94\xf0\xd5\x1c\xb7\x49\xfa\xfc\x29\xea\
\xb6\x4f\x5d\x93\x6a\xdd\x4c\xb1\x14\x95\x39\xab\x1e\xcd\xa5\x7e\
\xd6\xfa\x5c\xbe\x1f\x92\x6b\xed\x26\xfa\xdf\x51\x87\x6f\xfa\x3c\
\x2e\x24\x8a\x61\xdc\xab\x9c\x63\x1d\x70\xc3\xdb\x24\xd7\xb0\xc9\
\x19\x8d\x57\x72\xb2\x96\x50\x70\x7b\x64\x57\xc6\x36\xf1\xfe\xe9\
\x73\xed\x5d\xef\xc3\x8f\x8e\x5a\xe7\x80\x84\x76\xb2\x33\x6a\xfa\
\x5c\x78\x51\x6d\x70\xe7\x7c\x2b\xff\x00\x4c\xe4\xe4\xa8\xff\x00\
\x64\xe5\x7d\x00\xeb\x5e\x97\x33\x83\xf7\xcf\x19\x4d\x4b\x46\x7d\
\x1e\x7e\x61\x51\xc9\xc0\xac\x3f\x05\xfc\x49\xd2\x3e\x21\xdb\xb3\
\x69\xb7\x0d\xf6\x88\xd7\x74\xb6\xb3\x0d\x97\x11\x0e\xe4\xaf\x71\
\xfe\xd2\x92\xbe\xf9\xe2\xb6\xdc\x70\x3f\x5a\x7a\x6e\x8b\xe4\x5b\
\x90\x48\xf8\x3c\xd3\x77\x8f\xee\xd3\x9e\x16\x91\xf0\xa3\x3d\x69\
\xb9\xf2\xfe\xee\x19\xbd\x7b\x0f\xa7\xf8\xd6\xf1\xf3\x18\xab\x85\
\x1f\x37\xe0\x07\x53\x4b\x2c\x46\x54\xe0\x00\x3b\x01\x51\xaa\xfc\
\xd9\x39\x27\xd4\xd4\x81\xf0\x3a\xfe\x94\x4a\x56\x43\xd8\x89\x5f\
\x6f\x14\xc7\x94\x66\xa6\x95\x56\x7e\x33\xb6\x4e\xde\x8d\x54\x2f\
\x66\x10\x2b\x6e\x3b\x76\xf5\xcd\x64\xe5\x7d\x8b\xe7\xb6\xe3\x2e\
\x6e\xf0\x0f\xe7\x54\xad\x56\xf7\xc4\x5a\xc4\x3a\x6e\x97\x67\x75\
\xa9\x6a\x37\x07\x11\x5b\x5b\x46\x64\x91\xfd\x4e\x07\x45\x1d\xd8\
\xe0\x01\xc9\x20\x57\x6d\xe0\x1f\x80\xda\xa7\x8f\xe5\x8e\xe2\xfa\
\x49\x34\x7d\x29\xb0\xdb\x99\x33\x73\x70\x3f\xd8\x43\xf7\x41\xfe\
\xf3\x7a\xe4\x06\x15\xf4\x5f\xc3\x2f\x02\x69\x3f\x0e\xb4\xa3\x67\
\xa3\xd9\xc7\x67\x1c\x98\x33\x49\xf7\xa7\xb9\x23\xbc\x8e\x79\x6e\
\xe4\x0e\x83\x3c\x00\x38\xa7\x0a\x6e\x47\xe5\xbc\x65\xe2\xb6\x5d\
\x93\x27\x47\x0c\xbd\xb5\x65\xd1\x3f\x75\x3f\xef\x4b\xcb\xb2\xbb\
\xe8\xda\x3c\xf7\xe0\xef\xec\x3d\x6e\x0c\x3a\x87\x8e\xae\x7e\xd7\
\x37\x0e\x34\x6b\x29\x8a\xc1\x1f\xb4\xd3\x29\xcb\x9f\x55\x8c\x85\
\x04\x7d\xf7\x07\x15\xf7\x47\xec\x39\xe5\x78\x5f\xe3\x3e\x83\xa7\
\xe9\xf6\xb6\xb6\xba\x62\x59\xde\xdb\xfd\x8a\x08\x96\x28\x56\x21\
\x6b\x2c\x9b\x15\x40\xc2\xe5\x91\x4f\x4f\x5f\x5a\xf1\x7d\x34\xe1\
\x6b\xdc\xff\x00\x62\x0b\x4f\xb6\xfe\xd1\x3a\x24\x7f\xf4\xc2\xef\
\x9f\x40\x6d\x64\x5f\xeb\x5c\xb9\xed\x18\x47\x2b\xc4\x37\xfc\x92\
\xff\x00\xd2\x59\xfc\xdb\x82\xe3\x4c\xe3\x88\x38\xb7\x2f\x96\x36\
\xab\x92\xf6\xf4\xb9\x62\xb4\x84\x7d\xf5\xa2\x8e\xdb\x68\xdb\xbb\
\x6b\x76\xcf\xa5\xe1\xb2\xd3\xbc\x5d\x69\x1d\xd6\x8b\x73\xb6\x49\
\x57\x73\x58\xcf\xf2\x4c\x9c\x72\x07\xaf\xe1\x91\xef\x50\xbf\x87\
\xd3\x4e\xc3\x6a\x0c\xde\x67\x6b\x58\x48\x32\x31\xff\x00\x69\xb9\
\x0b\xf4\xe4\xfb\x0a\xd2\xf0\x36\x81\x7b\xe2\x5d\x16\x06\xd0\x80\
\xd3\x74\x77\x5d\x86\xfa\x51\x8b\x8b\xc0\x38\x27\x8e\x71\x90\x78\
\x18\x1e\xfd\xab\xbc\xf0\xef\x83\xac\x7c\x2e\x8b\xe5\xa7\x9f\x70\
\xbd\x67\x93\x96\xcf\xb7\xa7\xe1\xfa\xd7\xe2\x15\x73\x17\x4a\xf0\
\x4f\x6f\xbf\xe6\xfa\x7e\x67\xf4\xe6\x4f\xc3\x75\x31\xf4\xe1\x5a\
\xa5\x35\x16\xd2\xbc\xec\xd5\x36\xfb\xc2\x0d\xde\x5d\xee\xf9\x60\
\xfa\x27\x1b\x5f\x8f\xd1\x3e\x1f\xea\x5e\x24\x8d\x05\xe2\xff\x00\
\x65\xe9\xab\xca\xdb\xc6\x36\xb3\xfb\x91\xeb\xfe\xd3\x64\xfb\x57\
\x7b\xa4\x68\xf6\xda\x0d\x92\xdb\xd9\xc4\xb0\xc2\xbd\x87\x56\x3e\
\xa4\xf7\x35\x3b\x4c\x29\x3c\xca\xf2\x6b\x62\x2a\x55\xf8\xb6\xec\
\x7e\x85\x95\xe4\x98\x5c\x03\x73\xa7\x79\x54\x7a\x39\x3d\x5d\xbb\
\x2f\xe5\x8f\xf7\x55\x91\xcc\x78\x6c\xee\xf1\xef\x8b\x7f\xeb\xe6\
\xd8\x7f\xe4\xb4\x75\xb9\x76\xdf\xba\x15\x81\xe1\x66\xff\x00\x8a\
\xef\xc5\xde\xd7\x56\xdf\xfa\x4b\x1d\x6e\xce\x7c\xc0\x3e\xb5\xa5\
\x7f\x8d\x7a\x47\xff\x00\x49\x47\x26\x57\xfe\xed\x51\x7f\xd3\xda\
\xff\x00\xfa\x7a\xa0\xf3\xc7\x6a\x4d\xfe\xd4\xdc\xe4\x51\x8a\xc8\
\xee\xe6\x63\x95\xb2\x69\xc7\xa5\x43\xbf\x06\x9d\xb9\xbd\x69\xd8\
\x71\x7d\xce\x7b\x4d\x1b\x7e\x30\xea\x8d\xff\x00\x50\x8b\x65\xff\
\x00\xc8\xd3\xd7\x4e\x1f\x06\xb9\xad\x3d\x73\xf1\x4f\x52\x6f\xfa\
\x86\xdb\x8f\xfc\x8b\x35\x74\x3d\x47\xe1\x5b\x62\x57\xbc\xbd\x23\
\xf9\x23\xcf\xc9\x74\xa5\x53\xfe\xbe\x55\xff\x00\xd2\xe4\x49\xe6\
\x02\x29\xd1\x5d\x84\xea\x3f\x1a\x85\xdb\x02\xab\xc9\x2e\xe3\x8e\
\xb5\x82\xa7\x73\xda\x8c\xa5\x17\x74\x37\xc4\x7e\x16\xd3\xfc\x4e\
\xa1\xa7\x4d\xb3\xa7\x09\x3c\x7f\x2c\x8b\xf8\xf7\x1e\xc7\x35\xc2\
\xea\xba\x1c\xda\x64\x97\xd0\xdd\x08\xef\xac\x6c\x54\x3c\xd3\x37\
\xca\x21\x52\xbb\x83\x36\xee\x07\x1d\xf3\x81\xed\x53\x78\xf7\xe3\
\xa6\x97\xe0\xa5\x92\x18\xdb\xfb\x4a\xf9\x78\x30\xc6\xdf\x24\x67\
\xfd\xa6\xe8\x3e\x83\x27\xe9\x5f\x3e\xfc\x53\xf8\x95\xaa\x78\xfe\
\xea\xe2\x4d\x42\xeb\xcb\xb7\x98\xa9\x36\xb0\x92\xb0\x65\x78\x52\
\x57\x3f\x31\x19\x3c\xb6\x4f\x3d\xab\xd4\xc1\xe1\xeb\xdb\xfb\xbe\
\x7f\xa1\xf0\xdc\x49\x9a\x65\x2a\x6e\x69\x5e\xb7\x5e\x46\xac\xfc\
\xa6\xf5\x4f\xee\x72\x5e\x45\xff\x00\x89\x7f\x1e\x34\x3f\x0b\x19\
\x21\xf0\xe5\xaa\xeb\x57\xc3\x85\xba\xba\x5f\xf4\x2b\x73\xfe\xca\
\x70\x66\x61\xfe\xd6\x13\xd9\xc5\x7c\xed\xf1\x0b\xc5\x9a\x87\x8a\
\xb5\x79\xb5\x4d\x6b\x50\xb8\xd4\x2f\xa4\x19\x69\xe7\x7c\x90\xbd\
\x95\x47\x45\x51\xd9\x54\x05\x1d\x80\xae\xa3\x5f\x75\x65\x3b\x59\
\x7e\xb5\x7b\xe0\x8f\x84\xb4\x7b\xdd\x6f\x5c\xf1\x67\x8a\x20\x6b\
\xcf\x0a\x7c\x3f\xd3\x8e\xb3\x7d\x6c\xaa\x1b\xed\xf2\x82\x7e\xcf\
\x6d\x83\xc1\xf3\x19\x4f\x07\x86\x29\xb4\xf0\xc6\xbd\x6a\x71\xa5\
\x46\x2e\x76\xbb\xfc\x5f\x64\xbd\x59\xf1\x94\xb0\xb8\xdc\x7b\x49\
\xda\x14\xf7\xd3\x48\x45\x2d\x5c\x9e\xb7\x76\x57\x77\x77\x76\xd1\
\x76\x3e\x79\xfd\xa8\x7e\x09\x45\xa2\x78\x17\x42\xf1\x07\x8f\x85\
\x9d\xbc\x3e\x20\x18\xd0\x74\x65\x5d\xba\xcd\xd4\x00\x83\x25\xd7\
\x9a\x30\x6d\x2d\xc0\x65\x2b\x9d\xe6\x57\xd8\x1a\x12\x84\xb8\xf9\
\x2f\xe3\x77\xc1\x97\xf0\x4e\x91\x16\xbd\xa0\x6a\x52\x6b\xde\x18\
\xba\x9b\xec\xe1\xae\x23\x10\xdf\xe9\xf2\xe0\xb0\x86\x74\x04\xab\
\x1c\x03\x89\x23\x3b\x5b\x19\x2a\x99\x00\xfb\x37\xed\x7b\xf1\x4b\
\xc4\x3f\x16\xfe\x36\x6a\x5e\x26\xf1\x3d\xf2\xde\x6b\x1a\xa2\xab\
\x98\xe3\x27\xc9\xd3\xa1\xe4\xc5\x6b\x10\x3f\x76\x38\xd4\xf1\xd0\
\xb1\x66\x76\xcb\x3b\x31\xf2\x4f\x1f\x6b\xcf\x6d\xf0\xb5\x6d\x4b\
\x36\xed\x53\x57\x49\x90\x67\xf8\x2d\xe1\x70\xdf\x9b\x5c\xa7\x3d\
\xf6\x1f\x43\x5f\xa3\x65\x6b\x11\x4a\x86\x1d\xf3\x5d\xc9\xa5\x6b\
\x69\x67\x76\xd2\xf4\x49\xbb\xbd\xec\xfa\x34\x97\x8f\x4a\xb6\x16\
\xb5\x5c\x55\x0a\x74\xff\x00\x77\x4e\x12\x92\x9b\x7e\xfa\x94\x6c\
\x93\x97\x4b\x4e\x6e\x30\xe4\xb7\xba\xe5\x1b\x3b\xa9\x73\x3f\xe0\
\x65\xc3\x4d\xfb\x29\x7c\x56\xce\x41\x8f\xc5\x9e\x11\xfd\x6d\x7c\
\x46\x2b\x9c\x9a\xe3\x69\xe6\xbd\x07\xf6\x7d\xd3\xe1\xd5\x7f\x65\
\xff\x00\x8b\x51\xc9\xf2\xe7\xc4\x9e\x13\x7d\xc3\xae\x44\x1a\xf8\
\x1f\xfa\x15\x71\x9e\x22\xf0\xcd\xc6\x92\x19\xff\x00\xd7\x41\xff\
\x00\x3d\x14\x74\xfa\x8e\xdf\xca\xbe\x9f\x09\x1b\x4a\xaa\x7f\xcd\
\xff\x00\xb6\xc0\xf0\xf1\x91\xa7\x59\xd2\xb6\x8f\x93\x6f\xfb\x7a\
\x46\x3c\x97\x1f\x9d\x41\x24\xaa\xd9\x56\xc3\x03\xc6\x0f\x7a\x8e\
\xe2\x5d\xbf\xc4\x2a\x8c\xb7\xb8\x63\xc9\xc5\x77\xc4\xe5\x8e\x15\
\xc5\x9d\x54\x1e\x39\x6b\xa8\x23\xb7\xd5\xa0\x8f\x58\xb6\x85\x04\
\x51\x34\xce\x52\xea\xd9\x00\xc0\x11\xce\x32\xc0\x28\xe1\x51\xf7\
\xc6\xbd\x93\xbd\x3a\x4b\xaf\x0d\xed\xcf\xdb\xbc\x41\x16\xee\x7c\
\x93\xa7\x43\x31\x4f\x41\xe6\x79\xe9\xbb\xfd\xed\x8b\xfe\xed\x71\
\xff\x00\xda\x4b\x8e\x1b\xf5\xa8\xa6\xd4\xf3\xfc\x55\x5e\xcf\xb1\
\xe8\xd3\xe6\xb7\xbd\xa9\xd1\xea\x1e\x34\xfb\x0b\x63\x47\xb7\x6d\
\x2f\xfe\x9e\x5a\x5f\x36\xf0\xfd\x24\x01\x44\x7f\xf6\xcd\x54\xe0\
\x90\x59\x85\x72\xfe\x6a\xc6\xbf\x28\xc0\xf6\x1d\x2a\xad\xce\xa7\
\x8e\xf5\x46\x6d\x4f\x23\xef\x7d\x6a\x3d\x9a\x47\x6d\x35\x29\x3d\
\x4d\x19\xef\x42\x7f\x2a\xa1\x77\xa8\xfc\x8d\x8a\xa3\x3e\xa5\x9c\
\xe4\x9a\xb7\xa1\x78\x53\x50\xf1\x4e\x93\x75\xaa\x46\xd6\xba\x6f\
\x87\xec\x66\x10\x5e\x6b\x7a\x94\x86\xdf\x4d\xb4\x94\x8d\xde\x57\
\x99\x82\xd2\xcf\xb7\xe7\x16\xf0\x2c\x97\x0e\xaa\xc5\x22\x60\x0e\
\x30\xad\x28\xc1\x73\x49\xd9\x1e\xf6\x07\x0d\x29\xb4\xa2\xae\xcc\
\x5d\x46\xf9\x53\x73\x33\x00\xa3\x92\x49\xad\x0b\x6f\x00\xb5\xb6\
\x8b\x67\xad\x78\xa3\x52\x5f\x08\xf8\x7e\xfe\x31\x71\x65\x34\xf6\
\xc6\xe3\x52\xd6\x62\x3d\x1a\xc2\xcb\x72\x3c\xea\x70\xd8\x9a\x47\
\x86\xd7\x72\x95\x37\x0a\xf8\x52\x93\xfc\x49\xd1\x7c\x10\xdb\x7c\
\x2b\xa7\x8d\x6b\x57\x8c\xf3\xe2\x1d\x7a\xce\x39\x23\x80\xff\x00\
\xd3\x96\x9e\xdb\xe2\x5e\xe0\x4d\x75\xe7\x39\x1b\x1d\x22\xb5\x91\
\x73\x5c\x66\xa9\x3d\xf7\x8a\x35\xcb\xcd\x53\x55\xbe\xbd\xd5\x75\
\x6d\x4a\x4f\x3e\xee\xf6\xf6\xe1\xee\x2e\xae\xe4\x20\x02\xf2\x48\
\xe4\xbb\xb7\x1d\x58\x93\xc5\x70\x73\x54\xa9\xf0\xfb\xab\xbb\xdf\
\xe4\xba\x7c\xf5\xf2\x3e\xc3\x0f\x83\x51\x57\xa9\xaf\x97\xfc\x1f\
\xf2\xfb\xcd\xdd\x4b\xe3\x14\xfa\x65\xb4\xd6\x3e\x09\xb1\x9b\xc1\
\xf6\x37\x08\xd0\x5c\x5f\x8b\xaf\xb4\x6b\xda\x94\x6c\x36\xb2\xcb\
\x7a\x15\x0c\x31\x30\x2c\xa6\x1b\x55\x85\x1d\x1b\x64\xbf\x68\x20\
\x39\xc3\xf0\x27\x87\x15\x75\x3b\x61\x0c\x6a\x91\x5a\xb2\xc8\x76\
\x8c\x2a\x05\xe4\x0f\xcc\x55\xad\x33\xc3\x2f\x78\x54\xb7\xee\xe3\
\xf5\xee\x7e\x95\xd5\x69\x96\xd1\xe9\xb6\xc2\x28\x57\x6a\xaf\x27\
\xd4\xfb\x9f\x5a\x89\x7b\x38\x69\x0d\xff\x00\xad\xd9\xf5\x19\x76\
\x59\x3a\x92\x55\x2a\x69\x15\xd3\xb9\xa9\x02\x2e\xed\xc7\x96\x6e\
\xa4\xd6\x85\xb3\xe3\x6d\x64\xc3\x29\xeb\x5a\x56\xfb\x61\xb2\x9a\
\xea\x69\x23\xb7\xb4\xb6\x00\xcd\x71\x3b\x88\xe2\x87\x3d\x37\x31\
\xc0\x04\xf6\x19\xc9\x3c\x00\x4f\x14\x46\xa5\x99\xf5\x9e\xd1\x47\
\x73\x4a\xd9\xf2\x29\x9e\x25\xf1\x9e\x99\xe0\x5d\x3c\x5d\x6a\x97\
\x91\xdb\x2b\xff\x00\xab\x4f\xbd\x24\xc4\x76\x44\x1c\xb7\xd7\xa0\
\xee\x45\x79\xb7\x8d\xbf\x68\x74\xb4\x0d\x6b\xe1\x98\x7c\xc7\xe8\
\xda\x8d\xcc\x7f\x28\xf7\x8a\x36\xeb\xfe\xf3\xff\x00\xdf\x1d\xeb\
\xcb\x6f\x6e\xee\x35\xab\xf9\x2f\x2f\x6e\x27\xbc\xbb\x97\xef\xcd\
\x33\x97\x66\xf6\xcf\x61\xe8\x07\x03\xb5\x74\xc6\x2d\xee\x71\x57\
\xcc\x14\x74\x86\xa7\xa1\x78\xcb\xf6\x9b\xd5\xf5\x56\x92\x1d\x0e\
\x14\xd2\x2d\xba\x09\xe4\x55\x96\xe5\xc7\xe3\x94\x4f\xa6\x18\xff\
\x00\xb5\x5e\xe9\xf0\xfa\xe6\x5d\x4f\xe0\xb7\x81\x6f\xae\x66\x92\
\xe2\xef\x50\xd1\xde\x59\xe6\x91\xb7\x49\x33\x8b\xeb\xc8\xcb\x31\
\xee\x70\x80\x7b\x00\x07\x40\x2b\xe4\x56\x4d\xab\xf8\xd7\xd6\x9f\
\x0b\x1b\xfe\x31\xeb\xe1\xaf\xbe\x87\x71\xff\x00\xa7\x7d\x48\x7f\
\x4a\x39\x6d\x24\x2c\xaa\xb4\xea\x56\x7c\xcf\xa7\xea\x8d\x46\xc6\
\x7d\xea\x39\x1b\x3e\x94\x6e\x27\xbf\x14\xd7\x38\x15\x52\x3e\x8e\
\xc1\x90\x3d\x3f\x2a\x6b\x30\x3c\xfe\x14\xd6\xe3\xae\x69\xa4\x92\
\x6a\x05\x26\x29\x7f\x4f\xce\x98\xcd\x81\x4d\x79\x30\xb5\x0c\x93\
\x73\xf2\xd1\xca\xcc\xdc\x87\x4c\x32\xbf\xe7\x9a\xe7\x7c\x6f\xa2\
\xda\x6a\x5a\x64\x97\x17\x10\x23\x5c\x59\xc4\xcd\x6b\x3a\xe5\x27\
\xb7\x63\xff\x00\x3c\xe4\x5c\x32\xe4\xe0\x7c\xa4\x67\xbe\x6b\x5f\
\x50\xd5\x22\xb0\x45\xf3\x5b\xe6\x94\x91\x1a\x28\x2f\x24\xa7\xd1\
\x54\x72\x4f\xd3\xa0\xe7\x81\x51\x5b\xe9\x37\x1a\xc4\xf1\xc9\x7c\
\xbf\x67\xb6\x8d\xd6\x48\xed\x43\x06\x66\x65\x20\xab\x48\xc3\x8c\
\x82\x01\x0a\xa4\x80\x46\x49\x6e\x30\x49\x26\xac\xcc\xdc\xaf\xb1\
\x4f\xc4\xf0\xb6\x83\x7d\xa7\xad\xae\x9b\xaf\x6a\x49\x7b\x76\xb6\
\xd2\xb5\xad\xde\xef\xb1\x29\xff\x00\x96\xb2\x79\x92\x03\xb0\x77\
\xdb\x92\x3d\x3a\x67\x69\x3c\x29\x6a\x59\x7c\xd8\xda\xe3\x69\xc8\
\x13\xca\xd3\x2a\x9f\x50\x18\x91\x9f\x7c\x66\xaf\xaa\x77\xa9\x50\
\x60\x54\x2d\xef\x72\xac\x0b\x18\x5a\x75\x14\x13\x81\x4c\x04\x66\
\xdb\x4c\xcf\x34\x13\x9a\x63\xbe\x4e\x3d\x69\xc7\x50\x11\xdf\x03\
\xaf\x7a\x63\x3e\x4f\x1f\x9d\x23\xb0\xfc\x2a\x36\x62\xdf\x4a\xd5\
\x10\xdd\xc1\x9b\x75\x46\x4e\x5c\xd3\x99\xf0\x71\x51\xb9\xda\xa7\
\xd4\xd0\x4b\x63\x18\xfc\xd9\xf7\xa6\x13\x93\x4b\x21\xe2\xa3\x66\
\x20\x7f\x2a\x69\x12\x2e\xe0\x05\x47\x21\xc2\xf3\x41\x60\xa2\x98\
\xce\x5a\xac\x4f\x61\x32\x3d\xbf\x2a\x6b\xb7\x3e\x9f\x87\x5a\x0b\
\x9c\xf1\xfc\xe9\xa4\x7d\x68\x31\x0c\x8f\x6f\xca\xa3\x67\xdc\x7d\
\x05\x29\x3b\x8f\xd2\x98\xcd\x83\xc7\x3f\x8d\x00\x23\xb7\x14\xc6\
\x3b\x47\xd6\x82\xf8\xe9\x9c\xd3\x4b\xe7\xf8\xbf\x2a\x00\x46\x6d\
\xa3\xb5\x45\x23\x7b\xd3\xdd\xbe\xb8\xed\x51\x37\x73\xcd\x00\x23\
\x38\x5f\xff\x00\x55\x47\xbb\x1e\x94\xf6\xf9\x9b\xf8\xaa\x36\xf9\
\x8f\xf1\x50\x00\xcf\x9f\xa5\x42\xcd\x9e\x4d\x39\xdb\x27\x15\x1b\
\x1c\xb7\xb5\x41\x98\x13\xb8\xff\x00\x2a\x6c\x9d\x69\x59\xb6\xd4\
\x6c\xd8\xe6\x91\x22\x33\xed\xfa\xd3\x0f\x02\x95\x9f\x9e\x78\xa8\
\xd8\xef\x3e\xd4\x00\x67\x8a\x8d\x9b\x77\x5c\x53\xa4\x3c\x7e\x34\
\xd3\x49\xec\x03\x49\x00\x76\xfc\xa9\xa4\xe6\x86\x39\xe3\xfa\xd2\
\x54\x13\x29\x06\x70\x29\xb2\xb6\x3f\x0e\x69\x64\x6e\xdd\xea\x39\
\x06\x23\x6f\xa5\x4c\xb6\x31\x3e\xf5\xb7\x38\x5a\x98\xbe\x7b\x55\
\x6b\x76\xda\xbf\x8f\xe5\x52\x16\x2d\x58\xa3\xf8\xaf\x97\x51\xcc\
\xdb\x8f\xb5\x36\x49\x3b\x53\x59\xb3\x4d\xdd\x5a\x53\x3a\x29\xd3\
\xea\x2e\x71\x4c\x63\xb6\x82\x40\x3c\xd4\x64\xf1\xce\x6b\x43\xaa\
\x31\x60\xc7\x9e\x6a\x26\x6c\x9a\x73\x31\x6a\x61\x6c\x8f\xd6\x83\
\xaa\x11\x02\x6a\x36\x6c\xd0\xed\xd6\x98\xcd\x8a\x0e\x88\xc4\x18\
\xd2\x13\x93\xfc\xa9\xa5\xb1\xcb\x51\x23\x76\xab\x47\x55\x38\x08\
\xce\x77\x53\x09\xdb\xfe\x7a\xd1\x8a\x6b\x36\xef\xa5\x33\xb2\x31\
\x02\x7b\xd4\x6c\x77\x1f\xa5\x2c\x8d\x9f\xeb\x4c\x63\x81\xfd\x28\
\x3a\x23\x10\x63\xb4\x7b\xe6\xa3\x63\xb1\x69\xdd\x2a\x36\x6d\xc7\
\xbd\x07\x4d\x38\xdc\x8d\xf9\xc7\xe5\x51\xb1\xc9\xa9\x1d\xb7\x1c\
\x54\x65\x76\xb5\x07\x64\x62\x35\xf8\x5c\x7a\xd4\x7b\xa9\xf2\x9e\
\x69\x9f\x5e\x95\x9b\xb1\xbc\x62\x21\x38\xa4\xa0\x9c\x9a\x63\xb7\
\x3f\xe1\x52\x6f\x18\x88\xcf\x91\x9f\x4a\x8d\x8f\xf1\x50\xed\x9f\
\xc2\xa3\x76\xff\x00\x3e\xb5\x9c\xaf\xd4\xde\x31\x06\x39\xa8\xda\
\x4f\xee\xd2\x16\xcf\x35\x13\x3e\x7e\x95\x9c\x99\xd5\x4e\x36\x1c\
\x5b\x1e\xf4\xe6\x6c\x71\x51\x96\xe3\xfc\x2a\x29\x67\xc0\xac\xef\
\xd8\xdd\x0b\x2c\xb8\x15\x56\x7b\xbd\xbd\xea\x9e\xab\xad\x47\x62\
\x99\x91\xbb\x70\x07\x53\x5c\xbe\xaf\xae\xcd\xa8\xee\x50\x7c\xb8\
\xff\x00\xba\x3b\xfd\x4d\x75\xe1\xf0\xb3\xa9\xaf\x43\xce\xc7\x66\
\xd4\x70\xca\xcf\x59\x76\x35\xb5\xcf\x19\x45\x69\xb9\x21\xfd\xf4\
\x9e\x80\xf0\x0f\xb9\xae\x47\x58\xd5\xee\x35\x47\xdd\x34\x8c\x57\
\xb2\x8e\x14\x7e\x14\xae\x98\xfc\xea\xb4\xfd\x31\xef\x5e\xbd\x2c\
\x2c\x29\xad\x37\x3e\x37\x19\x9c\x56\xc4\x3b\x49\xd9\x76\x45\x36\
\x6e\x3e\xb5\x5e\x46\xdc\x7f\x0a\x9a\x5e\x7f\x0a\x81\xc6\x5a\xb4\
\x38\xe1\x51\xb6\x7a\x6f\xc2\xbf\x1f\xe8\xfe\x1d\xf8\x7d\x6f\x0e\
\xad\xad\x68\xfa\x4b\x47\x75\x34\x51\x8b\xeb\xe8\xad\x7c\xcc\xe1\
\xfe\x5f\x31\x86\x7e\xf9\xe9\xe9\x53\x78\xf3\xf6\x9b\xf0\x2f\xc3\
\xaf\x0e\xc9\xaa\x5d\x78\x8b\x4f\xd5\xa3\x86\x44\x88\xda\xe8\xb7\
\x50\xdf\xdd\x3b\x36\x70\x36\x2b\xe1\x47\xca\x7e\x67\x2a\xbe\xf9\
\x20\x1f\x9b\xff\x00\x69\x4d\x3e\x3b\xff\x00\x86\x36\xfb\x95\x58\
\xdb\xea\xb1\x49\xd3\xb1\x8e\x55\xff\x00\xd9\x85\x79\xbb\x69\x8b\
\x6d\xf0\x2a\xeb\xcb\x50\xbe\x7e\xbb\x12\xf0\x3a\xe2\x26\x35\xf3\
\x58\xac\xa6\x33\xad\x2a\x97\xdd\xdc\xfd\x8b\x87\x71\xde\xd3\x2f\
\xa4\x9a\xdb\xdd\xfb\xb4\x5f\x81\xeb\xda\x07\xc5\xfd\x5f\xe3\x91\
\xd4\x35\xfd\x55\x63\xb7\x8e\x4b\xd9\x20\xb0\xb2\x8c\xe5\x2c\x6d\
\x95\x50\xac\x79\xc0\xde\xd9\x2c\x59\xc8\xcb\x31\x3c\x2a\xed\x55\
\xd3\x1d\x2b\x90\xf8\x35\x67\xfd\x9f\xe0\x0b\x41\x8f\xf5\xaf\x2c\
\x84\x7d\x5c\x8f\xe9\x5d\x51\x93\x1e\xb5\xee\x51\xa6\xa9\xd2\x8c\
\x17\x44\x7c\x8e\x69\x2e\x6c\x6d\x59\x3f\xe6\xfc\xb4\x1e\xfc\xff\
\x00\x3a\xd7\xf8\x5d\xf1\x4b\xc5\x1f\x02\x7c\x7f\x6b\xe2\xaf\x03\
\xf8\x8b\x56\xf0\x9f\x89\x2c\xb1\xe5\x5f\xe9\xd3\x79\x72\x32\xe4\
\x31\x8e\x45\xe5\x25\x8c\x90\x33\x1c\x8a\xc8\xd8\xe5\x4d\x61\xf9\
\x99\xff\x00\x1a\x1d\xf2\x29\xce\x31\x9c\x5c\x26\x93\x4f\x74\xf5\
\x4f\xe4\x65\x42\xa4\xa9\xb5\x28\x3b\x35\xb3\x5b\x9f\x58\xf8\x2b\
\xf6\xb5\xf8\x5d\xfb\x44\x95\xb3\xf8\x95\x61\x6f\xf0\x7f\xc6\xd2\
\x2e\xd5\xf1\x67\x87\xec\x1a\x6f\x0c\x6a\xd2\x63\x83\x7d\xa7\x26\
\x64\xb3\x91\x88\x50\x66\xb5\xdd\x1e\xe7\x77\x78\xd1\x40\x15\xa3\
\xf1\x97\xe0\x5f\x89\xbe\x0a\x47\x63\x75\xac\x5b\xda\x5f\x78\x7f\
\x58\x5d\xfa\x4f\x88\xb4\x8b\xa5\xd4\x34\x3d\x6e\x33\x9d\xaf\x6d\
\x77\x1f\xc8\xe1\x80\x24\x29\xda\xf8\xe4\xa8\xaf\x8d\x65\x19\x18\
\xfc\x3e\xb5\xe8\x3f\xb3\x8f\xed\x7b\xf1\x03\xf6\x4b\xb9\xbe\x83\
\xc2\x3a\xa5\x9d\xd7\x86\xf5\x87\xdd\xac\x78\x53\x5c\xb5\x1a\x97\
\x87\xb5\xb0\x76\xe4\x4f\x68\xe7\x6e\xe3\xb5\x41\x92\x22\x92\xe1\
\x40\xdf\x8e\x2b\xcb\x96\x12\xb6\x1d\xdf\x08\xef\x1f\xe4\x93\xd3\
\xfe\xdd\x96\xae\x3e\x8e\xf1\xe8\xb9\x56\xa7\xa3\x35\x86\xc5\xab\
\x62\x17\x2c\xbf\x9a\x2b\xff\x00\x4a\x8e\x89\xfa\xab\x3e\xae\xe7\
\xa1\x7c\x4f\xf0\xaf\x87\x7e\x39\xe8\x96\xfa\x77\x8e\xb4\x76\xd7\
\xa3\xb2\x89\x6d\xec\x75\x48\x27\x16\xba\xde\x95\x12\xf0\xb1\xdb\
\xdd\x95\x7d\xd1\x2f\x41\x6f\x70\x93\x40\xa0\xb6\xc4\x8d\xcf\x98\
\x3e\x59\xf8\xdb\xfb\x13\x78\xa3\xe1\x86\x99\x7d\xae\x78\x76\xe3\
\xfe\x13\xef\x08\xe9\xf1\xb4\xf7\x37\xb6\x36\xad\x0e\xa5\xa4\xc2\
\xbc\x99\x2f\xac\x77\x3b\xc2\x80\x72\xd3\xc4\xf3\xdb\xae\x54\x34\
\xca\xc7\x60\xfb\xa7\xc0\xde\x26\xf8\x3f\xfb\x5f\xcb\x1d\xbf\x85\
\x75\x08\x3e\x0a\xfc\x48\xb8\x38\x5f\x0a\x78\x97\x51\x33\x78\x73\
\x5a\x93\x9f\x97\x4e\xd5\x1c\x03\x04\x8c\x46\x16\x0b\xa0\x37\x3c\
\x8a\x88\xe4\x02\xd5\xcc\xf8\xe3\xc1\x3e\x2c\xf8\x09\xf1\x0f\xfb\
\x27\xc4\x1a\x6e\xb7\xe0\xef\x15\x69\x52\x09\xe3\x8e\x6d\xd6\xd7\
\x10\x90\x48\x59\xa1\x91\x4f\xcc\xb9\x07\x6c\xb1\x31\x53\x8e\x18\
\xd6\x74\x2a\xc2\x75\x1c\x68\xde\x9c\xf7\x70\x92\xfc\x6d\x7b\x35\
\xfd\xe8\x36\xaf\xbd\xf6\x36\xa7\x8e\xc7\xe5\xc9\x7b\x6f\xde\x52\
\xd9\x34\xee\xbd\x13\xdd\x3f\xee\xc9\x7c\xba\x9f\x9a\x70\x6a\x2b\
\x2a\x87\x56\xdc\x8c\x32\x08\x35\xdb\x7c\x2d\xfd\xa4\xbc\x69\xf0\
\x3b\xc2\x5e\x3c\xd0\xfc\x27\xaf\xcd\xa3\xe9\x5f\x13\x34\x39\x3c\
\x37\xe2\x5b\x64\x82\x29\xa3\xd5\x2c\x64\xdc\x1a\x26\xf3\x11\xb6\
\x1c\x3b\x80\xe9\xb5\xd4\x3b\x00\xc0\x31\xcf\xd4\x5f\x18\xff\x00\
\x66\xff\x00\x05\xfc\x79\x96\x6b\xcb\xfb\x6f\xf8\x44\xbc\x4f\x39\
\x2c\x75\xed\x16\xcd\x04\x37\x4f\xeb\x79\x62\xa5\x22\x94\xb7\x79\
\xa1\x30\xcb\x96\x69\x24\xfb\x4b\x61\x4f\xc9\xff\x00\x1b\x3f\x67\
\x6f\x17\x7c\x02\x91\x26\xd7\x6c\xe1\xba\xd0\xee\x27\xfb\x3d\xa6\
\xbf\xa6\x48\xd7\x1a\x55\xe4\x98\x24\x22\xca\x55\x5a\x29\x4a\x82\
\xde\x4c\xe9\x14\xc1\x79\x31\x80\x41\xae\xe5\x28\x54\x5e\xc7\x15\
\x15\xaf\x47\xaa\x7d\x55\xaf\xbe\xbb\x75\xeb\x63\xeb\x32\xdc\xd2\
\x95\x7f\x7b\x0f\x2f\x7b\xb6\xcf\xfe\x0f\xca\xe7\xba\x7e\xcd\xbe\
\x27\xd1\x7c\x53\xfb\x54\x7e\xcf\x72\x7e\xcf\xba\x8e\x9b\xfb\x3e\
\xfc\x54\xd1\xfc\x3f\x2e\x9f\xe2\x3f\x15\x78\xb3\x57\x55\xf0\xdd\
\xde\xad\x0d\xa4\xe0\xde\xab\x4d\xf6\x8f\x2c\x5e\x40\x1e\x27\x89\
\xe3\x58\x8c\x93\x22\x2c\x7c\x97\x7f\x15\x57\xf8\x76\xdf\xb1\xb7\
\x82\x63\xd3\xfc\x0d\xe3\x0f\x0e\xfc\x52\xff\x00\x84\xaf\x6b\xf8\
\xde\x7b\xe9\x7f\xb0\x6e\xb4\xe5\x8d\xcf\xd9\x82\x64\x88\xee\x61\
\x79\x2d\x99\x8c\x6a\xcc\x12\x22\xc5\xb2\xc1\x6b\xcf\x92\x5d\xdf\
\x7b\x0c\xa7\x8a\xee\xf5\x7f\xda\x57\xc6\xfa\xef\xec\xbf\xa7\xfc\
\x1a\xba\xd7\x1a\x7f\x86\xfa\x4f\x88\xcf\x8b\x2c\x74\x96\xb7\x8b\
\xfd\x13\x51\x30\x4d\x03\x48\x93\x6d\xf3\x42\xb2\x5c\x4b\x98\xcb\
\x14\xdc\xdb\x80\x0c\x49\x3c\xb5\xb2\xb9\x45\xa9\x52\x77\xda\xf7\
\x6d\x3b\x2e\x67\xac\xb5\x73\x5e\xf5\x94\x25\xa2\x4b\x73\xe9\xb0\
\xf9\x95\xbe\x35\xfd\x69\xf7\x7a\x97\xbf\x68\x7f\x13\x2e\xa3\xf1\
\x5b\xe2\xd0\xf8\x87\xe2\x2b\x7f\x8b\x3e\x3d\xbe\xb9\xb4\x8f\x4b\
\xf1\xe6\x8b\xad\xbd\xc5\x85\xcd\xcc\x0f\x12\xcb\x21\x2f\x1a\x7d\
\xaa\x09\x6c\xc3\xc6\x09\x54\x74\x92\x08\x8a\x92\x9e\x66\xed\x3f\
\xf8\x27\xba\x6e\xf8\xf7\xe2\x4f\x6f\x85\xfe\x3f\xff\x00\xd4\x4b\
\x56\xff\x00\x1a\xe3\x3c\x3b\xf1\xb7\xc5\x5e\x11\xf0\x4f\x8e\x3c\
\x37\xa5\xea\xdf\x61\xf0\xff\x00\xc4\x68\xed\xe2\xf1\x16\x9d\x1d\
\x9d\xbf\xd9\x75\x11\x6f\x71\xf6\x88\x0f\x96\x53\x6c\x4d\x14\xb9\
\x28\xf0\x84\x65\x0c\xea\x08\x57\x65\x3d\xdf\xfc\x13\xed\x76\x7c\
\x7d\xf1\x30\xff\x00\xaa\x5d\xe3\xef\xfd\x44\xf5\x5a\xe7\x95\x09\
\x53\xc2\x54\x84\xbb\x69\xdb\xe1\x4b\x45\x64\xa3\xd7\x45\xa7\x5e\
\xac\xdb\x17\x8e\xa7\x5a\x70\x74\xf4\xef\xf7\xff\x00\x91\x95\x0f\
\x10\xaf\xd0\x55\x88\x6f\x84\x64\x6e\x19\x5f\x6e\xd5\x4e\x23\xf2\
\x2e\x7d\x29\x4b\x7b\x7e\x35\xe9\x56\xa3\x79\x1e\x0c\x6a\x3e\x87\
\x4b\xa4\x6d\x96\x58\xee\x2d\xa6\x78\xe6\x85\x83\x24\x91\x31\x59\
\x23\x6e\xc4\x11\xc8\x35\xea\xde\x07\xf8\xd9\x73\x6b\x1a\xdb\xeb\
\x91\xb5\xe4\x63\x81\x77\x0a\x81\x32\xff\x00\xbe\xbc\x06\xfa\x8c\
\x1f\x66\x35\xe0\xd6\xd7\x12\x5a\x48\x24\x8d\xd9\x19\x7a\x15\x35\
\xd3\xe8\x5e\x36\x8e\x42\xb1\xde\x6d\x8d\xbb\x4a\x07\xca\x7e\xa3\
\xb7\xf2\xfa\x57\x0c\xa8\xca\x0e\xf1\x3b\x29\x62\x22\xf4\x91\xf4\
\xb5\xb6\xaf\x6b\xad\xd8\x89\xac\xe6\x8e\x5b\x66\xee\x87\x39\x3f\
\xed\x77\x07\xd8\xe3\x1e\x94\x33\x6d\xaf\x24\xf0\xdd\xe4\xda\x6c\
\xab\x71\x67\x70\x63\x2c\x01\xdc\x8d\x95\x90\x7b\xf6\x22\xbb\x9d\
\x1b\xc6\xb1\xdf\x80\x97\x4b\xe4\x4b\xfd\xe1\xf7\x1b\xfc\x3f\x1a\
\x23\x5e\xfa\x33\xb3\x96\xe6\xf1\x6d\xad\x46\xf2\x2a\x12\xf8\xc1\
\xe2\x8f\x33\x3e\xa7\xeb\x5a\x54\x64\x92\x33\xf3\xeb\x5d\x67\xc1\
\x6d\x1a\xd7\x5c\xf1\x75\xc4\xd7\x50\xc7\x3b\x69\xf0\x09\x21\xde\
\x32\x15\xcb\x00\x1b\x1d\x09\x03\x38\xcf\x4c\xe7\xa8\x18\xe3\x5e\
\x4e\x3f\xa6\x6b\xd2\xbf\x65\x0d\x62\x4d\x1b\xe2\x25\xf5\xc2\xc1\
\x6b\x75\x1f\xd8\x0c\x73\xda\xdd\x47\xe6\x5b\xdd\x46\x64\x5c\xc7\
\x22\xe4\x1c\x1e\x0e\x54\x86\x52\x03\x2b\x2b\x00\xc2\x69\x7f\x11\
\x5b\xfa\xd0\xf8\xcf\x10\xb1\x12\xa1\xc3\xd8\xaa\xb0\x6e\x2d\x25\
\xaa\xec\xe5\x14\xff\x00\x0b\x9e\xb5\xa3\xc3\x92\x09\x39\x27\x9c\
\x9a\xe9\xf4\xa4\xdb\xef\x56\x6c\xbe\x1f\x58\xf8\xd2\x6d\xde\x11\
\x9d\xa1\xbf\x90\xe4\xf8\x7f\x50\x98\x09\xd8\xfa\x5a\x4e\x70\x97\
\x1e\xd1\xbe\xc9\xb9\x0a\xa2\x63\x96\xaa\xba\x73\x49\x65\x7b\x2d\
\xad\xd4\x33\x5a\xdd\x5b\x39\x8a\x68\x26\x43\x1c\x90\xb8\xea\xac\
\xad\x82\xac\x3b\x82\x32\x2b\xaa\x9d\x58\xc9\xb4\xb4\x6b\x74\xf7\
\x5f\xd7\x75\xa3\xe8\xcf\xe2\xbc\xde\x8c\xe3\x15\x51\xeb\x09\x6c\
\xd6\xa9\xf9\x5f\xbf\x74\xed\x25\xd5\x23\x7e\xc9\xb6\xaa\xff\x00\
\x9c\xd7\xba\xfe\xc2\x17\xcb\x6d\xfb\x4c\x78\x75\x1d\xb6\xfd\xa2\
\x3b\xa8\x97\x3d\xcf\xd9\xe4\x6c\x7f\xe3\xa6\xbc\x2a\xc7\xf7\x9b\
\x7d\xeb\x76\xd6\x15\x78\xc2\xb2\xab\x0c\x86\xe7\xb1\x07\x20\xfd\
\x41\x00\x8f\x4a\xe5\xcd\xb0\xef\x13\x84\x9e\x19\x3b\x73\xc5\xab\
\xef\x6b\xab\x1e\x16\x4b\x9c\x7f\x64\xe6\xf8\x5c\xcd\xc7\x99\x51\
\xa9\x09\xb5\x7b\x5f\x96\x49\xda\xf6\x76\xbd\xb7\xb3\xf4\x3f\x53\
\xf4\x58\x23\x87\x4f\x5b\x78\xac\x7f\xb3\x6d\xed\x49\x86\x18\x00\
\x8d\x54\x22\xf0\xa5\x42\x12\x02\x90\x38\x1c\x10\x3a\x81\xd2\x92\
\xfa\x55\xb4\xaf\x8a\x7e\x0b\xfe\xdc\x1e\x2d\xf8\x70\x62\xb5\xd6\
\xe4\x93\xc5\x9a\x42\xe1\x71\x72\xf8\xbe\x85\x7f\xd8\x98\xff\x00\
\xac\xee\x71\x2e\x49\x38\x1b\xd4\x57\xd5\x7f\x0c\xbe\x2d\x78\x5b\
\xe3\x7e\x92\xf7\x7e\x1f\xd4\xd6\x69\xa2\x00\xdc\xd9\xc9\x98\xee\
\x6d\x09\xec\xf1\xb7\x2a\x33\x90\x18\x65\x1b\x07\x6b\x30\xe6\xbf\
\x03\xcd\x38\x77\x1b\x97\x4b\x9b\x11\x1b\xc3\xf9\x96\xab\xe7\xd5\
\x7c\xfe\x57\x3f\xd0\x0e\x10\xf1\x43\x21\xe2\xaa\x3e\xcf\x2b\xa9\
\xcb\x5d\x2d\x69\x4e\xd1\x9a\xf4\x57\x6a\x49\x7f\x75\xbb\x75\xb6\
\xc7\x40\x97\x7f\x68\x7f\x97\xf9\x53\xcb\x13\x48\xd3\xdb\x58\xdd\
\x8b\x3f\x32\x15\xba\x65\xde\x22\x2e\x37\xb2\xfa\x85\xeb\x8f\x7a\
\x73\xae\xd1\x9a\xf2\x6e\x9e\xc7\xd7\xb8\xce\x3a\x4d\xea\x65\x69\
\xbe\x1e\x5d\x27\x5b\xd6\x2f\xbc\xe3\x23\x6a\xd2\xc5\x29\x42\xb8\
\x11\x6c\x89\x63\xc0\x3d\xf3\xb7\x3f\x8d\x5f\xc6\xe1\x4e\x91\x70\
\x29\x07\x4a\xd3\x99\xcb\x57\xfd\x5b\x43\x8e\x34\x61\x4e\x2e\x30\
\x56\x4d\xb7\xf3\x93\x72\x6f\xe6\xdb\x7f\x96\x83\x0a\xe2\x93\xf0\
\xa7\x15\xcd\x34\xf0\x68\x21\xa1\x80\x6e\xa7\xec\x20\x66\x90\x1c\
\x7f\x85\x0d\x26\x07\x1c\x0a\xad\x4a\x8c\x59\x89\xa7\x0f\xf8\xb8\
\xda\x8b\x7f\xd3\x84\x03\xff\x00\x22\x4b\x5b\xcc\xf8\x5f\xc2\xb0\
\xec\x3e\x5f\x1d\x5f\x37\xad\x94\x3f\xfa\x1c\x95\xaa\xcf\x81\xfc\
\xeb\x4c\x44\x97\x32\xbf\x65\xf9\x23\x1c\xaa\x9d\xa8\xcb\xfc\x75\
\x3f\xf4\xb9\x12\xc3\x1f\x9c\xe1\x73\xf3\x31\xc5\x7c\xf7\xe3\xbf\
\x8d\xfa\xa7\x8a\x3c\xeb\x58\x0f\xf6\x75\x9e\xe2\x85\x22\x73\xe6\
\x48\x01\xc7\xcc\xfd\x7f\x01\x81\xf5\xaf\xa1\x34\xe7\xcd\xda\x7f\
\xbc\x3a\xd7\xc6\x57\x9a\x8e\x2f\x2e\x06\x7e\xec\xae\x3f\xf1\xe3\
\x5d\xb9\x54\x23\x39\x49\xc9\x6d\x6f\xd4\xf9\x3f\x10\x71\x58\x9c\
\x3d\x1a\x14\xe8\xc9\xc5\x4d\xcb\x9a\xda\x5e\xca\x36\x57\xdf\xab\
\xd3\xaf\x53\x57\x4c\xd1\x6e\xbc\x55\xaa\xc3\xa7\xd8\xaa\xb4\xd7\
\x19\xc1\x63\xb5\x50\x77\x66\x3d\x80\xff\x00\xf5\x64\xd6\xff\x00\
\xc3\x8f\x0d\xcd\xe0\x8f\xda\x0b\x47\xb1\xd4\x3c\x99\x99\x65\x63\
\x1c\x8a\x32\x92\x6e\x8d\xc2\x30\xcf\xfb\x5c\x7b\x10\x6a\xb7\xc3\
\x3f\x15\x69\xfe\x09\xd0\xf5\x8d\x7b\x52\x92\x54\x8f\xe4\xb0\xb6\
\x11\x46\x5d\xe5\x91\x83\x48\x40\xec\x30\x23\x07\x24\x81\x5c\x5f\
\xc5\xef\xda\x2b\xfb\x7b\x58\xd1\xf5\x0d\x1e\xd6\xe3\x4b\xbe\xd1\
\x5d\xe4\x8e\xea\x47\x46\x67\x39\x52\xb9\x4c\x11\xf2\x95\x27\x92\
\x47\xcc\x78\xaf\x62\xa4\x9b\xe6\x82\xda\xcd\x7e\x07\xc4\xe4\xf8\
\x5b\x4a\x9d\x56\xbd\xeb\xa9\x7c\x93\xdb\xd5\xda\xfa\x9e\x63\xe2\
\xbd\x4b\xca\xd6\x2f\x54\xff\x00\x05\xcc\xaa\x7f\x07\x22\xbb\x8f\
\x83\xfe\x0e\xd4\x3e\x2c\xfe\xc9\xdf\x1e\xb4\x3d\x0e\x19\x2e\xb5\
\xa9\x34\xdb\x2b\x8b\x58\x63\x04\xc9\x70\xf1\x19\xe6\x48\xd4\x0e\
\x4b\x31\x88\xaa\x8e\xe5\x85\x78\x1f\xc4\xcf\x8a\x76\x7e\x17\xf3\
\x6e\x2f\xae\x0b\x5c\x4e\xcd\x20\x8d\x70\x65\x99\x89\x24\x9c\x76\
\xc9\xcf\x27\x03\xf9\x57\x83\x7c\x41\xfd\xa0\x75\x4d\x63\x4a\xbe\
\xb4\xfe\xd0\xb9\xd3\x74\x5b\xbd\xa6\xea\xca\x1b\x96\x48\x2e\x82\
\x64\xa9\x9c\x02\x04\xbb\x72\xc4\x6e\x18\x5d\xc7\x00\x64\xe7\xaf\
\x0b\x93\xe2\x71\x71\x52\xa7\xa5\x9a\x77\x7e\x4d\x3d\xba\x9e\xf5\
\x6c\xf3\x2d\xcb\x69\x4b\x0b\x5e\xf3\x72\x8c\xa2\xe3\x17\xad\xa4\
\x9a\x77\x7b\x2d\x1f\xaf\x93\x33\x3e\x35\xa3\x78\xab\xe2\x6e\xb1\
\x7f\x09\xf2\xf4\xc9\x25\x52\xb7\x52\x0d\xa8\xca\x11\x46\x47\xa9\
\x38\x24\x28\xe7\xe9\x5e\x3f\xf1\x0b\x5a\x5d\x52\xf2\x15\x8d\x4c\
\x76\xd6\x31\x79\x16\xe8\x4e\x4a\xae\xe6\x62\x4f\xfb\x4c\xcc\x49\
\xfa\xe3\xa0\x15\xf4\xd7\xc4\x0f\x83\xfa\x77\xc1\x9f\x83\xba\x46\
\xbd\xf1\x7b\x5c\x93\x4b\xd7\x3c\x4c\x22\xb8\xd0\xbc\x17\x6b\x6f\
\xe7\x6b\x9f\x61\x79\x36\xb5\xfd\xd6\x5d\x3e\xcb\x16\xd5\x72\xa8\
\xc0\xb4\x85\x42\xfc\xac\x1d\x57\xc3\xff\x00\x69\x3f\x83\xda\x7f\
\x84\xbc\x23\xa6\x78\xbf\xc2\xba\x93\xea\x7e\x1c\xd4\xdc\x43\x20\
\x6c\x96\x81\x98\x31\x47\x04\x80\xdb\x4e\xd6\x52\x1c\x06\x46\x00\
\x1f\xbd\x85\xfb\x2c\x9f\x32\xa5\x1a\xb4\x30\xf5\xba\x7b\x90\x76\
\x7c\xad\xa5\x67\x66\xf7\x93\x5a\x76\xdd\x2e\xa5\x63\xb8\x42\xbe\
\x23\x2a\xc4\xe6\x99\x4d\x94\x6f\xed\x2b\xd3\x94\xbf\xda\x14\x65\
\x2b\xa6\xe2\x95\xbd\x8c\x65\x67\x68\xb7\x2b\xda\x55\x12\xb4\x14\
\x76\xbf\x67\x47\xff\x00\x8c\x61\xf8\xbc\x47\xf0\xeb\xfe\x14\x3d\
\x7f\xd8\xd6\xea\xaa\x39\x76\xa9\xbf\x64\x0d\x36\xfb\xc6\x5f\xb3\
\xd7\xc5\xcd\x2f\x4b\xb2\xbc\xd5\x35\x2b\xcd\x77\xc2\x6b\x6b\x67\
\x69\x0b\x4d\x71\x73\x26\x75\x70\x12\x38\xd4\x16\x76\x3b\xba\x28\
\x26\xb0\xfe\x26\xfc\x69\xf0\x3f\xc0\x0b\xc9\x2c\xb5\x4b\xc8\xfc\
\x7b\xe2\xeb\x72\x55\xfc\x3d\xa0\x5f\xa1\xd3\x74\xe9\x07\xf0\xdf\
\xea\x69\xb9\x0b\x03\xf7\xad\xec\x84\xac\x70\xc8\xf3\xda\xc8\xb8\
\x1f\x55\x1c\x54\x21\x56\xa4\x1e\xb2\xe6\xd1\x2d\x5f\xc1\x0d\x7c\
\x97\x9b\xb2\x5d\xcf\xcd\xeb\xf0\xee\x3b\x1d\x5a\x92\xc2\xc2\xe9\
\x41\x5e\x4f\x48\xaf\x7e\x7b\xbd\xaf\xe4\xae\xdf\x44\xce\x4f\xe2\
\x5c\x10\xe9\x3a\xfa\xa4\x2a\xb1\xac\xd0\xac\xac\xab\xd3\x24\xb0\
\x3f\x4c\xe3\xf9\xd7\x23\x77\x77\x82\x79\xc5\x47\xe2\x3f\x8c\x1a\
\xcf\xc6\x4b\xe5\xf1\x06\xb4\xba\x6d\xbd\xd4\xc9\xe4\x45\x6b\xa7\
\x5a\x0b\x5b\x2b\x18\x23\x66\x58\xe1\x86\x31\x92\x11\x47\xf1\x3b\
\x34\x8e\xc5\x9e\x47\x79\x19\x9d\xb2\xe5\xbe\xdd\x5e\xad\x15\x2e\
\x54\xe5\xbd\x8e\xc9\x60\xe5\x87\x97\xb1\x9b\xe6\x71\xd1\xbe\xf6\
\x2d\x4b\x7a\xc0\xd5\x69\xb5\x4c\x8a\xa5\x2d\xd6\x4f\xe3\x54\xe6\
\xbd\x2f\x2a\x46\xaa\xcf\x2c\xce\xb1\xc6\x8a\x37\x34\x8e\xc7\x0a\
\xa0\x0e\x49\x24\x80\x00\xe4\x93\x5a\xed\xab\x34\x8d\x36\xdd\x91\
\x72\x7d\x47\x77\x34\x78\x7f\x4d\xd4\xbc\x6b\xaf\x47\xa5\xe8\xba\
\x7d\xde\xab\xa9\x4a\x8f\x2a\xdb\xdb\x46\x64\x65\x8d\x06\xe7\x95\
\xfb\x24\x68\xa0\xb3\xc8\xc4\x22\x28\x2c\xc4\x00\x48\xbd\xad\xf8\
\x73\x4b\xf8\x6b\x23\x2f\x8e\xaf\xaf\x2d\x75\x48\xf8\x3e\x15\xd2\
\x5d\x1b\x59\x0d\xfd\xdb\xb9\x58\x34\x3a\x6f\x46\x05\x65\x59\x6e\
\x91\x82\xe6\xd0\xa3\x07\x1c\xc7\x8b\x3e\x2b\x6a\x7e\x31\xd0\x64\
\xd0\xed\x6d\xac\xbc\x35\xe1\x59\x24\x59\x1f\x45\xd2\xc3\xac\x37\
\x6c\x87\x29\x25\xdc\xae\xcd\x35\xe4\x8a\x7e\x65\x33\xbb\x2c\x6c\
\xcd\xe5\x24\x2a\xdb\x6b\x86\xa6\x2f\x99\x7e\xe7\x5f\x37\xb7\xcb\
\xac\xbe\x5a\x79\xa6\x7d\x46\x03\x87\xea\xca\xd3\xaf\xee\xae\xdd\
\x7f\xe0\x7c\xfe\xe3\xa7\xba\xd5\xbc\x2b\xf0\xe9\xca\xdd\x35\x9f\
\x8f\xfc\x44\xbc\x7d\x82\xce\xe5\xd7\xc3\xd6\x0d\xff\x00\x4d\xee\
\xe2\x65\x92\xf9\x87\x23\x65\xa3\x47\x07\x28\xeb\x77\x32\xef\x88\
\xf3\x1e\x31\xf1\xa6\xb9\xf1\x43\x56\xb5\xbc\xd7\xef\xda\xf1\xb4\
\xf8\x3e\xcd\x63\x6e\x90\xc7\x6d\x67\xa5\xc1\xbb\x77\x93\x6b\x6d\
\x12\xac\x36\xf1\x6e\x25\xb6\x44\x8a\xa5\x89\x62\x0b\x12\x4e\x3d\
\xa5\xa8\x50\x31\xf5\xad\x1b\x58\x95\x48\xaf\x3e\x52\x84\x65\xce\
\xdf\x34\xbb\xbf\xd3\xa2\xf9\x6f\xd5\xb3\xed\x30\x59\x4b\xb7\x24\
\x15\x97\xf5\xbf\x7f\xea\xc3\x6d\xb4\xed\xfd\x07\xe3\x5a\x56\x3a\
\x7c\x70\xe0\xe3\x73\x67\xbd\x36\x16\xe7\xfa\x55\x98\x4e\x7d\xfd\
\x2b\x96\xa6\x22\x52\x76\x47\xd6\x60\xf2\xaa\x54\xb5\x7a\xb2\xdc\
\x4f\xc7\xd2\xad\xd9\xc7\x25\xcd\xc4\x70\xc3\x1c\x93\x4d\x33\x04\
\x8e\x38\xd4\xb3\xca\xc4\xe0\x2a\x81\xc9\x24\xf0\x00\xe4\xd5\x6b\
\x0b\x49\x2f\x65\x11\xc4\xac\xee\xde\x83\xa5\x47\xf1\xa1\x6e\xbc\
\x0b\xf0\x5e\x6b\xbb\x79\xda\xde\xe7\x54\xd4\xe3\xd2\xa6\x92\x3e\
\x1c\xdb\xbc\x32\xbc\x91\x86\xea\xa1\xca\xa8\x6c\x10\x59\x41\x53\
\xf2\xb3\xab\x69\x87\xa2\xea\x4d\x43\xb9\xe9\x56\xa9\xec\xe0\xe5\
\xd1\x15\xbc\x51\xf1\x47\x4b\xf0\x64\x92\x5b\xc2\xb1\x6b\x7a\xa4\
\x67\x69\x86\x29\x73\x65\x6e\x7f\xe9\xa4\xa8\x7f\x78\x7d\x52\x23\
\x8e\x79\x91\x58\x15\xaf\x36\xf1\x5f\x8d\xb5\x4f\x1e\x5e\xc7\x2e\
\xa9\x78\xd7\x0b\x6f\x9f\xb3\xdb\xaa\x88\xed\xed\xb3\xd7\xcb\x8d\
\x70\xab\x9e\xed\x8d\xcd\xd4\x92\x72\x6b\xea\xef\xf8\x25\x5f\xfc\
\x12\xeb\x54\xfd\xbc\xb4\x7b\xad\x7a\x1d\x26\xf3\x50\xd2\x6c\x35\
\x79\x74\x99\x67\x9a\x63\x69\xa5\xda\xb4\x71\x43\x2b\x19\x65\x5f\
\x9d\xdf\x13\x2f\xee\xa3\xcb\x63\x04\x82\x0f\x1e\x57\xff\x00\x05\
\x1d\xf8\x1f\x63\xf0\x87\xfe\x0a\x51\xe3\x7f\x85\x7f\x0f\x6d\x3f\
\xe1\x22\x87\x4d\x6d\x22\xcf\x4c\xb6\xd0\x74\xed\xc7\x50\x99\xb4\
\x6b\x19\x66\x30\x5b\xc3\xb8\x92\x66\x79\x58\xed\xdc\x49\x2c\x49\
\x27\x24\xf9\xb8\x1e\x25\xc0\xd4\xcc\xeb\x65\xb4\xa3\x2b\xd2\x4d\
\xca\x6d\x25\x1d\x1a\x4d\x26\xf5\xd2\xfa\xbb\x25\xa6\xec\xee\xc6\
\x64\x35\xe8\xe0\x28\xe3\xea\x54\x83\xf6\xb6\x71\x84\x5f\x34\xd2\
\x7b\x39\x24\xad\x1b\xf4\x4d\xf3\x3d\xec\x91\xe2\xca\xa0\x52\x31\
\xc0\xae\x8f\xe2\x37\xc1\x5f\x17\xfc\x1d\xf8\xa1\x37\x82\x7c\x49\
\xa1\x5d\xd8\x78\xb6\x08\xad\xa5\x93\x4a\x85\x96\xea\xe1\x44\xf6\
\xf1\xdc\x46\xb8\x84\xb0\x2d\xe5\xca\x85\x94\x12\x54\xe5\x4e\x08\
\x20\x64\xf8\xb7\xc3\x1a\x8f\x80\xbc\x49\x73\xa3\xeb\x56\xad\xa7\
\xea\x56\x69\x13\xcf\x6e\xf2\x2b\x34\x42\x58\x92\x54\x0d\xb4\x90\
\x1b\x63\xa9\x2b\x9c\xa9\x38\x20\x10\x40\xf7\xa9\xe6\x18\x5a\xca\
\x12\xa3\x52\x32\xe7\x8f\x34\x6c\xd3\xe6\x8e\x9e\xf4\x6c\xf5\x8e\
\xab\x55\xa6\xab\x53\xe7\xeb\xe1\x2b\xd3\xa7\x2a\xd2\xa7\x25\x18\
\xbe\x56\xec\xec\xa4\xee\xf9\x5b\xd9\x4a\xc9\xbb\x6f\x64\xfb\x14\
\x25\x3f\x2d\x7d\x61\xf0\xcb\xe5\xfd\x9e\xfe\x1a\xf3\xd7\x43\xb8\
\x3f\xf9\x58\xd4\xeb\xe4\xaf\xb4\x2c\xc8\x19\x5b\x2a\xc0\x15\x3d\
\x88\x3d\x08\xf6\xf7\xaf\xac\xfe\x1e\x9f\x2f\xe0\x17\xc3\x55\xff\
\x00\xa9\x7e\x73\xf9\xeb\x1a\x91\xa7\x19\xde\x66\x99\x2c\xbf\x7e\
\xd3\xed\xfa\xa3\x4b\x38\x5a\x8d\xe4\xe6\xa3\x79\x80\x1f\x85\x46\
\x64\x0d\x4e\x5b\x1f\x4f\x29\x0f\x69\x3f\xfd\x66\xa2\x69\x36\x8a\
\x19\xb3\xfe\x15\x9b\x2e\xae\xd7\x72\x34\x36\x11\x7d\xae\x45\x25\
\x59\xf7\x6d\x86\x22\x3a\x86\x7e\x79\x1d\x36\xa8\x62\x0f\x50\x3a\
\xd4\xc5\x99\x4a\x45\xab\xab\xe4\xb5\x81\xe4\x96\x48\xe2\x8a\x31\
\xb9\xdd\xd8\x2a\xa8\xf5\x24\xf0\x2a\x8c\x57\x37\x9a\xdb\x62\xce\
\x3f\xb3\xdb\xf7\xba\x9d\x31\xb8\x7f\xd3\x38\xfa\x9f\xf7\x9b\x03\
\xa1\x01\xc5\x58\xb2\xf0\xc2\x9b\x88\xee\x2f\xa4\xfb\x6d\xc4\x67\
\x72\x6e\x5d\xb0\xc2\x47\x74\x4c\x9c\x1f\xf6\x98\xb3\x7b\xe3\x8a\
\xd8\x8c\x00\x28\xe6\x12\xa6\xde\xe5\x3d\x27\x41\x83\x4d\x76\x91\
\x77\x49\x71\x20\x02\x49\xe4\x3b\xa5\x71\xd7\x04\xf6\x1f\xec\x8c\
\x28\xec\x05\x68\x04\xdb\x4d\x07\x69\xa9\x15\x77\x1f\xad\x1b\x6e\
\x5d\x92\x0c\x66\x9c\x3e\x45\xf5\xa7\x6d\xc5\x35\xf9\x15\x3e\x84\
\x82\xb6\x45\x35\xa4\xc8\xa0\xd3\x1e\x4e\x0d\x34\x0c\x1a\x4c\x8c\
\x54\x6e\xd9\xe2\x91\xdb\x8a\x8d\x8f\xa5\x5a\x44\x37\x70\x66\xdd\
\xf4\xa4\x67\xda\x29\x19\xfd\x29\xac\xdf\x36\x6a\x89\xb8\x98\xc5\
\x47\x21\xeb\x4f\x76\xcf\x1f\x9d\x44\xff\x00\x7a\xab\x94\x96\x35\
\x86\x6a\x37\x6f\x9a\x9d\x2b\x63\x8f\xce\xa2\x77\xe3\x03\x35\x46\
\x72\x07\x7c\x9a\x8d\xe4\xc5\x38\xb6\xd1\xde\xa2\x67\xe7\x26\x82\
\x05\xce\x07\xf0\xd4\x65\xb7\x1a\x19\xb7\xd2\x3b\x71\xde\x80\x11\
\xdb\x07\xb5\x34\x9d\xa3\xf8\x68\xdd\xb7\xd6\xa2\x27\x68\xf7\xfa\
\x50\x02\x3b\x7a\xf7\xa6\x33\x6d\x1d\xa9\x4b\x77\xfe\x95\x1b\xb6\
\x5a\x80\x07\x93\x3c\xf1\x51\x96\xcb\x53\x9d\xb8\x1d\x69\xac\xd8\
\x1d\xe8\x01\xb2\x1e\x7b\x54\x66\x4c\x1e\xd4\x3b\x7f\xbd\xf8\x54\
\x6e\x73\xd2\x80\x1c\xe6\xa3\x67\xdb\x43\xb6\x0f\x15\x1b\x36\xd1\
\xeb\x59\x98\x8e\x67\xc7\x5a\x8d\x9b\x77\xd2\x82\x72\x69\x8c\xfb\
\xbf\xcf\x5a\x00\x46\x3b\xcf\xd2\x9a\xcf\xb7\xff\x00\xd5\x43\xb6\
\x0f\x14\xdc\xf1\x40\x09\xfe\x79\xa4\x66\xe2\x8c\xfd\x69\xae\xdb\
\xab\x3e\x6b\x8a\x4e\xc2\x1f\xf3\xc5\x07\x85\xe3\xad\x28\xe9\x4c\
\x73\xcf\x1f\x8d\x06\x2c\x69\x38\x14\xc9\x1f\x28\x7d\x30\x69\x58\
\xe4\xd3\x24\x38\x43\xf4\xac\xe7\xb0\x8f\xbc\xed\xe4\xe3\xf4\xa7\
\x99\x01\x35\x5e\x16\xf9\x7f\x1a\x99\x70\x4d\x66\x7f\x1b\x2a\x6a\
\xe3\x8b\x67\x81\x4d\x66\x0a\x29\x1d\xb0\x38\xa6\x13\x83\xe9\x5b\
\x47\x63\x78\xc4\x56\x6c\x9a\x8d\x9b\x3c\x0a\x57\x6c\x8a\x61\x3b\
\x56\xa8\xe9\x84\x44\x66\xc7\xff\x00\x5a\x98\xe7\x68\xeb\x4b\x51\
\xb9\xdd\xcd\x07\x4c\x62\x21\x39\xa6\x1a\x76\x77\x7d\x29\x92\x76\
\x15\x56\x3a\x29\xc4\x42\x78\xfe\x94\xd2\x71\xef\x41\x3b\x46\x7a\
\xd3\x73\x91\x9e\xe7\xf4\xaa\x3b\x23\x11\x59\xbb\x7e\x66\x98\xed\
\xb4\x53\xba\x0a\x88\x92\x68\x3a\x23\x11\x09\xe0\xd3\x49\xdc\x7f\
\x95\x0c\xdf\xfd\x7a\x6b\x1c\x73\x4c\xe8\x8c\x44\x91\xea\x36\x3b\
\x56\x94\xf4\xa6\x13\x93\x41\xd7\x4e\x22\x1e\x07\xa7\x7a\x63\x1c\
\x53\x98\xe4\xd4\x72\x13\xb7\xfc\x29\x1d\x31\x88\xcc\xee\x6a\x46\
\x6c\x9a\x18\xf1\x8f\xce\x98\xcd\x81\xfc\xab\x23\xa2\x31\x06\x6e\
\x31\xde\xa2\x77\xe3\xd6\x94\xb7\x3f\xcc\xd4\x4e\xdb\x47\xbf\xd3\
\xa5\x33\x68\xc4\x46\xe6\xa3\x73\xcf\xb5\x48\x78\xa8\xe4\x39\x56\
\xac\x64\xdb\x67\x55\x38\x91\xbb\x64\xfb\x54\x2c\xdc\xe7\xde\x9d\
\x29\xda\xbf\xce\xa2\x39\x2d\x58\xc8\xe9\x8c\x44\x92\x6c\x7b\x55\
\x7b\xc8\x6e\xa6\xb2\x9e\x6b\x6b\x7b\x89\xe3\xb5\x8d\xa4\x95\xa3\
\x89\x98\x42\x80\x65\x99\xb0\x38\x50\x39\x24\xf0\x05\x39\xc1\xae\
\x63\xc4\x1e\x03\xd3\xee\x3c\x7f\xa2\x78\xc1\x24\xd4\x34\xff\x00\
\x14\xf8\x65\xe3\x6d\x27\x53\xb4\xd4\x27\xb6\x92\xce\x45\x90\x3c\
\x6d\xb5\x1c\x47\x21\x12\x11\xf2\xc8\xac\xad\x9d\xa4\x30\x38\xa2\
\x1c\xdc\xcb\x91\x26\xfb\x37\x65\xf7\xd9\xfe\x42\xad\x18\xa8\x37\
\x36\xe2\xac\xf5\x4a\xed\x7c\x9b\x5f\x99\x42\xf6\xef\xed\x4e\x58\
\xb6\xed\xdd\xea\x9b\xf4\x3f\x5a\xf4\xeb\xef\x04\x68\x9f\x1b\x67\
\x6b\x8d\x06\x5d\x1b\xc1\x7e\x33\xb8\x39\x9b\xc3\xf7\x93\x25\x8e\
\x87\xac\x48\x7e\xf3\xe9\xd7\x32\x30\x8e\xd2\x47\x6e\x7e\xc7\x72\
\xcb\x18\x27\x10\x4e\xc0\xa5\xbc\x7e\x6b\xe2\x3d\x27\x50\xf0\x6f\
\x89\x6f\x74\x5d\x6b\x4e\xd4\x34\x5d\x6b\x4d\x93\xca\xbb\xd3\xef\
\xed\xde\xda\xe6\xd5\xf0\x0e\xd7\x8d\xc0\x65\x38\x20\x8c\x81\x90\
\x41\x1c\x1a\xfa\x2a\x35\x21\x27\xec\xd7\xbb\x25\xbc\x5e\xf6\xfd\
\x57\x9a\xba\xe9\x7b\x9f\x9a\xe2\xb0\xb5\x22\xbd\xb5\xf9\xa0\xde\
\x92\x5a\xa7\xfa\xa7\xe4\xec\xfa\xd8\xab\x37\x1f\xa5\x53\x9f\xa9\
\xff\x00\x3d\xea\xc4\x92\x8e\xe7\xad\x55\x9b\x9f\xca\xb6\x38\x14\
\x4a\xb2\x27\xcd\x50\x3a\xe3\xeb\xd2\xac\xc9\xd0\xfe\x62\xa0\x95\
\x2a\x19\xd1\x4e\x36\x67\x1d\xf1\xca\x0f\xb5\x7c\x30\xbe\xda\x33\
\xe5\x4b\x04\x9f\xf9\x11\x57\xff\x00\x66\xaf\x33\xbc\xd4\xec\xe1\
\xf8\x35\x6b\x67\x25\xd5\xbc\x77\x2d\xad\x89\x9a\x26\x90\x07\x08\
\x21\x71\xbb\x1d\x71\x9c\x0c\xd7\x69\xf1\x9f\x47\xd5\xaf\x42\xcd\
\x0b\x5c\x5c\x69\xaa\xa3\x7c\x31\xe4\x88\xd8\x1c\xee\x2a\x3a\xf6\
\xe7\x9c\x63\xb5\x79\x60\x68\xae\x1b\xcb\x99\x57\xe8\x45\x79\xb8\
\x8a\x8e\x33\xd8\xfd\x67\x86\x28\x46\x38\x18\xbe\x6e\x6f\x7b\x9a\
\xcb\xa6\x89\x59\xfe\x7f\xd5\xdf\xac\x78\x47\x5f\xd3\xf4\xff\x00\
\x0d\x58\xc2\x2f\x2d\xcf\x97\x10\xfb\xae\x0f\x27\x93\xfc\xeb\x48\
\xf8\xa6\xc8\x8f\xf8\xfa\x8c\xfd\x0d\x79\x3e\x91\x1c\x56\x70\x88\
\xe3\x60\x17\x92\x06\x7a\x56\xac\x0f\x91\xf7\x85\x6b\x4e\xa3\x92\
\xd4\xf3\xf1\x99\x74\x15\x59\x4e\xef\x56\xd9\xe8\x2b\xe2\x4b\x4c\
\x7f\xaf\x43\x40\xf1\x0d\xb9\xe9\x20\x3f\x85\x71\x51\x1c\xf7\xef\
\xeb\x56\xa1\x27\xdf\x8a\xd0\xe1\xfa\xbc\x51\xd6\x2e\xaf\x0b\x1f\
\xf5\x9f\x4e\x28\x37\x91\xca\x38\x6a\xe7\xa0\x2d\x9e\xf5\x7a\xd3\
\x71\x23\xad\x66\xe4\xcb\x8d\x34\x8b\xb7\x70\x47\x75\x11\x47\x55\
\x92\x36\x04\x15\x23\x20\x8a\xf7\x7f\x81\x9f\xf0\x51\x2f\x18\x7c\
\x2c\xf0\x5d\xaf\x81\xfc\x69\xa5\xe9\xbf\x18\xbe\x17\xda\x90\xb1\
\x78\x6b\xc4\xb2\xb8\xb9\xd2\x57\x80\x4e\x9b\xa8\xa7\xfa\x4d\x93\
\x6d\x50\xaa\x14\xbc\x6a\xb9\x02\x31\xb8\x9a\xf0\x95\xfb\xb4\xc9\
\x86\xff\x00\xa5\x73\x62\x30\xf4\xab\xc7\x92\xb4\x6e\x96\xab\xba\
\x7d\xd3\x5a\xa7\xe6\x9a\x67\x6e\x1e\xb5\x4a\x4f\xdc\x7b\xef\xd5\
\x35\xd9\xad\x9a\xf2\x67\xdc\x5e\x1e\xf8\x33\xe1\x2f\xda\x7f\x4a\
\xb9\xd5\xff\x00\x67\xff\x00\x11\x5d\x78\x9a\xea\xde\x16\xb8\xbf\
\xf8\x7d\xaf\x98\xed\x7c\x61\xa5\x22\x82\x5d\xa0\x40\x7c\xad\x46\
\x15\xc6\x77\xdb\x92\xea\x1a\x35\x2a\xce\x4d\x79\x6a\x6a\x77\x7a\
\x05\xde\xa3\x66\xd1\xbd\xbc\x92\x07\xb0\xd4\xac\x2f\x2d\x95\xa3\
\x99\x41\x1b\xed\xee\xad\xa5\x52\x92\x2e\xe0\x37\x45\x2a\x15\xc8\
\xe5\x78\xaf\x9a\x62\x96\x6d\x33\x54\xb5\xbe\xb4\xb8\xb8\xb1\xbf\
\xb0\x95\x6e\x2d\x6e\xad\xa5\x68\x6e\x2d\x65\x5e\x56\x48\xe4\x52\
\x19\x1d\x48\xc8\x65\x20\x83\xd0\xd7\xd3\x5e\x07\xff\x00\x82\x8a\
\x69\xff\x00\x15\x6c\x6d\xf4\x1f\xda\x2b\x43\xd4\x3c\x67\x1c\x08\
\xb6\xf6\x5f\x10\x74\x25\x8a\x0f\x18\x69\x28\xaa\x15\x16\xe7\x70\
\x11\x6a\x90\x28\x50\x36\xcf\x89\x94\x34\x8c\x24\x77\x20\x0e\x5b\
\xe2\x28\xae\x59\xfe\xf6\x1f\x2e\x75\xf9\x29\xaf\xba\x5f\xe2\x66\
\x93\xc0\xd0\xac\xf9\xe8\x7e\xee\x7f\x3e\x57\xe9\xd6\x2f\xef\x5f\
\xe1\x47\x89\xfc\x5a\xfd\x8a\x7c\x2f\xf1\x03\xcc\xbe\xf0\x7d\xc5\
\xaf\x81\x75\xd6\xcb\x1d\x32\xee\x49\x24\xd0\x6f\x9b\xd2\x39\x4e\
\xf9\xac\x9c\xe3\xee\xbf\x9b\x01\x67\xfb\xd6\x91\xae\x2b\xe6\x7f\
\x88\x1f\x0f\x3c\x41\xf0\x8f\xc5\x4d\xa1\xf8\xa3\x47\xbd\xd0\xb5\
\x54\x8d\x67\x58\x2e\x40\xdb\x71\x0b\x12\x16\x78\x64\x52\x63\x9a\
\x17\xc1\xdb\x2c\x4c\xd1\xb8\x19\x56\x23\x9a\xfd\x38\xf1\xdf\xec\
\xc5\x79\x65\xf0\xf6\x5f\x1e\x78\x0f\xc4\x5a\x37\xc5\xbf\x85\xf1\
\xb9\x57\xf1\x37\x87\x55\xf7\x69\x67\x19\xd9\xa8\xd9\x3f\xfa\x45\
\x84\xbb\x70\xc5\x65\x05\x54\x32\xe5\xf2\xc0\x57\x98\xea\x6b\x63\
\xe2\x8f\x0a\x36\x83\xae\xe9\x5a\x6f\x8a\x3c\x35\x24\x8d\x38\xd2\
\xf5\x10\xed\x14\x12\xb6\x37\x4d\x6f\x22\x32\xcb\x6b\x31\xc2\xe6\
\x58\x1d\x19\xc2\x85\x7d\xe9\x94\x3b\xe1\xea\xf3\xc3\x9f\x0b\x2e\
\x68\xec\xd3\xdd\x3e\xda\xea\x9f\x94\xbf\x04\x76\xd0\xce\xab\xe1\
\xa7\xf5\x7c\xca\x2e\xfd\x25\xd6\xdd\xfb\x49\x79\xaf\xbd\x9f\x9f\
\xee\xdf\x27\xe9\x5e\xcd\xff\x00\x04\xfd\x1f\xf1\x7d\xfc\x54\xdf\
\xdd\xf8\x59\xe3\xe3\xff\x00\x96\xae\xa9\x5d\x27\xc4\x4f\xf8\x27\
\xce\xa3\xad\x5c\xc9\x71\xf0\x92\xe3\x52\xf1\x98\xda\xd2\xbf\x84\
\xae\xb6\x37\x8a\x6d\x50\x64\x93\x6e\x91\xaa\xc7\xaa\xa2\x81\xcb\
\x5a\xa2\xdc\x70\xec\xd6\x91\xc6\xbe\x61\xe7\xbf\x60\x28\x0f\xfc\
\x2d\x2f\x88\x9a\x86\x71\x6f\xa3\xfc\x26\xf1\xbb\xdd\xb9\xe1\x6d\
\xbc\xfd\x0a\xee\xc2\x20\xff\x00\xdd\xdf\x75\x77\x6f\x08\xcf\x57\
\x95\x17\xa9\x02\xb9\x71\x98\xb8\xce\x85\x48\xad\x1a\x5a\xa7\xa3\
\x57\xdb\xef\xe9\xd1\xf4\xb9\xf5\xb8\x79\x46\x7c\xb5\x20\xef\x17\
\xd5\x6d\xfd\x7e\x27\x3c\xad\x98\x96\x90\xbe\xd6\xeb\x4c\x82\x53\
\xe5\x2f\xd3\xd2\xa3\x92\x4d\xac\x79\xaf\x61\xc9\x37\x73\x86\x32\
\x27\x12\xe3\xd4\x7a\xd3\xd5\xb2\x6a\x9f\xda\x76\x0c\x9e\x3e\xb5\
\xd0\x78\x7f\xc0\xb7\x5a\xae\x8d\x06\xb1\xa8\x5c\xda\xf8\x7f\xc3\
\xb7\x3b\xbc\x9d\x46\xf8\x37\xfa\x7e\xd6\x2a\xcb\x69\x02\xfe\xf2\
\xe9\x83\x02\x84\xc6\x3c\xa8\xdc\xa8\x96\x48\x81\x0d\x58\xd4\x9c\
\x62\xaf\x23\x48\xdd\xe8\x74\xff\x00\x07\xaf\xda\x57\xbc\xb3\x2d\
\x94\x55\x13\x22\xff\x00\x77\x9c\x37\xf3\x15\xdf\x43\x1f\xf2\xae\
\x1b\xe1\xfe\xad\xa7\xc7\xac\x8b\x3d\x1e\xc6\x48\x2c\x8a\x36\xeb\
\xbb\xc0\xad\x7f\x7c\x47\x46\x72\xb9\x58\x57\xa9\x10\xc6\x48\x1b\
\xb0\xf2\x4c\x51\x5c\x77\x90\x2e\x47\xd4\x57\x9b\x56\x2a\xe7\xa9\
\x87\x97\xb8\x69\x69\x7a\xa4\xf6\x04\x2a\xb6\xf8\xfb\xa9\xfe\x9e\
\x95\xb5\x6f\x7e\xb7\x09\x91\xb9\x5b\xb8\x3d\x6b\x9f\x81\x79\xfc\
\x6b\x4a\xcf\xaf\xe5\x8a\x94\x6c\x6a\x16\xca\xe6\xbd\x1b\xf6\x61\
\x1b\xbc\x5f\xab\x7f\xb3\x62\xbf\xac\x82\xbc\xd6\xda\x52\x10\xab\
\x74\xea\x0f\xa5\x7a\x57\xec\xc5\xff\x00\x23\x5e\xb8\xdf\xdd\xb3\
\x88\x7e\x6e\x7f\xc2\xb6\xc2\xeb\x59\x7f\x5d\x0f\x83\xf1\x3f\x5e\
\x16\xc6\x7f\x85\x7f\xe9\x71\x3d\xee\xd2\x15\x9a\x2d\xac\xbb\x81\
\xe3\x07\xbd\x76\xb6\x1e\x38\x3a\xcd\xa4\x36\x7e\x26\xb5\x6f\x11\
\x59\xc0\x82\x18\x2e\x1a\x6f\x2b\x53\xb1\x41\xc0\x58\xae\x70\xc4\
\xa0\xe8\x22\x99\x64\x8c\x0c\xed\x54\x27\x70\xe2\xf4\xe9\x3e\x51\
\x9a\xda\xb0\x19\xdb\xfc\xab\xd0\xad\x42\x15\x15\xa4\xb6\xdb\xa3\
\x5e\x8d\x6a\xbe\x47\xf0\xbf\xd7\xab\xe1\x9b\x74\x5e\x8f\x74\xd2\
\x69\xfa\xa7\x74\xfb\xab\xa7\x67\xae\xe7\x59\x17\x80\x64\x92\xda\
\x4b\xef\x0f\x5e\x1f\x10\xe9\xf0\xa9\x92\x58\xd6\x1f\x27\x50\xb2\
\x51\xc9\x33\x5b\x65\x8e\xd1\xde\x48\x9a\x48\xc0\xfb\xcc\xa4\xed\
\xa9\x74\x9b\x94\xba\x8c\x32\x90\x7b\xf1\xde\xb2\xb4\x89\x24\xb3\
\xba\x82\xe2\xde\x59\xad\xee\xa0\x61\x24\x53\x44\xe6\x39\x22\x61\
\xc8\x65\x61\xca\x91\xd7\x23\x9a\xed\x20\xd7\xb4\xef\x18\x49\xff\
\x00\x15\x04\x2d\x67\x7e\xdd\x35\x9d\x3e\x15\xf3\x1d\xbd\x6e\x60\
\xca\xa4\xd9\xee\xe8\x52\x4e\x4b\x31\x94\xfc\xb5\xc9\x7a\xb4\xfe\
\x3f\x79\x77\x5b\xfc\xd2\xd1\xfc\xac\xfb\x26\x79\xf5\xaa\x61\x31\
\x5a\x2b\x52\x9f\x66\xdf\x23\xf4\x93\xbb\x87\xfd\xbc\xdc\x77\x6e\
\x71\x5a\x10\x40\x99\xe9\xf9\x55\xbd\x36\xee\xe7\x44\xd5\x6d\xef\
\xec\x6e\xae\x2c\x6f\xed\x09\x30\xdc\xdb\x4a\xd1\x4d\x11\x3c\x1d\
\xac\xa4\x11\x9e\x84\x74\x23\x83\x91\x4d\xd6\x7c\x37\xa8\x78\x5a\
\xd2\x1b\xa9\xbe\xcf\x79\xa5\xdc\x3f\x97\x6f\xa9\xd9\xb1\x96\xd2\
\x76\xeb\xb7\x76\x01\x47\xc7\x3e\x5c\x81\x64\x03\x92\xa0\x60\xd4\
\x11\x5c\xab\xae\x41\xce\x45\x6c\x95\x2a\xf4\xf4\xb3\x4f\x4f\xf3\
\x4f\xf5\x4c\xf1\x6b\x53\xaf\x81\xae\x9e\xb0\x9c\x6c\xd3\xbd\x9a\
\xea\xa4\x9a\xe8\xf7\x52\x4e\xcd\x6a\x9d\x8f\xa4\x7e\x0e\x7e\xde\
\x53\x5a\xf9\x36\x3e\x3c\xb7\xfb\x5c\x6b\xf2\xa6\xb3\x67\x00\xf3\
\x53\x3d\x4c\xd0\xa8\xe7\xfd\xe8\x87\xa0\xd8\x7a\xd7\xd2\x1e\x1f\
\xf1\x16\x9f\xe3\x0d\x0e\x1d\x4b\x49\xbe\xb5\xd4\xf4\xfb\x90\x4c\
\x57\x16\xd2\x09\x23\x6e\xc4\x64\x77\x1d\x08\x3c\x83\xc1\xc5\x7e\
\x72\x06\x1d\x6b\x6f\xc0\x5f\x10\x75\xcf\x85\x9a\xd1\xd4\x3c\x3d\
\xa9\xcf\xa6\xdc\x48\x47\x9c\x83\xe7\x82\xe8\x0e\x82\x58\xcf\xca\
\xfc\x64\x02\x46\xe5\xc9\xda\x54\xf3\x5f\x9f\x67\x7c\x05\x46\xad\
\xea\xe0\x1f\x24\xbf\x97\xec\xbf\xd6\x3f\x8a\xf2\x47\xf4\x37\x01\
\x7d\x22\xb3\x0c\x12\x8e\x0f\x88\xd3\xc4\x52\x5a\x2a\x8a\xde\xd6\
\x2b\xce\xf6\x55\x3e\x6d\x4b\xab\x93\xd8\xfd\x0a\x23\x35\x11\x3b\
\x5b\xad\x78\xa7\xc2\x1f\xdb\x9b\xc3\xde\x2d\xf2\x6c\x7c\x5e\x90\
\xf8\x57\x54\x6c\x28\xbb\x32\x67\x4c\xb8\x3e\xbe\x61\xe6\x12\x7f\
\xbb\x2f\xca\x32\x00\x91\xc9\xaf\x70\xba\xb2\x68\xbe\x61\xf3\x2f\
\x51\x8a\xfc\xb7\x1d\x83\xc4\x60\xaa\x7b\x2c\x4c\x5c\x5f\x9f\x5f\
\x47\xb3\xf9\x1f\xd7\x59\x0e\x7b\x97\x67\x78\x45\x8e\xca\xab\x46\
\xad\x3e\xb6\xde\x2f\xb4\xa2\xed\x28\xbf\x26\x93\xf9\x10\x30\x20\
\x75\xfc\xaa\x29\x1b\x6f\x7c\x53\x9a\x4f\x6a\x8d\xd3\xcc\xef\x5c\
\x6a\xba\x7a\x23\xd6\x85\x07\x37\x64\x06\x4f\x7a\x6b\x5c\x54\x33\
\x49\xe5\x7a\x55\x39\xe6\xde\xb8\x6c\xe3\xeb\x44\xb1\x16\x36\x8e\
\x19\xde\xc4\x56\xd3\x6c\xf1\xad\xe1\x3f\xf3\xe5\x08\xff\x00\xc7\
\xe4\xab\xf2\xdd\x73\xd7\x8a\xcd\x1e\x54\x32\xb4\x91\xc7\x1a\xbb\
\x00\xa5\xb1\xc9\x03\xa0\xfd\x4f\xe7\x4d\x93\x51\xc7\xf1\x0a\xc6\
\xb6\x21\xcd\xdf\xd3\xf0\x3a\x30\x39\x7b\xa5\x07\x19\xeb\x77\x27\
\xf7\xc9\xbf\xd4\xdc\xd2\xe7\xdf\x7b\x1f\xb9\x02\xbe\x13\xd4\x75\
\xbf\xf8\x98\xdd\x73\xff\x00\x2d\xe4\xff\x00\xd0\x8d\x7d\xb7\xe1\
\xeb\xa3\x73\xaa\xc2\x00\xc8\x0c\x33\xf9\xd7\xe5\xcf\xc4\x6f\xda\
\x5f\x4d\xd2\x2f\xef\x61\xd1\xda\x3d\x5a\xe7\xcf\x90\x09\x51\xbf\
\xd1\x97\xe6\x3c\xee\x1f\x7f\xfe\x03\xc7\xbd\x7d\x17\x0a\xe1\x6b\
\xe2\xea\x54\x85\x05\xcc\xf4\xf9\x6f\xbb\xe8\x7e\x7b\xe2\x76\x23\
\x09\x84\xa3\x42\xa6\x2e\x4a\x2b\xdf\xb7\x77\xf0\xec\xb7\x7f\x2f\
\x99\xe9\xbe\x2f\xf1\xf4\x3a\x07\x87\x26\x9f\x54\xd5\x22\xd3\xf4\
\x8b\x36\xf3\xa4\x92\xe6\x71\x1d\xbc\x2c\xd8\x40\xc4\xb1\x0a\x19\
\x8e\xd5\x1d\xc9\xc0\x19\xe0\x56\x5e\xa9\xe0\xbb\xf6\xf0\x87\xfc\
\x25\x7e\x3a\xd5\x47\xc1\x9f\x86\xf9\xc7\xf6\xcf\x88\x2d\x0a\xeb\
\xda\xc7\x73\x1e\x9f\xa5\xc8\x3c\xd4\x6c\x06\x3e\x65\xd2\x6e\x5d\
\xb9\xfb\x2c\xb1\x9f\x30\x66\xfe\xc7\x5e\x3b\xf1\x97\x8c\x17\x57\
\xd5\xbc\x2b\xf0\xd7\x48\xf1\x87\xc4\x2d\x3e\xf1\x9e\xcb\xc6\x7e\
\x28\xb9\x36\xfe\x1a\xf0\x2d\x99\x81\x43\x38\x5e\x71\x3f\x32\x96\
\xf2\x14\x4c\xd1\xc8\xbb\x9d\x91\x02\xd3\xbc\x2b\xa8\xc3\xe3\x1f\
\x8d\xd3\x49\xe0\x98\x6f\x3f\x6b\xcf\x8f\xd0\x32\xad\xc7\x8b\xf5\
\x94\xf2\x3c\x0b\xe0\x50\x49\x65\xf2\x23\x0c\x21\xc2\xed\xdc\x9b\
\x0e\x5c\xab\x34\x2c\x1b\x74\x67\xe8\xb1\x78\x0a\x94\x2b\x4a\x95\
\x4b\x7b\xbb\xd9\xae\xbd\x5b\x7e\xec\x17\x9c\xb5\x7d\x22\xcf\x99\
\xc9\x71\x14\x71\x38\x3a\x78\x8a\x57\x6a\xa5\xf9\x53\x52\x5b\x69\
\x64\x97\xbf\x51\xff\x00\x76\x9d\xa2\xbe\xd5\x44\x7c\x87\xfb\x47\
\xf8\xc7\xc3\xf7\xbf\x18\xb5\xa6\xf0\x9d\xaf\x89\x2c\x7c\x36\xc2\
\xd8\xd8\xc7\xaf\xb9\x6d\x4a\x55\xfb\x2c\x25\xa7\x9b\x93\x83\x33\
\xef\x94\x05\xf9\x42\xc8\xbb\x42\xae\x14\x5f\xfd\x94\x35\x8f\x0c\
\xf8\x4f\xc6\xda\xdf\xc4\x2f\x19\x69\xf3\x6b\x3a\x1f\xc3\x3d\x28\
\xeb\x76\xba\x60\x81\xe4\xb7\xd5\xf5\x66\x95\x22\xd3\xed\x67\x65\
\x04\x47\x13\x4c\xfe\x61\x66\xe3\xf7\x18\x21\x81\x2a\x79\xaf\xdb\
\x42\xff\x00\x5e\x93\xf6\xaf\xf1\xa7\xfc\x25\x1e\x34\xd1\xbe\x20\
\xf8\x88\x4d\x6a\x35\x2d\x7b\x48\x31\x9b\x0b\xa9\xc5\x9d\xbe\xe8\
\xa1\xf2\xc0\x5d\xb0\x7f\xc7\xbf\x0a\xa7\x30\x36\xe5\x56\xdc\x06\
\xd7\xec\xf5\xa4\x4f\xf1\x03\xf6\x72\xf8\xc5\xe1\x5d\x36\x60\xfa\
\xd6\xb1\x6f\xa6\xdd\x43\x67\xe7\x2c\x46\xf1\x6d\x6e\x1a\x75\x1b\
\x9b\x8d\xbe\x6a\xa2\x31\x3f\x2a\x99\xa3\xc9\x19\x15\xf7\x35\x94\
\x61\x95\x41\xa7\xa4\x94\x13\x69\xbd\x9d\x93\x77\x69\x3d\xaf\xab\
\x49\xf5\xd0\xf9\xee\x0c\xe1\xda\x98\xfe\x28\x9e\x12\x9c\x3d\xe5\
\xed\xa5\x18\xda\x2a\xf3\x84\x67\x28\x47\x95\x37\x1d\x66\xa3\x78\
\xa6\xd5\xae\xaf\x6d\x4f\x1a\xf8\x8b\xf1\x17\xc4\x1f\x19\xfe\x21\
\xeb\x1e\x2e\xf1\x56\xa5\x36\xb3\xe2\x5f\x11\x5c\x1b\xbd\x42\xf2\
\x5e\x0c\x8e\x40\x00\x28\xe8\x88\x8a\xaa\x88\x83\xe5\x44\x44\x51\
\x80\xa2\xba\x5f\x88\xfe\x3f\xd2\x7c\x13\xfb\x0f\xdb\xe9\x7a\xf4\
\xd7\x50\x4b\xaf\x6a\x66\x3d\x32\x0b\x74\x56\xb9\xb9\x8e\x1b\xc4\
\x9e\x67\x40\xc4\x2a\xa8\xf9\x90\xbb\x7d\xd3\x32\x90\xaf\x90\xa4\
\xbf\xf8\x33\x7f\xe1\xc8\xaf\xb5\x0f\x10\xdb\x7f\xc2\x23\xe1\x3d\
\x2a\xe1\x92\xe7\xc4\x1a\x9c\xc1\x5e\xed\x03\x10\xa2\xda\xd1\x77\
\x3b\x49\x20\x00\xa8\x7d\xa4\x64\x61\x64\x39\x41\xe4\x97\x9e\x10\
\xf1\xb7\xed\xed\xf1\x5a\xe2\x3f\x04\xf8\x7a\x6f\xf8\x47\xfc\x2b\
\x67\x1d\x9c\x32\x5f\x5d\x45\x67\xa6\xf8\x6b\x4f\x5c\xe2\x7b\xfb\
\xc9\x58\x5b\xc0\xd2\x10\xee\xc5\xdf\x2c\x40\x44\xf3\x0a\xae\x79\
\xf1\xb2\xa3\x8a\x74\xa3\x1f\x76\x9d\x19\x29\x37\xb2\x5c\xa9\xa8\
\xa5\xf3\x6b\xd1\x2f\x34\x7e\xc7\x90\x70\xfe\x63\x90\x50\xc5\xe3\
\x73\x58\xf2\xd5\xc5\x52\x95\x18\x53\x96\xb3\x92\x9c\xa2\xea\x4e\
\x4b\x78\xc5\x46\x2e\x29\xbb\x37\x29\x27\x1b\xa8\xc9\xad\xcf\x86\
\x7f\x19\xb5\x6b\xaf\xd8\x3b\xf6\x8a\x83\x45\x92\x4f\x0a\xe9\xf7\
\x3a\xf7\x82\xb4\xb9\x61\xb0\xba\x71\x75\x7f\x69\x38\xf1\x07\x9d\
\x0d\xcd\xc8\xda\xf3\xac\x82\x18\x77\xc6\x02\x42\x7c\xb3\xb6\x14\
\x0c\xc1\xbe\x7a\xb4\xb5\x8a\xd5\x15\x51\x55\x55\x47\x00\x0a\xf5\
\x6f\x88\x97\xde\x14\xf8\x61\xf0\x56\x4f\x87\x9e\x13\xd5\x2e\xbc\
\x51\xa8\x6b\x1a\xed\xb6\xbb\xe2\xaf\x10\xfd\x9d\xed\x74\xeb\xa9\
\x6c\x61\xbc\xb7\xb1\xb5\xd3\xe2\x7c\x4a\xd6\xe8\xb7\xf7\x92\x3c\
\xf3\xa4\x4f\x2b\x49\x1e\x22\x8c\x47\xf3\x79\x2d\xd5\xcf\x94\x3a\
\xd7\xd1\xe5\x31\x71\xa5\x52\x72\x56\xe6\x93\x7a\xef\x6b\x24\xaf\
\x7d\x7a\x69\x7e\x87\x27\xb8\xe9\xc2\x95\x3b\x5a\x2a\xd6\x5b\x6e\
\xdf\x4d\x3a\xfd\xe7\x79\xe1\x59\x40\xf0\xb5\xa9\xf7\x93\xff\x00\
\x46\x35\x49\x75\x76\xb1\xab\x16\xe1\x46\x73\x4e\xf8\x5b\xe1\x9b\
\xef\x12\x7c\x3e\x6b\xf8\xbe\xcb\x69\xa4\x69\x6c\x57\x50\xd5\x6f\
\xee\x16\xd7\x4f\xd3\xcb\xc9\x21\x45\x96\x77\x21\x44\x8e\x15\x8a\
\x44\xbb\xa5\x97\x63\x08\xd1\xd8\x6d\xac\xff\x00\x10\x7c\x70\xd0\
\xbc\x15\x98\x3c\x19\x67\x0f\x89\x75\x85\xe1\xbc\x47\xad\x58\x6e\
\xb1\xb6\x3d\x3f\xd0\x74\xe9\x81\x57\xef\x89\xef\x95\x89\x0e\x0a\
\xda\xdb\xc8\x8b\x29\xf5\x25\x8c\x4b\xdc\xa6\xb9\xa5\xd9\x74\xf5\
\x7b\x2f\xcf\xb2\x67\xc2\xff\x00\x60\xe2\x31\x98\xba\x92\x8a\xb4\
\x79\x9e\xaf\x6d\xfa\x77\xf9\x1b\xff\x00\xf0\x89\x2e\x97\xe1\xcb\
\x4d\x7b\xc5\x3a\xa4\x7e\x11\xf0\xe6\xa0\x86\x5b\x1b\x8b\x8b\x73\
\x71\xa8\x6b\x48\x09\x04\xe9\xf6\x41\x95\xee\x46\x55\x87\x9c\xcd\
\x15\xa8\x65\x28\xf7\x11\xb9\x55\x38\x17\xdf\xb4\x15\xc6\x96\xb3\
\x59\xf8\x0e\xc2\x6f\x06\xda\xcc\x8d\x0c\xda\xb3\x5c\x7d\xa3\xc4\
\x37\xf1\xb0\x21\x95\xee\xc2\xa8\xb5\x8d\x94\xba\x98\xac\xd6\x2d\
\xc8\xe6\x39\x9e\xe4\x00\xd5\xe7\x7a\xc6\xab\xa8\x78\xbb\xc4\x57\
\xda\xd6\xb9\xa9\xea\x1a\xd6\xb5\xa9\xc9\xe7\x5e\x6a\x3a\x8d\xd3\
\xdd\x5d\xdd\xbe\x00\xdd\x24\xb2\x12\xee\x70\x00\xcb\x13\xc0\x03\
\xa0\xa2\x3b\xd5\x84\x7c\xb5\xc7\x5a\x4b\xe2\xc4\x3b\xf9\x7d\x9f\
\xbb\xaf\xab\xf5\x49\x1f\x61\x96\xe4\x34\x30\xca\xf4\x95\xe5\xfc\
\xcf\x7f\x97\x6f\x96\xbe\x66\x86\x9b\x65\x15\x8c\x4b\x1c\x6a\xa8\
\xaa\x30\x15\x46\x00\xad\x08\xa4\x55\x35\x8b\x1d\xfe\xef\xa7\xad\
\x59\x82\xf3\x35\xc1\x5b\x18\xe6\xcf\xa0\xa7\x81\x8a\xd5\x9b\x90\
\xcf\x9c\x55\xc8\x66\xf9\x73\x58\xf6\xb7\x1f\x37\x5e\x2b\xa7\xf0\
\x7f\x84\x75\x0f\x17\x3f\xfa\x24\x3f\xb9\x07\x0d\x33\xfc\xb1\xa9\
\xfa\xf7\xfa\x0c\x9a\xc1\x5e\x47\xa5\x46\x9f\xd9\x8a\x19\x13\x67\
\xf3\xae\xa7\xc3\x5e\x08\xba\xd5\x82\xcb\x22\x9b\x7b\x7e\xa1\x98\
\x7c\xcf\xf4\x1f\xd4\xf1\x5d\x37\x86\xbe\x19\x59\xf8\x74\x24\x92\
\x62\xf2\xe8\x73\xbd\xd7\xe4\x43\xfe\xca\xff\x00\x53\x9f\xc2\xb7\
\x99\x39\xfd\x73\x5d\x34\xe8\xbd\xd9\xea\xd3\xa1\x65\x79\x19\x56\
\x1a\x35\xbe\x95\x0e\xc8\x53\x6a\xf7\xf5\x3f\x5a\xe1\xbf\x6b\xbf\
\xdd\xfe\xcf\x5a\x7c\x9f\xf5\x35\x5b\xaf\xfe\x49\xdc\x9f\xe9\x5e\
\x8d\x2f\x56\xaf\x3b\xfd\xb1\xd7\x6f\xec\xcd\xa7\xb7\xfd\x4e\x56\
\xab\x9f\xfb\x71\xbb\xae\xbc\x32\xb5\x68\xff\x00\x5d\x0e\x6c\xc5\
\x7f\xb3\x4d\x1e\xf3\xff\x00\x04\xda\xf8\xb1\xe2\x6d\x2f\xf6\x24\
\xf1\x17\x82\x6c\xf5\x8b\xbb\x2f\x0b\xea\x1e\x34\xd4\x2e\xef\xac\
\xad\x88\x8f\xed\xd2\x35\xbd\x9a\x15\x95\xc7\xcc\xd1\xed\x8d\x7f\
\x77\x9d\x84\xe4\x90\x78\xc7\xd7\xff\x00\xf0\x49\x7f\x84\x5f\xdb\
\xbe\x21\xf8\xf1\xab\x69\x3a\x3d\x98\xd4\x1f\xc6\x1a\x76\x9a\xf7\
\xc9\x0a\x24\xeb\x00\xf0\xfe\x97\x28\x80\xcb\xf7\xbc\xbd\xf2\x33\
\x6c\xce\xdd\xcc\x4e\x32\x6b\xe1\xdf\xf8\x27\x1c\x99\xfd\x9d\xf5\
\xa3\xeb\xe2\xcb\xd3\xf9\xdb\xda\x1f\xeb\x5f\x73\xff\x00\xc1\x2e\
\xfc\x77\xaa\x78\x6b\x44\xf8\xed\x6b\x65\x79\x2d\x9c\x57\x1e\x3a\
\xb2\x99\x8c\x5f\x2b\x93\xff\x00\x08\xee\x92\xbf\x78\x72\x3e\xef\
\x62\x2b\xf9\x1b\xc4\xcc\x44\x23\x88\xcc\x16\x25\xcb\x93\x9e\xcf\
\x97\x7f\x8d\x59\x6b\xa5\xaf\xbf\xe4\x7f\x58\xd1\xc2\xaa\x7c\x03\
\x92\xfd\x4a\x10\x53\x72\x84\x9d\xd6\x8d\xba\x55\x2f\x27\x6d\x5b\
\xb7\x57\xae\xca\xf6\x3c\xc3\xf6\x8a\xf0\x12\xf8\x5b\xfe\x0a\x35\
\xf1\xc6\x29\xe3\x81\xf5\x4b\x78\x7c\x37\x6d\x24\xc8\x37\x32\x2b\
\x69\x51\xc8\x50\x1e\xa0\x1d\xcb\x91\xdf\x03\xae\x05\x64\xff\x00\
\xc1\x3e\xbf\xe0\x9d\x5e\x13\xfd\xb2\xff\x00\x68\x9f\x8c\x3e\x2f\
\xf1\x57\x86\xdb\xc5\x8d\xe1\xcf\x12\xdb\x68\xb6\x56\x97\x72\x32\
\xe9\xb1\x32\x59\x43\x23\xc9\x2a\x02\x04\xc7\x6b\xc4\xa1\x1c\x94\
\x03\x39\x46\x24\x11\xd8\x68\xdf\x06\xbc\x49\xf1\xa7\xfe\x0a\x03\
\xf1\xd3\x4f\xf0\xb6\x83\x75\xab\xdd\x9b\xbf\x0f\x34\xa6\x14\x0b\
\x0c\x1b\xb4\x78\x09\x79\x65\x38\x48\xc1\x39\x39\x62\x32\x73\x8c\
\x9a\xf6\x0f\xd8\x73\xc2\x3e\x2a\xfd\x95\x3e\x25\xfe\xd1\xdf\x0b\
\x6f\xb5\xcd\x1e\xeb\x1e\x2f\xb0\xf1\x1d\xc4\xda\x3b\xbf\x99\x13\
\xea\x1a\x45\xaa\xbd\xab\xc8\x70\xcb\xe5\xad\xac\x7c\x28\x52\x7c\
\xc2\x4e\x43\x05\x1e\x2d\x4c\xd6\xa6\x0f\x2b\x78\xb8\x4a\x70\x5e\
\xc2\x8c\x57\x2c\xad\x25\x0b\x53\x4a\x3c\xda\x59\x68\x93\xf2\xbe\
\x9d\x08\xcd\xeb\x61\xaa\xf0\xce\x07\x2a\xbd\x39\xd7\xf6\xb5\x26\
\xe2\xd6\xd6\x95\x4b\xcd\xc5\x5d\xad\x5e\x97\xde\xfb\xe8\x7e\x6d\
\xff\x00\xc1\x76\xbc\x36\xbe\x0f\xff\x00\x82\xa3\x78\xc3\x4b\x8e\
\x48\x5d\x6d\x34\x2d\x12\x32\x91\x0d\xb1\xc0\x45\x84\x43\xcb\x50\
\x38\x01\x40\x18\x00\x0c\x74\xc5\x45\xe1\x38\x9a\x2f\x82\x3f\x0e\
\x96\x36\x1b\xa3\xf0\xe9\xf9\x4f\x7d\xda\x95\xfb\x75\xed\xf7\xab\
\x3b\xfe\x0b\x30\xaa\xff\x00\xf0\x52\x6f\x19\x05\x5d\xab\x0e\x99\
\xa3\xc6\x14\x0c\x60\x0d\x3a\x02\x3f\x9d\x6a\x78\x6b\x29\xf0\xb7\
\xc1\xab\xb5\x9b\xc8\xf0\xfd\xbe\x14\x75\xf9\x9a\x59\x47\xe7\xe6\
\x7e\xb5\xfd\x47\xe1\xe7\x2f\xfa\xbb\x97\xca\x2b\x95\x3a\x14\xdd\
\xaf\x7b\x5e\x09\xda\xfd\x6d\xdf\xa9\xfc\xa1\x39\x37\x9f\xe2\x69\
\x37\x76\xa5\x3b\xbd\xb6\x95\x9e\x9d\x08\x8c\xb7\x04\xe3\xec\xee\
\xc7\xfd\x96\x0c\x3f\x52\x0d\x1e\x5d\xe3\x9c\x2d\x9c\xdb\xbf\xdb\
\x65\x50\x3e\xbc\xe7\xf2\x06\xbd\x5b\xf6\x83\xfd\x91\x3c\x59\xfb\
\x3f\x78\x1b\xc2\x7e\x22\xd6\x9b\x44\xd6\x7c\x1b\xf1\x0a\xd0\x49\
\xa2\xeb\xda\x25\xdb\xcf\x65\x74\x5e\x2f\x33\xc8\x62\xe9\x1c\x91\
\x4c\x23\xdc\x76\xba\x02\x76\x3e\xd2\x4c\x6f\xb7\xce\xb4\xcb\x28\
\xf4\xdb\x35\x8a\x3d\xdb\x72\x5b\x93\xdc\xf2\x71\xd8\x0f\x61\x80\
\x3b\x01\x5f\x59\x87\xc4\x43\x11\x15\x56\x8b\x52\x8e\xba\xae\xeb\
\x46\xbe\x4f\x73\xd8\x8d\x29\xb7\x77\xb1\x9c\x7c\x3b\x26\xa3\xff\
\x00\x1f\xd3\x6e\x88\x8f\xf8\xf7\x8b\x2b\x19\xff\x00\x79\xbe\xf3\
\xfd\x38\x52\x3a\xad\x68\xc7\x68\x96\xb1\x2a\x22\xaa\xc6\x80\x2a\
\xaa\x8c\x05\x1e\x80\x54\xc0\xe4\xd3\x24\x3f\x36\x3f\x1a\xd8\x39\
\x6c\x31\x95\x71\x51\xb3\x80\x7d\xe9\x4b\x71\x93\x54\xb5\x3b\xb6\
\xb4\xb3\x92\x48\xd7\x7b\x2a\x92\x00\xef\x55\x1b\x86\xe5\xe8\xe5\
\x04\xf2\xd5\x61\x0e\xfa\xfd\x07\xf8\x6d\xff\x00\x04\xd9\xf8\x3b\
\xe1\xaf\x08\xd8\xff\x00\x69\x5b\x4d\xf1\x0e\xf2\xe6\xd6\x29\x25\
\xd6\xc6\xaf\x73\x0d\x9d\xe1\x74\x0c\x5e\xd5\x6d\xe4\x8d\x44\x27\
\x39\x8d\x9b\x73\x95\xc1\x2c\x73\x5f\x16\x7e\xd1\x3f\x09\xe0\xf8\
\x17\xf1\xeb\xc5\x5e\x13\xb3\xb8\x9a\xea\xc7\x49\xb9\x8c\xda\x49\
\x31\x0d\x29\x82\x68\x23\xb8\x8d\x5c\x80\x01\x65\x59\x42\x13\x81\
\x92\xa4\xe0\x66\xbf\x36\xe1\x1f\x15\x72\x2e\x25\xcd\x2b\xe5\x39\
\x6f\x3f\xb4\xa2\x9c\xaf\x28\xa5\x19\x45\x49\x45\xb8\xea\xde\x8d\
\xad\x24\xa2\xf5\xd1\x68\xed\xed\xe6\x1c\x3d\x8a\xc1\xe1\xe1\x89\
\xae\x95\xa5\xb6\xba\xab\xab\xeb\xf2\x38\xf1\x4d\x73\x8a\x73\x29\
\x1f\xe2\x29\xac\x09\x15\xfa\x29\xe0\xb2\x27\x7e\x3e\xb5\x13\x9c\
\x0f\xfe\xbd\x49\x20\xe8\x7f\xa5\x44\xe3\xe7\xff\x00\xeb\x55\x19\
\x0d\x63\x85\xc7\xad\x31\xfe\xed\x3b\xf8\xaa\x36\x25\x8f\xd3\xa5\
\x68\x80\x00\xc5\x46\xcd\xbc\xfb\x50\x5b\x9a\x6b\x9d\xa3\x8a\x0c\
\xc1\xdb\x6d\x46\xcf\xb7\xeb\x4e\x3c\x0c\xd4\x24\xe3\x2d\x55\x10\
\x09\x1b\xf5\xa8\xce\x00\xff\x00\xeb\xd2\xbb\x6e\x1f\x4a\x8c\xfc\
\xc7\xff\x00\xad\x54\x67\x2d\xc4\x27\x8e\x6a\x32\x77\x1f\x4f\xc6\
\x95\x9b\x23\xb6\x3d\x71\x4c\x7f\x98\xf5\xfd\x28\x24\x42\xf9\xff\
\x00\xf5\xd3\x59\xc0\x3e\xa7\xeb\x48\xcd\x9f\xf1\xc5\x46\xcd\xb4\
\xff\x00\xf5\xa8\x01\xcc\xdc\x54\x64\xee\x6a\x09\xdf\xff\x00\xea\
\xa6\xb7\xcb\xff\x00\xea\xa4\x02\x13\xb8\xfb\x7d\x6a\x32\xfb\x8f\
\xa7\xe3\x4e\x6e\x17\xff\x00\xad\x4c\x3f\x28\xff\x00\xeb\x53\x01\
\x1c\x80\x3f\xfa\xf5\x13\x37\x14\xe7\x3c\x73\xf9\x62\xa3\x63\xbb\
\xbd\x26\x02\x39\xc7\xa6\xee\xb4\xc6\x3b\x7a\x52\x9e\xb9\xf4\xa6\
\x0e\x6a\x5b\xb9\x12\x97\x41\x19\xb6\x8a\x67\x41\xcd\x04\xee\x6a\
\x8d\x9b\x77\xd3\xf9\xd2\x20\x19\xb7\x1f\x6a\x46\x38\x5f\x4a\x46\
\x7e\x71\x4c\x27\x9a\x00\x5e\x9f\xce\x9a\xe4\x2a\xd2\x91\x91\x49\
\xb7\x7f\x51\x53\xcc\x4c\xa4\x35\xd7\x1f\x9d\x18\xa0\x9c\x9a\x19\
\xb6\x8a\x93\x26\xc6\xbb\xe0\x7b\xd4\x6e\xdb\x47\xb9\xa7\x16\xc1\
\xc9\xef\x51\x93\xb9\xa8\x10\x54\x52\x9c\xee\x3e\xc4\x7f\x3a\x94\
\x9c\x0a\x86\x4f\xf5\x6d\xf8\xd6\x32\x60\x7d\xe1\x17\xff\x00\x5a\
\xa6\xc5\x57\x85\xb0\xbf\x8d\x48\x5c\x9f\x6a\x95\xab\xb1\xfc\x7f\
\xca\x38\x9c\xff\x00\x9e\x95\x19\x62\x01\xfe\x74\x16\xff\x00\x3e\
\xb4\xd6\xeb\xef\x5d\x09\x58\xda\x30\x02\xd9\xa4\x27\x02\x82\xd8\
\xfe\xb5\x19\x6c\x9a\x0d\xe3\x11\x5e\x4a\x8d\xce\x71\xed\x48\xcd\
\x96\xa4\x27\x03\xdf\xbd\x54\x4e\x9a\x71\x15\x9b\x68\xa8\xcb\x77\
\x34\xa5\xb1\x51\xb3\xee\x3c\x55\x1d\x74\xe2\x0c\x77\x1f\x6a\x33\
\x81\xcd\x37\x38\x6c\x53\x59\xb7\xfd\x28\x3a\x63\x10\x76\xc9\xfa\
\x53\x5c\xe2\x91\x9b\xf3\xa6\x33\x63\xaf\xff\x00\xae\xa9\x23\xa6\
\x31\x02\x70\x3f\xcf\x34\xd6\x39\x34\x13\xb8\xd3\x59\xb6\x8f\x7a\
\xa3\xa2\x11\x1a\xe7\x26\x9a\xc7\x03\xf4\x14\xb8\xc9\xa6\x33\x6e\
\x39\xfc\xab\x33\xaa\x11\x10\xf0\x29\x8e\xd9\x22\x89\x1a\x9b\xbb\
\x02\x94\xb6\x37\x84\x46\xbf\x04\xd4\x6c\xd9\x34\xb2\x37\x3f\xce\
\x98\xef\xb6\xa1\x23\xa2\x31\x1b\x23\xe7\xf0\xf7\xa8\x49\xc9\xff\
\x00\xeb\xd3\xce\x0f\x5a\x67\xdd\x14\x1d\x10\x88\x84\x7c\xbf\xad\
\x31\xdb\x02\x9c\xed\x9a\x8d\xb9\x7a\xc6\x5b\x9d\x51\x89\x13\x9f\
\xbd\x9a\x88\xfc\xab\x52\xcb\xc8\x6f\xa5\x46\xdc\x8a\xc6\x5d\x8e\
\x98\xc4\x89\xd4\xe3\xe9\xda\xaa\x6b\x5a\x15\xbf\x89\x34\x7b\xad\
\x3e\xf3\xcd\xfb\x3d\xec\x66\x27\x68\x5f\x64\xb1\xe7\xa3\xa3\x7f\
\x0b\xa9\xc3\x2b\x76\x60\x0f\x6a\xbf\xe5\x02\xbf\xd6\x94\x28\x02\
\xb3\x35\x48\xf2\xa8\xfe\x23\xcd\xe0\x7d\x72\x0f\x0c\xf8\xf9\x6d\
\xec\x6f\x2f\x1b\xc9\xd3\x75\xc0\x9e\x5e\x97\xe2\x11\xdb\x0d\xd2\
\x0b\x9c\x7d\xfb\x77\x3d\x79\x42\xea\x54\xd7\xb0\xe9\x1f\x11\x05\
\xcf\x86\x2d\x7c\x37\xe2\xcd\x26\xd7\xc6\xbe\x19\xb0\x8c\x41\x63\
\x6b\x7b\x2b\x43\xa8\x68\x91\x8e\x8b\xa7\xdf\xa8\x32\xdb\x28\xea\
\x20\x61\x2d\xae\x49\x26\xdd\x8f\x35\x95\xaf\x68\x1a\x7f\x8b\x34\
\x0b\xad\x27\x56\xb1\xb3\xd5\x74\xbb\xe4\xd9\x71\x69\x75\x10\x96\
\x19\x87\x51\x95\x3d\xc1\xe4\x11\xc8\x38\x20\x82\x33\x5e\x57\x75\
\xf0\x87\xc5\x9f\x05\xcf\x9d\xe0\x1b\xe9\x3c\x4d\xe1\xf8\xf9\x3e\
\x17\xd6\x2e\xff\x00\xd2\x6d\x57\xd2\xca\xf1\xcf\x41\xda\x39\xb8\
\x00\x7d\xf2\x4e\x2b\xbe\x38\xce\x68\xaa\x78\xb5\xcd\x15\xb4\x97\
\xc4\xbc\xf4\xb3\xbf\xf7\xa3\x67\xe5\xd4\xf9\xcc\x67\x0e\xca\x33\
\x75\xf2\xb9\x72\x49\xef\x07\xf0\xcb\xc9\x5f\x4f\xfb\x76\x49\xc7\
\xcd\x68\x8f\x4e\xd6\xbf\x66\x79\xfc\x4c\x92\x5e\x7c\x35\xd4\xae\
\xbc\x65\x0a\xa9\x91\xfc\x3f\x73\x0a\xdb\xf8\x9a\xd1\x46\x49\xdb\
\x6e\xa4\xa5\xfa\xa8\x1f\x7e\xcc\xb4\x98\x05\x9e\xde\x01\xc5\x79\
\x4c\x3a\x92\x5d\x27\xca\xc1\xb0\x48\x23\xa6\x08\xe0\xd7\x49\xf0\
\xe3\xe3\x5e\x8b\xf1\x12\xfa\x6b\x18\x5a\xeb\x4b\xf1\x06\x9c\xc0\
\xdd\x69\x1a\x84\x46\xd7\x50\xb2\x71\x82\x09\x8d\xb9\xe3\x82\x1d\
\x72\x3a\x1c\xd7\xab\x78\x9b\xc4\x5a\x2f\xc6\xa1\x8f\x88\x16\x77\
\x97\xfa\xa3\x00\x17\xc5\x5a\x6e\xc5\xd7\xa3\xc0\xc0\xfb\x46\xe2\
\x23\xd4\x54\x0c\x71\x70\x56\x72\x02\xaa\xdc\xc6\xa3\x6d\x7a\x74\
\xea\x54\x51\xe6\x8b\xf6\x90\xef\xa7\x32\xfc\x94\xbf\x06\xbf\xbc\
\xcf\x95\xab\x1a\x7e\xd1\xd1\xc4\x43\xd8\xd4\x5d\x1d\xf9\x5f\xdf\
\x77\x1f\xc5\x3f\xee\xa3\xc1\x73\xbf\xa5\x46\xcb\x9a\xed\x3e\x24\
\xfe\xcf\xda\xef\xc3\xdd\x06\xe3\x5f\xb0\xb8\xb5\xf1\x77\x83\xad\
\xca\x89\x75\xcd\x29\x5f\x6e\x9f\xb8\xe1\x56\xfa\x06\x1e\x75\x9b\
\x93\x85\x06\x51\xe5\x3b\x64\x45\x2c\xc0\x16\xae\x0d\x2f\x56\x4e\
\x55\x94\xe6\xba\x29\xca\x15\x17\x35\x37\x7f\xcd\x3e\xcd\x6e\x9f\
\x93\x14\xf0\xb3\xa4\xd2\x9a\xf4\xec\xd7\x74\xf6\x6b\xcd\x68\x4c\
\x62\xc6\x4f\xe2\x0d\x57\xb8\xb1\x86\xe0\xe6\x48\x61\x90\xf7\x2c\
\x80\xd4\xc6\x5c\x8a\x8e\x49\x7a\xd4\xca\x29\x9d\x14\x64\xe3\xaa\
\x2a\xc9\xa3\xda\xee\xff\x00\x8f\x5b\x6f\xfb\xf4\xbf\xe1\x55\xdf\
\x48\xb5\x03\xfe\x3d\xed\xff\x00\xef\xd8\xff\x00\x0a\xb8\xd2\x73\
\xd6\xa1\x91\xff\x00\xfd\x46\xb3\xe5\x48\xec\x8d\x69\xf5\x65\x19\
\xb4\xb8\x50\xff\x00\xa9\x87\xa7\x64\x15\x04\x9a\x7c\x4b\x9c\x46\
\x9f\xf7\xcd\x5f\x99\x88\x35\x55\xdb\x2b\xfa\x54\x49\x58\xea\xa7\
\x26\xca\xb2\x5a\x20\xfe\x15\xfc\xaa\xbc\x91\x2a\xb1\xc5\x5b\x94\
\xe7\x35\x5a\x73\x90\x7f\x2a\xc6\x48\xee\xa7\x22\xbc\x9c\x71\xef\
\x4c\xdd\x4b\x2b\x60\x8a\x87\xee\xd6\x72\x47\x65\x36\x12\x36\xe5\
\x63\xed\x55\xee\x13\x23\xfd\x93\x52\x33\xf1\x9f\xca\xa1\x95\xf8\
\xf5\xef\x4b\x63\xb2\x0f\xa1\xb1\xf0\x8f\xe3\x0f\x8c\x7f\x67\x3f\
\x88\x56\xfe\x2c\xf8\x7f\xe2\x8d\x67\xc1\xde\x24\xb5\x00\x2d\xf6\
\x99\x3f\x96\xd3\x20\x60\xde\x5c\xc8\x73\x1c\xf1\x6e\x00\x98\xa5\
\x57\x46\xee\xa6\xbe\x9e\xf8\x75\xfb\x57\x7c\x21\xfd\xa9\xe4\x8f\
\x4f\xf8\x9d\x69\xa7\xfc\x0d\xf8\x81\x36\x12\x2f\x17\x68\x36\x2c\
\xde\x10\xd6\x64\xc6\x01\xd4\x2c\x14\x96\xd3\xe4\x62\x17\x33\xdb\
\x93\x0e\xe6\x92\x47\x54\x00\x2d\x7c\x87\x2f\x3f\x8d\x53\xba\x89\
\x5c\x10\x7e\xee\x79\x15\xcb\x5b\x09\x0a\x92\xf6\x91\x6e\x33\xfe\
\x68\xef\xe8\xf7\x4d\x79\x49\x35\xe5\x73\xd2\xa5\x28\xca\x1e\xce\
\xac\x54\xa3\xd9\xfe\x6b\xaa\x7e\x6a\xcc\xfa\x4b\xfe\x0a\x03\xfb\
\x3f\x78\xbf\xf6\x65\xb9\xf0\x6c\xda\xdd\xad\xac\xba\x56\xbc\x93\
\x4f\xa3\x78\x87\x48\xbb\x5b\xed\x1f\x5a\x8c\x79\x4f\x1c\xd6\xb7\
\x51\xfc\xad\x90\x77\x80\x76\xbe\x30\xdb\x40\xc1\xaf\x15\xf8\xad\
\xfb\x4b\xfc\x40\xf8\xcd\xe1\xf6\xd2\xfc\x51\xe2\xed\x63\x5b\xb1\
\x9a\x54\x9a\xeb\xed\x2c\x8d\x3e\xa4\xe8\x73\x1b\x5d\xce\x14\x4d\
\x76\xc8\x46\x54\xdc\x3c\x85\x48\x04\x60\x80\x6b\x9d\x7f\x17\x6b\
\x89\xe0\x48\xfc\x26\xba\xe6\xb5\xff\x00\x08\x94\x3a\x8f\xf6\xb4\
\x7a\x19\xbe\x94\xe9\xb1\x5e\xec\x78\xcd\xd2\xdb\xe7\xcb\x59\x8a\
\x48\xea\x64\x55\x0c\x43\x10\x49\x15\x9f\xa6\xe8\xf7\xbe\x25\xd6\
\x60\xd3\x74\xcb\x3b\xcd\x4f\x52\xba\x24\x41\x69\x69\x0b\x4d\x34\
\xdb\x41\x63\xb5\x14\x12\x70\xa0\x92\x7b\x00\x49\xc0\x06\xa6\x9e\
\x1e\x4e\xd5\x31\x5c\xb2\x94\x76\x76\xb7\xcf\x5b\xd9\xf7\xb3\x3d\
\x1c\x3d\x38\x51\x87\xb3\xc3\xdf\x95\xf4\x6f\xf0\xd3\x7f\x23\x2e\
\x41\xe5\x7e\x15\x3f\x87\xbc\x27\xa8\xf8\xc6\x3b\xc9\xac\x61\x89\
\x74\xfd\x38\xa0\xbf\xd4\x6e\xa6\x5b\x6b\x0d\x3b\x7e\x76\x09\xa7\
\x72\x11\x59\xf6\xb6\xc8\xf2\x64\x90\xa9\x08\xae\xdc\x56\x86\xa0\
\xde\x1f\xf0\x5c\x85\x75\x09\xad\xfc\x59\xac\x2f\xfc\xc3\xb4\xdb\
\xcc\xe9\x56\xc7\xb7\xda\x2f\x22\x6c\xdc\x74\xe6\x3b\x46\x08\x43\
\x29\x17\x4a\xc1\xa3\x18\x1e\x2a\xf1\x76\xad\xe3\xe9\x2c\xc6\xa9\
\x73\x1b\x5a\x69\xbb\xc5\x85\x85\xb4\x29\x6b\x63\xa7\x06\xc6\xff\
\x00\x22\xde\x30\x23\x8c\xb6\xd5\x2e\xe0\x6f\x91\x86\xe9\x19\xdc\
\x96\x3d\x1e\xd2\x4f\xe0\xfb\xdf\xe8\xba\xfe\x5e\xa7\x75\x2c\x33\
\xb5\xe6\x6d\x27\x88\xb4\x0f\x05\x10\x34\x6b\x6b\x7f\x16\xeb\x0b\
\x9c\xea\xba\xad\x97\xfc\x4a\xad\x8f\xad\xb5\x84\xa3\x37\x1d\x32\
\x24\xbd\x5d\xac\xac\x43\x59\xa3\x28\x7a\xcf\xbe\xd4\x6f\xbc\x51\
\xae\xcf\xaa\x6a\xd7\xd7\x9a\xae\xa7\x75\xb4\x4b\x77\x79\x33\x4d\
\x34\xa1\x54\x2a\x82\xcc\x49\xc2\xa8\x0a\xa3\xa2\x80\x00\x00\x00\
\x2a\x1d\x17\x43\x96\xfd\x80\x8d\x38\xee\xc4\xf0\x2b\xb8\xf0\xd7\
\x86\x20\xd3\x9c\x3b\x28\x96\x61\xfc\x4c\x3e\xef\xd0\x56\x72\x94\
\x20\xef\xbb\xef\xd7\xfa\xf2\x5a\x1d\x31\xa0\xda\xec\x8d\x0f\x86\
\xfa\x03\xd8\xbf\xda\xae\x17\xcb\x66\x52\x11\x0f\x5c\x1e\xe6\xbb\
\xcb\x39\x37\xf5\xe9\x5c\xee\x9f\x26\xc1\x5b\x7a\x7c\xb9\xcf\x7a\
\xe5\x72\x72\x77\x67\x44\x61\xca\xac\x8d\x78\x17\x27\x8f\xa5\x68\
\x5a\x45\x9a\x87\x48\xb3\x33\xe0\xed\xc2\xfa\xd6\xe5\xbe\x96\xa1\
\x77\x0e\x8a\x39\x3d\x85\x69\xca\x5c\x6e\x56\x45\x3f\xca\xbd\x33\
\xf6\x66\xf9\x75\xfd\x74\xff\x00\xd3\xb5\xb8\xfc\xda\x4f\xf0\xaf\
\x3a\x9d\x95\x06\x13\xfe\xfa\x3d\x6b\xd0\x3f\x66\x59\x3f\xe2\x79\
\xe2\x0f\xfa\xf7\xb6\xeb\xfe\xf4\xb5\xae\x19\x7e\xf5\x7f\x5d\x0f\
\x84\xf1\x3b\xfe\x49\x6c\x67\xf8\x63\xff\x00\xa5\xc4\xf7\x8d\x39\
\xfe\x45\xc5\x6f\x68\x53\x7d\xa9\xa4\x10\xab\x4d\xe4\x8d\xf2\x6c\
\x52\xde\x58\xf5\x38\xe8\x3d\xcd\x72\xb0\x4e\x52\x2e\x38\xe2\xbf\
\x4d\xbf\x66\xf9\xfe\xc5\xfb\x36\xf8\x06\x28\xcf\x96\x8d\xe1\xfb\
\x29\x08\x5e\x01\x66\x81\x19\x8f\xd4\x92\x49\x3e\xf5\xe2\x71\x7f\
\x15\x7f\x61\xe1\xe1\x5b\xd9\x7b\x47\x39\x5a\xdc\xdc\xb6\xd2\xf7\
\xd9\x9f\xcc\x7e\x1c\xf8\x66\xf8\xcb\x1b\x5b\x07\xf5\x9f\x60\xa9\
\xc5\x49\xbe\x4e\x7b\xdd\xda\xd6\xe6\x8d\xbb\xde\xef\xd0\xf8\x57\
\x4e\xf9\x82\xf3\x9a\xd6\xb5\x52\x31\x9a\xfa\xa3\xe2\xe7\xec\x93\
\xa0\xfc\x44\x69\x2f\x74\x9f\x2f\xc3\xfa\xc3\xe5\xb7\xc2\x9f\xe8\
\xd7\x0d\xfe\xdc\x63\xa1\x3f\xde\x5c\x1e\x49\x21\xab\xe7\x7f\x1c\
\x7c\x2d\xd7\xbe\x15\xdf\x88\x35\xcb\x17\xb7\x8d\xdb\x64\x37\x51\
\x9f\x32\xda\x7f\xf7\x1c\x71\x9e\xfb\x4e\x18\x77\x02\xb4\xe1\xde\
\x2e\xcb\xf3\x78\xf2\xd1\x97\x2d\x4e\xb0\x96\x8f\xe5\xd2\x4b\xd3\
\xe6\x91\xf3\x3e\x21\x78\x3b\xc4\x3c\x2d\x51\xcf\x15\x0f\x6b\x43\
\xa5\x58\x5d\xc3\xcb\x99\x6f\x07\xe5\x2d\x2f\xa4\x65\x22\x1f\x0d\
\x78\x8a\xff\x00\xc2\xd7\x52\x4d\xa7\xdc\xb4\x3f\x68\x50\x97\x10\
\xb2\x89\x20\xba\x4c\xe7\x64\xb1\x30\x29\x22\x7f\xb2\xe0\x8e\xfd\
\x6b\x61\xac\xb4\x1f\x18\x31\x68\x0c\x5e\x15\xd5\x1b\x9f\x2d\x99\
\xe4\xd2\xee\x0f\xb1\x3b\xa4\xb7\x27\xdc\xc8\x99\xef\x1a\xd7\x33\
\x14\x99\x15\x32\x3e\x47\xe1\xc5\x7d\x15\x6c\x24\x65\x2e\x78\x3e\
\x59\x77\x5f\xaa\xd9\xfc\xd3\xb7\x4b\x33\xf2\xfa\x38\xea\xd4\x21\
\xec\x2a\x25\x52\x97\xf2\xca\xed\x2b\xee\xe2\xd3\x52\x83\x7b\xb7\
\x16\xb9\xac\xb9\xae\xb4\x2c\xea\xfa\x4e\xa1\xe1\x4b\xe5\xb5\xd5\
\x2d\x64\xb4\x9a\x44\xf3\x23\x24\x86\x8e\x64\x3d\x1e\x37\x52\x56\
\x44\x3d\x99\x09\x53\xeb\x48\x97\x8a\x45\x69\x68\x3e\x33\x9b\x48\
\xb1\x6b\x19\xa1\xb7\xd5\x34\x89\x18\xc9\x26\x9f\x78\xa5\xa0\xdc\
\x78\x2e\x84\x10\xd1\x49\x8f\xe3\x8d\x95\x8e\x30\x49\x1c\x19\x87\
\x81\xac\xfc\x5b\x26\xef\x0a\xdd\x48\xd7\x67\xae\x8b\xa8\x4a\xab\
\x76\x4f\xa4\x12\xfc\xb1\xdc\x7b\x2e\x12\x53\xd0\x46\xdd\x4f\x3c\
\xb1\x12\xa5\xa6\x25\x59\x7f\x32\xf8\x7e\x7d\x63\xf3\xba\xfe\xf5\
\xf4\x2a\x19\x7c\x71\x0d\x3c\xbd\xb9\x4b\xfe\x7d\xbb\x73\xff\x00\
\xdb\xb6\xb2\xa9\xe9\x14\xa6\xdd\xff\x00\x77\x65\x77\x8a\xf2\x66\
\xbb\x4f\x83\x3f\xb4\x97\x8a\xbe\x03\x49\x1c\x3a\x5d\xc2\xea\x5a\
\x0c\x7c\x1d\x1a\xf5\xcf\xd9\xd5\x7d\x20\x7c\x16\xb7\x3e\x81\x41\
\x41\x92\x4c\x6c\x79\xae\x06\x77\x96\xc2\xf2\x6b\x7b\x98\x65\xb5\
\xba\xb7\x63\x1c\xb0\xca\x85\x24\x89\x87\x55\x65\x3c\x82\x3d\x0f\
\x34\xd7\xb9\x07\xbd\x18\xcc\xb7\x0b\x8c\xa5\xec\xeb\xc1\x4a\x2f\
\xbf\xe6\x9f\x47\xe6\x8e\x9c\x87\x88\x33\x3c\x97\x18\xb1\x99\x65\
\x69\x51\xab\x1d\x2e\xb4\xf9\x49\x3d\x1a\xbe\xf1\x92\x6b\xba\x3e\
\xf0\xf8\x37\xfb\x4e\xf8\x47\xe3\xc8\x4b\x6b\x3b\x89\x34\x7f\x10\
\x15\x25\xf4\xab\xdc\x24\xce\x40\xc9\x31\x10\x76\xcc\xbc\x13\x94\
\x39\x03\x05\x95\x49\xc5\x76\xd7\xb0\xc9\x6a\xdb\x5d\x71\xef\x5f\
\x99\xd7\xaa\xb2\xa8\x38\xf9\x95\x83\xa9\xee\xa4\x74\x20\xf6\x20\
\xe0\x83\x5e\xcf\xf0\x6b\xf6\xfb\xf1\x27\xc3\xdf\x2f\x4e\xf1\x54\
\x32\x78\xbb\x44\x5c\x27\x9c\xee\x06\xa5\x02\xfa\xef\x6f\x96\x6e\
\x3b\x49\x86\x24\xe4\xc9\xda\xbf\x27\xcf\xfc\x39\xab\x4e\xf5\x72\
\xc7\xcc\xbf\x95\xef\xf2\x7a\x27\xe8\xec\xfc\xd9\xfd\x7f\xe1\xff\
\x00\xd2\x27\x0b\x8c\x71\xc2\x71\x34\x15\x29\xec\xaa\xc1\x3e\x47\
\xfe\x38\xea\xe2\xfc\xd5\xe3\xe5\x14\x8f\xad\xae\xa4\x62\x3a\x7e\
\x95\x46\x79\xd9\x4f\x3d\x6b\x0f\xc1\x7f\x1a\xfc\x17\xf1\x62\xcd\
\x6e\x3c\x3d\xe2\x8b\x75\x99\x86\x5e\xc6\xe2\x44\x8a\xea\x13\xfe\
\xd4\x52\x8d\xd8\xce\x46\xe5\xca\x1c\x70\x4f\x5a\xa7\xf1\x0f\xe2\
\xe7\x85\xbe\x19\x59\x35\xce\xbd\xe2\x4d\x3e\xdf\x68\xf9\x62\x32\
\xab\xcf\x26\x3b\x24\x51\xe5\xdb\xb7\x40\x71\xdf\x15\xf9\x6d\x4c\
\x3e\x36\x35\xbe\xac\xe9\xbe\x7d\xad\x67\x7f\xbb\x73\xfa\x6b\x0f\
\x9a\x65\xb2\xc3\x7d\x7d\x56\x83\xa3\x6b\xfb\x4e\x78\x72\x5b\xbf\
\x35\xcd\xc9\xaf\x79\xc7\x35\xe7\x3f\x1a\xbf\x69\xff\x00\x0a\xfc\
\x0f\x47\x87\x53\xbc\x6b\xed\x63\x6e\x63\xd2\xac\xc8\x7b\x83\x9e\
\x86\x4f\xe1\x89\x7a\x72\xe4\x12\x3e\xe8\x6e\x95\xf3\xcf\xc7\x6f\
\xdb\xcb\x58\xf1\x77\x9d\xa7\xf8\x46\x39\xbc\x3d\xa6\xb0\x2a\x6f\
\x59\x87\xf6\x84\xe3\xa7\xca\x41\x2b\x08\x3f\xec\x92\xfd\xc3\xaf\
\x4a\xf9\xce\xea\xf3\x74\xb2\x3b\x33\x34\x92\x31\x77\x76\x3b\x99\
\xd8\xf2\x49\x3d\x49\x27\x9c\x9e\xf5\xfa\x57\x0f\xf8\x73\x5a\xb4\
\x55\x6c\xd5\xf2\xaf\xe4\x5f\x13\xf5\x7b\x2f\x45\x77\xe8\xcf\xc3\
\x38\xdb\xc7\xac\x36\x1d\xcb\x0b\xc3\x91\x55\x25\xb7\xb4\x92\x7c\
\x8b\xfc\x31\xd1\xcb\xd5\xda\x3e\x52\x47\xd3\x5e\x01\xfd\xad\x3c\
\x57\xf1\xbb\xf6\x8e\xf0\x5d\xac\xd7\x4d\xa2\xe8\x6d\xad\xdb\x15\
\xd3\x2c\x65\x65\x8d\xc0\x90\x11\xe7\x3f\x0d\x37\x4e\x8d\x84\xc8\
\xc8\x41\x5f\x9e\x7a\x46\xb4\x1b\x4e\x87\x9e\xd5\xf5\x77\xec\x9d\
\x7d\x9f\xda\x5f\xc0\x6b\xbb\xef\x6b\x96\xab\xf9\xb8\x1f\xd6\xbe\
\x1d\xf0\xee\xbc\x1f\x46\x85\xb7\x8c\x6d\x1d\x4d\x7e\xa1\x97\xe5\
\xb8\x7c\x1d\x59\x52\xc2\xc1\x46\x2a\x31\xd1\x7a\xcf\x7e\xef\xcd\
\xea\x7e\x1f\x53\x1d\x8f\xce\xf0\xd0\xc5\xe6\x15\x65\x52\x7e\xd2\
\xa5\xdc\x9d\xf4\x71\xa5\xa2\x5b\x25\xd9\x24\x92\xe8\x8f\xa4\xbe\
\x0a\x78\xbb\xe1\xcd\x8f\xc2\x7d\x68\xfc\x53\xf1\x9f\x8b\xa6\xf0\
\xbc\x7a\xa0\x96\x2f\x87\x5e\x1d\x69\x21\x97\xc5\x17\x02\x38\x8f\
\x9f\x73\x28\x65\x44\x80\x05\x54\x19\x65\x6d\xd1\x92\xac\xa4\x00\
\xfc\x2f\xed\x05\xfb\x69\xf8\xe3\xf6\x81\xf0\xda\xf8\x23\xc3\xba\
\x6d\x87\xc3\x3f\x85\xf6\xea\xeb\x07\x83\x7c\x2e\x3c\x8b\x69\xa3\
\xe4\xbb\x5e\xcc\xa1\x5e\xe8\x91\x92\xfb\x82\xc4\xd8\xdc\xd1\xee\
\x05\xcf\x93\x78\xdf\xc6\x9a\x6f\x80\x4b\x47\xab\x48\xc7\x52\x1d\
\x34\xc8\x70\xd7\x63\xb8\xf3\x41\xe2\x01\xd3\xfd\x67\xce\x43\x06\
\x58\xdd\x72\x47\x90\x7c\x41\xf8\xa3\xa8\x78\xb2\xc6\x48\x6e\xa5\
\x8b\x4d\xd1\xf8\x2d\x67\x0b\x15\x8a\x4c\x10\x41\x95\x8f\x32\x10\
\x40\x3f\x37\xca\x0f\x2a\xab\x9a\xe7\x96\x53\x46\xae\x21\xe2\x25\
\xef\x3b\xdd\x5e\xdc\xab\xd1\x25\x66\xff\x00\xbc\xee\xfc\xcf\xd6\
\x78\x7f\x07\x8e\x58\x18\xe1\xbf\x83\x4e\xd6\x94\xb5\xe7\x9a\xbd\
\xed\xab\xba\x8e\xba\x45\x72\xc7\xad\x9b\x37\x7c\x49\xf1\x23\x47\
\xf0\x92\x35\xbe\x9d\xf6\x7d\x72\xf5\x06\xd0\x61\x7f\xf4\x08\x4f\
\x1d\x64\x5c\x19\xbd\x31\x11\x0a\x41\x04\x4b\xc1\x15\xc9\x78\x3b\
\xc5\x7e\x34\xd6\x3e\x28\xe9\x32\xf8\x62\xf3\xc4\x52\xf8\xc2\xe2\
\x53\x6d\xa5\x41\xa1\x24\xbf\x6d\x95\x9f\xac\x10\x45\x08\xdc\xe1\
\x80\xc1\x45\x53\xbc\x0f\x98\x37\x35\xeb\x9f\x0d\x3f\x60\xfd\x62\
\xf6\xca\xd7\x57\xf8\x8d\x7d\x37\xc3\x9d\x0a\xe1\x16\x68\x2c\x24\
\xb5\xf3\xbc\x47\xaa\x44\x79\x0d\x0d\x93\x15\xfb\x3c\x6c\x3a\x4d\
\x76\xd1\x02\x18\x34\x69\x38\x05\x6b\xea\x2f\x80\xdf\x07\x2f\x97\
\xc0\x9a\xd4\x1f\x0c\xf4\x8d\x27\xe1\x8f\x80\x6d\x61\x30\xf8\x9b\
\xc6\x3a\xbe\xa4\xb6\xbe\x6c\x04\xa8\x65\xd4\xb5\x89\x02\xb3\xa9\
\x25\x73\x6b\x6e\xb1\xc2\x49\x07\xec\xe0\xfc\xd5\x78\x9c\x45\x2f\
\x66\xf5\x4e\x2b\x79\x37\xee\xfd\xfd\x5f\x65\x1b\xeb\xa3\x68\xfa\
\xac\x0d\x4c\x36\x5b\x51\x51\xc0\xc1\xfb\x5f\xee\xeb\x3b\xae\xad\
\xfd\x95\xd7\xa2\x5b\xd9\x9e\x27\x1f\xec\xdd\x2c\xfa\x8c\x3a\xc7\
\xed\x07\xe3\x0d\x5f\xc5\x7a\xd6\x9e\x7f\xd1\xfc\x11\xa5\xea\xc2\
\x56\xb4\x39\xf9\x96\xfe\xf9\x37\x41\x66\x38\xf9\xa1\xb4\x12\xce\
\x79\x57\x7b\x66\x19\xaf\xa1\x6f\x7e\x15\x9d\x3f\xe0\xde\x93\xac\
\x7c\x57\xf1\x27\x85\x7f\x67\x7f\x83\x36\x4c\xf3\xe8\x7a\x6b\x59\
\x35\xb2\xdd\xca\x13\x97\xd3\xf4\xa4\x3f\x69\xbe\xb9\x2a\xc0\xb5\
\xc4\x9e\x64\xee\xaf\xbb\xcc\x90\x64\x57\x90\x7c\x41\xff\x00\x82\
\x84\x7c\x31\xfd\x93\x22\x7b\x3f\x82\x3a\x2c\x3f\x12\xbc\x79\x00\
\x2b\xff\x00\x09\xf7\x8a\x34\xf6\x87\x47\xd2\x64\xc7\xdf\xd3\x34\
\xc6\xc3\x48\xeb\xfc\x33\x5c\x91\xb5\x90\x15\x57\x46\xdb\x5f\x27\
\x6a\x5a\x27\xc4\x8f\xdb\x53\xe2\x2d\xdf\x8d\x3c\x5d\xaf\xea\x9e\
\x20\xd4\xaf\xd8\xad\xcf\x88\x75\xd9\x9a\x41\xb4\x31\x3e\x54\x0b\
\x8c\x6c\x52\x5b\x6c\x51\x2a\xc4\x99\xc7\xc8\x31\x58\x61\xb2\xfc\
\x45\x5b\x4a\x94\x79\x17\x49\xc9\x2e\x6f\xfb\x72\x9b\xd2\x1f\xe2\
\x95\xe5\x6d\x1a\x7a\x32\xf1\xd9\xa7\xb5\x9c\xab\x66\x75\xb9\x9b\
\xde\x2a\x4d\xaf\xfb\x89\x53\x79\xbf\x28\xbb\x76\x6b\x63\xcb\x21\
\xd4\x9a\x7b\x28\xcc\x83\x6b\xed\x19\x07\xb1\xac\x5f\x17\xd9\xea\
\xda\x4f\x87\xed\xf5\xe9\x34\xfb\xc5\xf0\xed\xe5\xf4\x9a\x5c\x3a\
\x87\x96\x7e\xce\xf7\x91\xc6\x93\x3d\xbe\xfe\x82\x41\x1c\x91\xbe\
\xd3\xc9\x52\x48\xce\xd6\xc7\xa4\x7e\xd1\x1f\x02\x6f\x3e\x08\x0b\
\x2b\xc8\x6f\x9b\x58\xd0\xef\xb6\xc3\xf6\xd1\x07\x92\x60\xb8\xc1\
\x26\x27\x5d\xcd\x8d\xc0\x16\x43\x9f\x98\x06\x1c\x15\xe7\xb6\xfd\
\x8c\x7e\x3d\xdc\x6a\xdf\x07\x3e\x2a\x7c\x09\xbd\xf8\x3f\xad\x7c\
\x68\xf0\xef\xc5\x0b\x5b\x7d\x4a\x0b\x3d\x12\xe4\xda\xea\x9e\x14\
\xd4\xed\x37\x24\x3a\xad\xbc\xbe\x4c\xa9\x1e\xd3\x2a\x2b\x99\x00\
\x43\xb5\x11\x89\x47\x78\xe4\xee\xce\x31\x92\xc2\x61\xde\x25\x5a\
\xd1\xb3\x95\xda\x5a\x75\x77\x6d\x25\x6d\xf5\x67\xd0\xf0\xc5\x48\
\x62\xea\xc1\x52\xf7\x94\xee\x95\x93\x7a\xf6\xb6\xfb\xf9\x1f\x38\
\xea\x5e\x3a\xd4\xbc\x5d\xa2\xe8\xda\x6d\xfe\xa5\x79\x77\xa6\xf8\
\x7d\x66\x4d\x2e\xca\x59\x49\xb7\xd3\xfc\xe7\x32\x4c\x62\x8f\xee\
\xab\x48\xf8\x2e\xc0\x6e\x7d\xa8\x09\x21\x14\x0a\xd3\x6b\x56\xfa\
\x68\xf9\x9b\x73\x76\x45\xea\x7f\xc2\xbe\xe7\xf1\x4f\xfc\x11\x53\
\x5e\xf8\x83\xf0\x27\xc4\x9e\x22\xd1\x7c\x37\xff\x00\x0a\xc7\xc6\
\x9e\x1f\xd1\x34\xe8\xbc\x3b\xe0\xb5\xd7\xc6\xbf\x3f\x89\x6e\x2d\
\xe1\x76\xd4\xa7\xbe\xbb\x19\x8d\x2f\x2e\xa4\x23\xec\xf1\xda\xed\
\x81\x0a\x2a\x32\x2e\xe2\xeb\xf9\xbf\xa3\xea\xc9\x7d\x04\x73\x2b\
\x31\x57\x01\x81\x3d\xeb\xe7\x32\x5e\x3a\xcb\xb3\x58\xd4\xa7\x95\
\xc9\x49\xd3\x76\x97\x93\x7a\xfa\x34\xf5\xd5\x36\x9b\x4f\xb1\xfa\
\x36\x63\xc3\xb8\xac\x0f\x27\xd6\xe9\xb8\xf3\x2b\xab\xab\x69\xf3\
\x3a\xe7\xf1\x0c\x97\x87\xb4\x71\xff\x00\x74\x1f\xe7\x56\xad\xee\
\x58\xf5\xc9\xae\x7e\xde\x70\xbf\xca\xb5\xb4\xbf\x36\xfe\xea\x2b\
\x7b\x78\xa4\xb8\xb8\x99\xb6\xc7\x14\x4a\x5d\xdc\xfa\x00\x39\x35\
\xe8\xba\x93\x9b\xbc\xb7\x3c\xff\x00\x66\x96\xc6\xcc\x13\x8f\xfe\
\xb5\x6c\xf8\x5f\x44\xbe\xf1\x5d\xff\x00\xd9\xf4\xfb\x69\x2e\x66\
\xfe\x2d\xbf\x76\x31\xea\xcd\xd0\x0f\xad\x76\x7f\x0e\x3f\x66\x1b\
\xbb\xdf\x2e\xeb\xc4\x92\x35\xac\x67\x05\x6c\xa1\x61\xe6\xb7\xfb\
\xec\x38\x5f\xa0\xc9\xf7\x06\xbd\xaf\x41\xf0\x8d\x97\x87\xf4\xf4\
\xb7\xb4\xb6\x86\xce\xd6\x3f\xbb\x1c\x6b\x80\x4f\xaf\xa9\x3e\xe7\
\x9a\xee\xa1\x84\x94\xb5\x96\x88\xe8\xa7\x85\x6f\x59\x68\x70\x9f\
\x0f\xfe\x02\x5b\xd8\x6c\x9f\x56\x71\x7d\x3f\x5f\x25\x32\x20\x43\
\xef\xdd\xbf\x41\xec\x6b\xd2\xa3\x8a\x3b\x58\x16\x38\xd1\x12\x38\
\xc6\x15\x54\x6d\x55\xf6\x02\x9c\x3e\x44\xda\xbf\x2a\xf6\x14\xc9\
\x0e\x0f\xb7\x6c\xd7\xa3\x1a\x51\x82\xb2\x3b\xa9\xc2\x31\x56\x88\
\xd6\x93\x26\xa1\x63\x93\x4e\x7e\xbf\x5a\x84\x9c\xd2\x36\x21\x9c\
\xe0\xd7\x03\xfb\x63\xaf\xfc\x62\xcd\x8b\x77\x5f\x1b\xd9\x8f\xce\
\xc2\xf7\xfc\x2b\xd0\x25\x5d\xe6\xb8\x4f\xdb\x1e\xdc\x9f\xd9\x2a\
\xd6\x4f\xee\xf8\xf2\xc1\x7e\x99\xd3\xb5\x1f\xf0\xad\x28\xff\x00\
\x16\x27\x9b\x99\xe9\x87\x91\xe9\x3f\xf0\x4e\x83\x8f\xd9\xc7\x55\
\x3f\xde\xf1\x4d\xd9\xc7\xfd\xbb\x5a\x57\xda\x5f\xf0\x4d\xae\x6c\
\xbe\x34\x7b\xf8\xc6\xc4\xff\x00\xe5\x0b\x4d\x1f\xd2\xbe\x29\xff\
\x00\x82\x77\x71\xfb\x38\xea\x2b\xff\x00\x53\x2d\xd1\xfa\x7f\xa3\
\x5a\x57\xb8\x7c\x18\xfd\xbe\xfe\x1d\xfe\xc4\x3a\x1f\xc6\x28\xfc\
\x59\x71\x7d\xa9\x78\x93\x51\xf1\x35\x8d\xd6\x97\xe1\xed\x36\x2d\
\xf7\x97\xe9\xfd\x8b\x64\x86\x46\x76\xc4\x50\xc4\x19\x30\xce\xed\
\x9e\xbb\x12\x42\x0a\xd7\xf2\x5f\x1f\x65\x78\xac\xc7\x31\xc7\x60\
\xf0\x54\xdd\x4a\x92\xa9\xa4\x52\xbb\xf8\xd7\xdc\x97\x56\xf4\x5b\
\xb3\xfa\xcb\x11\x98\x61\xb2\xfe\x01\xc9\xb1\x18\xa9\xa8\x41\x72\
\x6a\xf6\xfe\x15\x4f\xea\xc7\xab\x6b\x5f\xb4\xd7\x8f\x3e\x1b\x7c\
\x78\xfd\xa0\x3c\x0f\xe1\x5d\x58\xf8\x67\x4d\xd4\xb5\x6d\x0f\x51\
\xbe\xd4\xf4\xfd\xd1\xea\xd3\x97\xd0\x2c\xa2\xf2\x12\x7c\xfe\xe2\
\x35\x48\x95\xb7\xc6\x16\x5c\xb9\xc4\x8a\x06\x0f\xcb\x5f\x0a\x7f\
\xe0\xa5\x7e\x1f\xfd\x85\xe7\xf8\xc1\x67\xe1\xdd\x07\xfe\x13\x2f\
\x11\x78\xa3\x5b\xb7\xba\xd3\x66\x17\x2a\xba\x3c\x7b\x21\x71\x24\
\xb3\xcc\xac\x64\x95\x83\xbf\xdc\x8c\x7c\xe4\x3e\x65\x43\xc9\xf0\
\xff\x00\x88\x9f\x18\xfe\x23\xfe\xdf\x5f\x19\xfc\x71\xae\x69\x9a\
\x73\xe8\xfa\x6f\x89\xa6\xb5\xba\xd5\xb4\xeb\x3b\xcf\x27\x4b\xb0\
\x8a\x0b\x68\xad\x60\xfb\x5d\xcc\x85\x15\x86\xc8\x17\x99\x4a\xab\
\xc8\x49\x44\x52\x42\x8e\xbf\xe1\x47\xec\xd5\xa0\x78\x62\xf9\x1e\
\x1b\x5b\x7f\x1e\x78\x81\x71\x8b\x9b\xbb\x43\xfd\x89\x62\xdf\xde\
\x8e\xda\x50\x0d\xc9\x18\xe1\xae\x54\x47\xc9\x06\xdd\xb8\x7a\xfd\
\x47\x87\x7c\x27\xa7\x53\x07\x0a\x19\xd7\xbe\xbd\x9d\x38\xba\x69\
\xb4\x93\x8a\x83\x7c\xd2\x4f\x55\xcd\x1b\x59\x6e\xaf\xab\xb9\xfc\
\xe7\xc5\xde\x3a\x61\x28\x65\xb1\xcb\x72\x5a\x2a\x9c\xf9\xe5\x39\
\xd5\x69\x73\xce\xee\x5c\xb6\x8d\xb4\x4a\x32\x49\x39\x37\xb5\x94\
\x57\x5e\x26\x7d\x13\xc7\x1f\xb6\xe7\xc5\x8b\xcf\x89\x9f\x12\x35\
\x25\xd2\x2c\x7c\x4c\xf1\xbc\xfa\xb4\x76\x29\x0b\xdf\xc3\x02\x2d\
\xba\xc5\xa6\xda\x0c\x79\xbb\x12\x2f\x2c\x48\xc4\x42\xac\x87\xcd\
\x9b\xcc\x24\x3f\xb4\x6a\x6f\x6d\x7d\x37\x99\x63\xa6\xc3\xa3\xe9\
\xd1\xa2\x5b\x59\x58\x45\x2b\x4a\xb6\x36\xd1\x20\x8a\x18\x7c\xc6\
\xf9\xa4\x29\x1a\x22\x99\x1b\xe6\x72\x0b\x1e\x58\xd7\x7d\xa6\xfc\
\x21\x9a\xf6\xf6\x6d\x4b\x5c\xbf\xb8\xd5\x35\x4b\xa0\xa6\x59\xa5\
\x90\xc8\xc7\x6a\x85\x55\xdc\xdc\xe1\x54\x05\x03\xa0\x00\x01\x80\
\x00\xae\x5f\xc5\x7a\x2f\xf6\x36\xa1\x77\x6f\x12\xb3\x47\x6e\xfd\
\xb9\xda\xa4\x03\xfd\x4d\x7e\xbf\x47\x01\x43\x0d\x42\x34\xb0\xc9\
\x25\x04\xa2\xa3\x15\x68\xc6\x29\x59\x28\xae\xca\xc9\x7c\xb4\xb1\
\xf8\x77\x0a\x71\x45\x4c\x46\x74\xe5\x8b\x6a\x2a\xa2\x92\x4d\xbd\
\x5c\xdb\x52\xd5\xf7\x69\x3f\x57\xa6\xae\xc7\xd0\x3f\xb0\x77\xc5\
\xed\x3f\xe2\x07\x82\x35\xaf\x80\xfe\x38\xdd\xaa\xf8\x5b\x5a\x69\
\x2f\xf4\x5b\x2b\x99\x4e\xc8\xa5\xe6\x49\xe2\x80\xff\x00\xcb\x29\
\x15\x97\xed\x11\x94\xc1\x0e\x27\x6e\xa7\x9f\x0a\xf8\xa9\xfb\x3b\
\x78\xa3\xe1\x5f\xed\x13\x6b\xf0\xce\x0d\x3e\xff\x00\x5f\xd6\xb5\
\xa9\xd5\x7c\x39\xf6\x58\x0b\x49\xaf\x40\xe4\xec\x91\x14\x70\x19\
\x70\x44\xa3\xee\xc6\x51\xc9\x3b\x00\x73\xc8\xdb\xea\x57\x1a\x76\
\xa7\x6d\x7b\x63\x75\x35\x95\xfd\x8c\xe9\x73\x6b\x73\x0b\x6d\x92\
\xde\x54\x60\xc8\xea\x7b\x15\x60\x08\xfa\x57\xeb\xa7\xfc\x13\x03\
\xf6\xb9\xb2\xf8\xf7\x61\x6b\x78\xc9\x6f\x6f\xe2\x4d\x3d\x56\xdb\
\x5b\xb1\x88\x7c\xd6\xe5\x8a\xfe\xfa\x20\x79\xf2\x25\x28\xa7\x19\
\x20\x15\xda\x49\x28\x09\xfc\xa3\x3e\xc7\x63\x38\x5f\x31\x9e\x67\
\x86\x8f\x3e\x1b\x11\xa5\x48\xeb\x68\x54\xd9\x4d\x76\x52\xd1\x4b\
\xbb\xdd\xdf\x96\xdf\xd0\x98\x3a\x94\xb1\x78\x3f\xab\x3b\x2a\x90\
\x4d\xc7\xfb\xcb\x76\xbd\x57\xe5\xf3\x3f\x19\xbe\x1d\xfc\x51\xd1\
\x7e\x25\xc9\xaa\x45\xa5\xdd\x34\x97\x5a\x2d\xcb\x5a\x5f\x5b\xc8\
\x86\x39\x6d\xa4\x0c\xcb\xc8\x3c\x10\x4a\x30\x0c\xa4\x83\xb4\xf3\
\xc5\x74\x72\xab\x01\x5c\x87\xed\xc3\xff\x00\x04\xc4\xf8\xa1\xff\
\x00\x04\xce\x4d\x6b\xc7\x12\x7c\x4e\xf0\x5e\xbd\x2d\xdf\x88\x93\
\x46\xd7\x13\x43\x67\x59\xa1\xbc\xbb\x49\xef\x63\x4f\x2a\x54\x21\
\xd1\x52\x32\x5f\x78\x43\x1b\x49\x1a\x80\xe0\xb3\x2e\x47\xec\xc7\
\xf1\x6b\x50\xf8\xad\xe1\x2d\x49\x75\x89\x21\x93\x52\xd2\x27\x8d\
\x5a\x68\xa3\x11\x89\xa2\x91\x49\x42\x55\x7e\x5d\xdb\x91\xc1\xc0\
\x03\x00\x71\x5f\xa2\xe5\x39\xa5\x3c\x75\x05\x56\x0d\x3e\x97\x57\
\x4a\xff\x00\x3d\x4f\x9c\xf6\x9e\xff\x00\xb3\x92\xb3\x3b\xc9\x3e\
\x56\xfc\x2a\xb4\xa7\x90\xbd\x7b\x63\xd6\xac\xce\xbc\xe6\xbd\x87\
\xe1\x3f\xfc\x12\xcf\xe2\x47\xed\xb5\xfb\x1a\xfc\x4d\xf1\xc7\x84\
\xef\x26\xd0\xe5\xf0\xf5\xb3\x37\x86\xe2\x65\xc7\xfc\x25\xb3\xdb\
\xee\x7b\xbb\x44\x6f\xbc\x8b\xb1\x44\x6b\x28\xc2\x99\x9b\x61\x38\
\x59\x76\xf5\x63\x33\x0a\x18\x38\x7b\x5c\x44\xb9\x63\x74\xbe\x6f\
\xfa\xbf\xa6\xa1\x2b\xad\x51\xee\xbf\xf0\x43\x7f\xf8\x29\xd5\x9f\
\x88\xfe\x2b\x5b\x7e\xca\x3a\xd6\x92\x75\xab\x0b\xeb\x7d\x4e\xff\
\x00\x40\xd6\x21\x9c\x15\xb0\x64\x56\xba\x9e\xc2\x54\x23\xe6\x4f\
\xf5\xf2\x24\x8a\xd9\x47\x3b\x36\x91\x86\x4f\x2a\xff\x00\x82\xa2\
\x78\x56\x0f\x85\x5f\xf0\x51\x0f\x19\xf8\x76\xe3\x58\xd3\xef\x35\
\x0d\x4e\xd6\xc7\x58\xb4\xb7\x17\x51\xb5\xd2\xdb\x35\xaa\x44\x16\
\x48\xc1\xca\x32\x18\x1c\x6d\x20\x13\x18\x8d\xf1\xb5\xd4\xd7\xe6\
\x0f\xec\xd5\xfb\x42\xf8\x9f\xf6\x7a\xf8\x86\x9e\x36\xf0\x2e\xa6\
\xda\x2f\x88\x97\x4a\xbd\xd3\xac\xf5\x38\x81\x13\xd8\x25\xe5\xb3\
\xdb\xc9\x34\x0c\x08\xd9\x30\x8e\x46\xd8\xfc\x94\x24\x30\x19\x00\
\x8c\x0b\x7b\xe9\xec\x75\x79\x35\x18\xaf\x2e\x53\x56\x13\xfd\xb4\
\x5e\xb4\xa5\xae\x1e\x7d\xdb\x9a\x46\x72\x72\xce\x58\xe4\x92\x49\
\x27\x39\xce\x6b\xc1\xc0\xf0\x75\x2c\x36\x7f\x57\x3c\xa5\x68\xf3\
\xc1\xc1\xab\x5d\xbe\x69\x29\x49\xdf\xa6\xb1\x4f\xad\xdd\xf6\x31\
\xfe\xda\x9c\x68\xfb\x19\x6a\xaf\x7b\x7e\x1f\xab\x3e\xf1\x31\x71\
\x51\x37\x03\xf0\xac\x3f\x84\x3f\x11\x63\xf8\xad\xf0\xdb\x4c\xd6\
\xf6\xa4\x77\x17\x08\x62\xbb\x8d\x07\xcb\x1c\xe8\x76\xb8\x03\xb0\
\x27\xe6\x03\xfb\xac\x2b\x76\x53\xf3\x7e\x15\xf5\x12\x2b\x99\x49\
\x5d\x15\xd8\x7c\xb5\x04\xad\xfe\x73\x53\x39\xe3\xf1\xa8\x25\x6c\
\xfe\x7e\x94\x19\x8c\x27\xe5\x3f\x4a\x8e\x4f\xbb\x4e\x90\x8c\x8f\
\xf0\xa8\xdb\xef\x7e\x15\x51\x01\xb9\xda\xb9\xa6\x93\xce\x68\x73\
\xf3\x7b\x53\x24\x39\x38\xaa\x21\x88\xcf\x93\x51\xb3\x6e\x34\xae\
\x72\x71\x51\xb3\xe6\xaa\x22\x12\x46\xe7\xfa\x66\xa3\x76\xcf\x1f\
\xd6\x95\x8e\x01\xfa\x54\x6c\xfb\x7d\x2a\x8c\x44\x77\xc9\xc7\xf5\
\xa8\xdd\xf8\xff\x00\xeb\xd2\xbb\x7c\xbf\xfd\x6a\x66\x71\xfc\xba\
\x50\x03\x5d\xb8\xff\x00\xeb\xd3\x4f\x23\xff\x00\xaf\x41\x60\x4f\
\xff\x00\x5a\x9a\xef\xc5\x00\x0c\xfb\x3f\xfd\x74\xd2\xd8\xff\x00\
\xf5\xd3\x7c\xcc\x75\xfe\x54\xd2\xfb\xbd\x29\x20\x02\xd9\x39\xfe\
\xb5\x1b\x3e\x4e\x7d\xbd\x68\x77\xcd\x46\xcd\x8e\x28\xb8\x0a\xef\
\x93\xff\x00\xd7\xa6\x1e\x3e\xbf\xca\x8c\xed\xfa\xff\x00\x2a\x6b\
\xbf\x51\xde\xa5\xbb\x93\x29\x74\x40\xed\xda\x9a\x4e\xd1\x4d\x63\
\xb0\x53\x4f\x1c\x9a\x46\x62\x16\xda\x3f\xa5\x30\x70\x28\x66\xdd\
\x4c\x67\xdd\xd3\xa5\x00\x26\xed\xcd\xf5\xa3\xbd\x1d\x05\x35\x9f\
\x3d\x2a\x65\xb0\x9e\xc0\xe7\x02\x91\x9b\x70\xc5\x27\x7a\x09\xc0\
\xa9\x32\x90\xd6\x7d\xa6\x9a\x4f\x24\xd0\x4e\xe3\x4d\x32\x0f\xad\
\x04\x88\xcd\xb8\x52\x51\x4d\x76\xc5\x4c\x9d\x90\x04\x87\xe5\xf7\
\xa8\xa4\x3c\x53\xf1\x51\xcc\x33\xf9\x75\xac\x59\x3c\xc7\xdd\xb0\
\xb6\x57\xf1\xa7\xb4\x9f\x35\x43\x08\xcf\xf3\xa9\x4f\xca\x2b\x48\
\x1f\xc9\x2a\x3a\x8a\x5f\x8f\xe7\x48\x4e\x05\x21\x38\x5f\xe9\x51\
\xbb\xee\x35\xa1\xb4\x62\x2b\x3e\xe3\x4c\x77\xe6\x86\x6d\xa2\x98\
\x4e\xd3\x9f\x7a\x67\x44\x60\x04\xe2\x9b\xd0\x52\xf4\xa6\x48\x70\
\x31\x56\x75\x46\x22\x3b\x67\xe5\xfc\xe9\x8e\xfb\x69\x4f\xc8\x29\
\xa3\xa9\xaa\xd8\xea\x8c\x46\x93\xb6\x83\x26\x47\x1f\x85\x35\x8e\
\xe3\x41\x38\xa2\x2b\xa9\xb4\x62\x21\x3b\x45\x30\x9d\xc6\x82\x77\
\x73\x4d\x67\xc7\xd6\xa8\xea\x84\x41\xdf\x03\x8e\xb4\xce\x73\x49\
\x9e\xf4\x9b\xfd\x2a\x64\x75\x42\x20\xdc\x9c\x67\xea\x69\x09\xe3\
\xda\x87\x39\x3e\xd4\xd0\xd9\x1b\x8d\x49\xbc\x62\x34\x8e\x7d\xfb\
\xd4\x6c\xdb\x8d\x39\xdb\xf3\x6a\x8d\xdb\x02\x93\x37\x8c\x46\x39\
\xe5\xaa\x2c\xee\x6a\x7c\x9c\x0f\xe7\x4c\xa8\xb1\xd1\x18\x88\xe7\
\x03\xfc\x4d\x33\xde\x97\xf3\xa6\x4a\xdf\x36\x28\x3a\xa1\x01\xac\
\x69\xb2\x1f\x9a\x9c\x0e\x05\x34\x9f\x9a\xb2\xa9\xb9\xba\x23\xef\
\x51\x95\xda\xd5\x23\x0d\xbf\xce\x98\xe7\x26\xb2\x92\x37\x88\x80\
\xe0\x62\x90\x36\xea\x46\x3c\x7b\x53\x50\xed\xac\xdc\x4d\xa3\xb1\
\x21\x14\x6e\xe3\xf9\xe6\x9a\x24\xfa\xd3\x59\xf7\x52\x2f\x94\xe7\
\x7e\x25\xfc\x24\xf0\xf7\xc5\xdb\x38\x23\xd7\x2c\xfc\xcb\xab\x3f\
\xf8\xf2\xd4\x6d\xa5\x30\x6a\x1a\x79\xeb\x98\x66\x5f\x99\x79\xe7\
\x69\xca\x13\xd5\x4d\x70\x77\x57\xde\x3d\xf8\x0b\x1b\x36\xa5\x0c\
\xdf\x10\xfc\x29\x0e\x49\xd4\x6c\xa2\x09\xac\x58\x20\xef\x3c\x03\
\x89\x80\x1d\x5e\x3e\x70\x09\x6d\xbd\x2b\xd7\x71\xec\x29\x16\x63\
\x1b\xee\x52\xc1\x97\xa1\x07\xa5\x6b\x46\xa4\xa9\xcb\x9a\x0e\xcf\
\xf3\xf5\x31\xc5\xe0\xe8\x62\x69\xfb\x2c\x4c\x79\x97\x4e\xeb\xd1\
\xee\x8c\xcf\x82\x9f\x1f\x2d\xf5\x66\xb7\xf1\x27\x82\x7c\x45\x24\
\x57\x10\xa9\x51\x73\x65\x31\x8e\x68\x83\x0c\x34\x6e\xbd\x76\xb0\
\xc8\x64\x71\xb5\x86\x41\x04\x1a\xdb\xf1\x57\xc3\xbf\x04\xfc\x64\
\x2d\x23\x47\x63\xf0\xdf\xc5\x12\x73\xfd\xa3\xa7\xd9\xb1\xf0\xfe\
\xa0\xfe\xb7\x36\x50\x82\xd6\x64\xf7\x92\xc9\x5a\x31\x80\x05\xa0\
\x25\xa4\xaf\x34\xf8\x8b\xfb\x3b\x69\x3e\x2f\xd6\xdb\x5e\xd1\xee\
\xee\xbc\x1d\xe2\xcc\x93\xfd\xab\xa6\x28\x0b\x70\x7f\xe9\xe2\x1e\
\x12\x60\x7b\x9f\x95\x8f\x76\x23\x8a\xc0\xb7\xf8\xd1\xe2\x0f\x84\
\x53\xad\x9f\xc4\xad\x3a\x1b\x7b\x36\x71\x1c\x1e\x26\xd3\x15\xa5\
\xd2\xe7\x27\x80\x26\x18\xdd\x6e\xe7\xfd\xa0\x14\x9c\xe3\x81\x9a\
\xf5\x23\x88\xa5\x59\xde\xa5\xe1\x3d\xb9\x97\xe5\xda\xde\x4d\x35\
\xf3\x3e\x4a\xbe\x43\x8c\xc1\xa6\xf0\x4f\xda\xd2\xdd\xc1\xee\xbd\
\x17\x7f\x38\xb5\x2e\xfa\x16\x3e\x27\x7c\x33\xf1\x2f\xc1\x5d\x52\
\xd2\xd7\xc4\xda\x6b\x59\xc5\xa9\x2b\x3e\x9d\x7f\x04\xc9\x75\xa7\
\x6a\xe8\xb8\xdc\xf6\xb7\x31\x96\x8a\x60\xb9\x1b\x82\xb6\xe4\x27\
\x6b\xaa\x36\x54\x61\x0b\xaf\x30\x75\x18\xaf\x7e\xf0\x47\xc5\x17\
\x83\xc3\xf7\x16\x96\xef\xa7\xeb\x9e\x1b\xd6\xb6\x4b\x79\xa5\xde\
\x46\xb7\x9a\x5e\xa5\x80\x42\x3b\xc4\x7e\x52\xea\x09\xd9\x32\x15\
\x96\x3c\x92\x8e\x87\x9a\xe7\xbc\x59\xfb\x31\x68\xde\x3a\x76\xbc\
\xf8\x7b\xa8\xc3\xa2\xea\x32\x72\xfe\x17\xd7\x6f\x82\x43\x23\x7a\
\x58\xea\x12\x10\x84\x1c\x9c\x43\x78\x51\x94\x28\x02\xe2\xe1\xdb\
\x03\xa6\x72\xa9\x49\x7e\xf9\x5d\x7f\x32\xdb\xe6\xb5\x6b\xd7\x55\
\xd5\xb5\xb1\xe6\x51\x9d\x0c\x43\xe5\xa5\xee\xcb\xf9\x5f\xe8\xf4\
\xbf\xa6\x8f\xa2\x4c\xf2\x2d\xc0\x54\x52\x1d\xcb\x4d\xd6\xec\x6f\
\xfc\x21\xe2\x3b\xcd\x17\x5a\xd3\xf5\x0d\x1b\x59\xd3\x5f\xca\xbb\
\xd3\xef\xed\xde\xda\xea\xd5\xb1\x9d\xaf\x1b\x80\xca\x70\x41\x19\
\x03\x20\x83\xd0\x8a\x8c\x4b\xb9\x3f\xa5\x3e\x64\xd5\xd6\xa8\xd7\
\xd9\x4a\x2e\xd2\x43\xa4\xe9\xf8\xd5\x59\x0f\xee\xff\x00\xcf\xa5\
\x4d\x23\xf1\x50\x4a\x70\x0f\xe5\x59\xc9\x9d\x14\xd5\x88\x64\x38\
\xaa\xd7\x07\x83\xed\x53\xcc\x7a\xd5\x69\x4f\x3f\x5a\xcc\xec\xa6\
\x57\x90\xe7\xfa\x54\x2d\x26\x47\x3e\xb5\x24\x9c\x35\x57\x95\xf6\
\xa8\xfc\xea\x24\x75\xc1\x8d\x92\x4c\x25\x57\x79\x31\x8e\xd4\xdb\
\x99\xd6\x35\x66\x66\x0a\xaa\x32\x58\xf0\x14\x0e\xa6\xbc\xcb\x5e\
\xf8\xfd\xe4\x4d\x23\x59\xd9\xc3\xf6\x38\xc9\xc4\xd7\x2e\x54\xc8\
\x07\xf1\x60\x74\x1f\x52\x4f\xd3\xa5\x63\x3a\x89\x6e\x7b\x78\x2c\
\x1d\x5a\xee\xd4\xd6\xc7\xa4\x49\x3f\xf5\xaa\x97\x97\xab\x6e\x8c\
\xce\xca\xaa\x3b\x93\x55\x7e\x1e\x5f\xbf\x8f\xbc\x17\xff\x00\x09\
\x25\xd4\x96\xbe\x1e\xf0\xfc\x77\x0d\x6b\x26\xa9\x7a\xed\xf6\x79\
\x66\x55\x56\x30\xdb\xaa\x83\x25\xcc\xa1\x5e\x32\x63\x85\x58\xc6\
\x24\x46\x93\xcb\x46\xdf\x4e\xbc\xf8\xcf\x1e\x81\x32\xc7\xe0\x7b\
\x7b\xed\x26\x68\xcf\x3e\x20\xbe\x2b\xfd\xb3\x21\xfe\xf4\x01\x19\
\xa3\xb0\x1c\x02\x04\x2d\x24\xea\x4b\x0f\xb5\x3a\x36\xc0\xa1\x53\
\x9b\xf8\x7a\xf9\xf4\xfe\xbc\x95\xd9\xec\xd1\xca\x6a\xde\xd2\xd1\
\x23\x67\x59\xf0\xfd\xbf\x81\x8a\xb7\x8b\xae\x2e\x34\x69\x76\x87\
\x4d\x1a\x04\x12\x6b\x57\x00\xe0\x8d\xf1\x36\x05\x9a\x30\x20\xef\
\xb8\xda\xe5\x5d\x5e\x38\x67\x5c\xd7\x31\xe2\x3f\x89\xd7\xda\xfe\
\x91\x71\xa3\xe9\xb6\xf1\x78\x7b\xc3\xb7\x58\x13\xe9\xf6\x92\x16\
\x7b\xf0\xa4\x15\xfb\x64\xe7\x0f\x72\x41\x55\x6d\xad\xb6\x15\x7c\
\xb4\x70\xc5\x92\x2b\x97\x8e\x08\xed\x46\xe6\x3f\x33\x12\xc4\x93\
\xcb\x13\xc9\x27\xd4\x93\xcf\xe3\x56\x2d\x9b\xce\x7f\x45\xcd\x4d\
\x4a\x91\x8e\xb3\x77\x7f\x87\xdd\xff\x00\x0e\xfb\x1e\xed\x0c\x2c\
\x69\xab\x45\x7c\xc9\xac\xec\xb2\xbb\x57\xe8\x2b\x6b\x4b\xd1\x17\
\x21\xa4\xfc\xaa\xb6\x9f\x1a\xac\x7f\x80\xad\x78\x1f\xa7\xf9\xed\
\x5c\x75\x31\x4d\xec\x74\x2a\x69\x6e\x6d\x69\xa8\xb0\xc7\xb5\x46\
\x02\xf6\xad\xab\x36\xcb\x36\x2b\x1f\x46\xb6\x9b\x51\xbc\x8e\x0b\
\x78\xa4\x9e\x69\x38\x58\xe3\x52\xcc\xdf\x80\xaf\x50\xf0\x87\xc1\
\xd9\x22\x45\x9b\x56\x7d\xbd\xfe\xcf\x11\xe4\x7f\xbc\xdf\xd0\x7e\
\x75\x9d\x38\xb9\x31\xb4\xd9\x8b\xe1\xfd\x2a\xe7\x59\x9f\x6d\xbc\
\x6d\x27\xf7\x9b\xa2\xaf\xd4\xd7\x6f\xa2\x78\x4a\x3b\x05\x06\x56\
\xf3\xa4\xf4\x1f\x74\x7f\x8d\x6e\xd9\x69\x11\xda\x5b\x2c\x30\xc6\
\x91\x46\xbc\x05\x51\x85\x15\x69\x63\x58\x07\xcb\xf7\xba\x64\xd7\
\x64\x69\xa4\x57\x21\x05\xb5\x87\x92\xa0\xc9\xf2\xfa\x22\xff\x00\
\x5f\x4a\x9d\xdb\x7f\x04\x0d\xa3\xa2\xf6\xa6\x96\xc1\x3f\xcf\x35\
\x1b\x3e\x0f\x5a\xa9\x6d\xa0\xda\x21\xba\x8b\x6e\xee\xfe\x95\xde\
\x7e\xcd\x47\x1e\x20\xd7\x3f\xda\xb7\x83\xf4\x77\xff\x00\x1a\xe1\
\xe4\x3b\x85\x77\x7f\xb3\x9a\xe3\xc4\xfa\xb2\xff\x00\x7e\xd5\x0f\
\xe4\xff\x00\xfd\x7a\x30\xee\xd5\x13\x7e\x7f\x91\xf0\x3e\x26\xc7\
\xfe\x31\x8c\x5a\xfe\xec\x7f\xf4\xb8\x9e\xcf\x07\x31\x37\xf9\xed\
\x5f\xa6\x1f\xb3\xed\xce\x3f\x67\x7f\x87\xff\x00\x37\xfc\xcb\x7a\
\x7f\xfe\x93\xc7\x5f\x9a\xd6\x90\x65\x3a\x67\x8e\x95\xf7\x77\xc2\
\xdf\x8c\x9a\x6f\x87\x3e\x03\x78\x1f\x4d\x8f\x75\xce\xad\x67\xa1\
\x5a\x5b\xcf\x0e\x0a\xad\xb3\xac\x4a\xa4\x39\x3d\xf8\xfb\xa3\x9f\
\x5c\x57\xe6\xfe\x2a\x53\x95\x6c\x1d\x08\xc1\x5d\xf3\xbf\xfd\x24\
\xfc\xdf\xe8\xd7\x15\x4f\x36\xc7\x4e\x5b\x7b\x38\xab\xf9\xf3\x6d\
\xea\xff\x00\xcc\xf6\x47\xbf\x54\x5c\x96\x0a\x3d\xcd\x32\x79\x2d\
\x75\x9b\x19\x6d\x6e\xa2\x86\xea\xd6\xe1\x76\x4b\x0c\xc8\x24\x8e\
\x51\xe8\x54\xf0\x47\xd6\xbc\xbe\xd3\xc7\x33\x6a\x93\x79\x93\xc9\
\xb9\x8f\x40\x38\x55\xfa\x0a\xe8\xb4\xaf\x11\xef\xc7\xf8\xd7\xe4\
\xb4\xf0\xf2\xa5\x66\xb7\x5d\x8f\xea\xea\xb5\x21\x52\xea\x4a\xe9\
\xf4\x7d\x53\xe8\xce\x33\xe2\x77\xec\x67\x6f\xa9\x2c\x97\xde\x0d\
\xb9\x5b\x59\x8e\x59\xb4\xcb\xa9\x4f\x92\xde\xd1\x48\x79\x53\xfe\
\xcb\xe4\x64\xfd\xe5\x1c\x57\x83\x6b\xda\x2e\xa1\xe0\xfd\x5e\x4d\
\x3f\x57\xb1\xba\xd3\x6f\xa1\xfb\xf0\xce\x9b\x5b\x1d\x88\xec\xca\
\x7b\x30\x24\x1e\xc4\xd7\xd9\xba\x7e\xbd\xb7\x1f\x35\x4b\xe2\x8f\
\x0d\xe8\xbf\x13\x74\x6f\xec\xfd\x76\xc2\x1d\x42\xd9\x49\x28\x5f\
\x22\x48\x09\xfe\x28\xdc\x7c\xc8\x7d\xc1\x19\xef\x91\xc5\x7e\x8d\
\x90\xf8\x85\x8b\xc2\xda\x96\x3d\x3a\x90\xef\xf6\xd7\xcf\xed\x7c\
\xf5\xf3\x3f\x9c\x78\xff\x00\xe8\xed\x94\x66\xfc\xd8\xcc\x89\xac\
\x35\x7d\xf9\x6d\xfb\xa9\x3f\xf0\xad\x61\xeb\x1b\xc5\x7f\x25\xf5\
\x3e\x29\x8a\x40\xdf\xfe\xba\x7b\x84\x91\x76\xb6\xd2\x3d\x0d\x7a\
\xbf\xc4\xff\x00\xd8\xf7\x58\xf0\xaa\xc9\x79\xe1\x79\x64\xf1\x06\
\x9c\x3e\x63\x6a\xc0\x2d\xf4\x23\xd0\x01\x81\x2f\xd5\x70\xdf\xec\
\x1e\xb5\xe4\x2d\x37\x93\x33\xc7\x22\xb4\x72\x46\xc5\x5d\x1d\x76\
\xb2\x11\xd4\x10\x79\x04\x7a\x57\xeb\xd9\x76\x71\x83\xcc\x29\xfb\
\x5c\x24\xd4\x97\x5e\xeb\xd5\x6e\xbe\x7f\x23\xf8\xc7\x8a\x78\x0b\
\x37\xc8\x31\x3f\x55\xcd\xa8\x3a\x6f\xa3\xde\x32\x5d\xe3\x25\x75\
\x2f\x93\xba\xea\x93\xd0\xe9\xbf\xe1\x61\x7f\x6b\xd9\xc5\x67\xe2\
\x6b\x3f\xf8\x48\xac\x61\x41\x1c\x33\xb4\xde\x56\xa3\x66\xa3\xa0\
\x8a\xe3\x0c\x4a\x8e\xd1\xc8\x1d\x07\x65\x5c\xe6\xb3\xb5\x9f\x87\
\x93\x4d\xa7\x5c\x6a\x5e\x1b\xba\x93\xc4\x3a\x5d\xaa\x19\x6e\x23\
\x10\xf9\x7a\x86\x9e\x83\xab\x4f\x00\x2d\xf2\x0e\xf2\x46\x5d\x07\
\xf1\x14\x27\x6d\x63\x4d\x2f\x15\x1d\xb6\xb3\x71\xa3\x6a\x30\xde\
\x59\xdd\x5c\x59\xde\x5b\x3e\xf8\x6e\x20\x90\xc7\x2c\x2d\xea\xac\
\xa4\x10\x7e\x95\x52\xc2\xb8\x7b\xd8\x67\xcb\xe5\xf6\x5f\xcb\xa7\
\xaa\xb6\xba\xb5\x2d\x8f\x36\x38\xf7\x55\xaa\x79\x94\x5d\x45\xfc\
\xcb\x4a\x91\xf4\x93\xf8\xd2\xd3\xdd\x9d\xd5\x97\x2c\x1d\x3b\xdd\
\x67\x7f\x6a\x24\xc9\x90\xc3\x18\xeb\xeb\x55\x2e\x2e\x86\x7d\xab\
\xa4\xd6\xbc\x5f\xa1\xf8\xed\xff\x00\xe2\xa3\xb6\x6d\x27\x54\x6e\
\x7f\xb7\x74\xbb\x71\x89\x98\x9e\xb7\x56\x83\x6a\xbf\x7c\xc9\x09\
\x47\xee\x52\x56\xae\x5f\xc5\xfe\x0b\xd5\xbc\x25\xa4\x7f\x6a\x11\
\x6b\xab\x78\x7d\x98\x22\xeb\x1a\x64\xbf\x69\xb1\xdc\x7a\x2b\xb6\
\x03\x42\xe7\xfe\x79\xcc\xb1\xbf\xfb\x34\x47\x13\xaa\x85\x55\xcb\
\x2f\x3d\x9f\xf8\x5e\xcf\xd3\x49\x77\x8a\x3d\x6c\x3e\x47\x29\xc1\
\xd6\xc1\xcb\xda\xc1\x6a\xda\x56\x94\x57\xf7\xe1\xbc\x6d\xd5\xeb\
\x0b\xe9\x19\xc8\xa3\xa8\xdc\xa3\x47\xb5\x82\xb7\xb1\x19\xac\x3b\
\x9b\xa8\xe1\x27\xcb\x55\x8f\xe8\x31\x50\xde\xea\xc2\x44\xca\xb7\
\x6e\x2b\x17\x50\xd4\x79\x24\xb7\x1f\x5a\xdb\x94\xe9\xc3\xe0\xe7\
\x7b\xd8\xbb\x77\xa8\x02\x3f\x0a\xce\xb8\xbd\xdc\xdd\x47\xf8\xd4\
\xda\x2f\x87\x35\x2f\x13\xe9\x97\xda\x94\x0b\x6f\x6b\xa2\xe9\x64\
\x7f\x68\x6b\x17\xf7\x11\xd9\x69\x7a\x6e\x7a\x79\xd7\x52\xb2\xc5\
\x19\x3d\x94\xb6\xf7\x3c\x2a\xb1\xc0\x3e\x53\xf1\x3b\xf6\xd4\xf0\
\xcf\xc3\xb8\xa4\xb1\xf0\x0e\x9f\x6f\xe3\x6d\x77\xee\x9f\x11\xeb\
\x16\x92\x26\x8d\x68\xd8\xeb\x67\x61\x20\x59\x2e\x98\x1e\x92\xde\
\x04\x8c\xe0\x83\x69\x20\xc3\xd7\x3c\xf1\x31\x52\xf6\x70\xf7\xa4\
\xba\x2e\x9f\xe2\x7b\x2f\x9e\xaf\xa2\x67\xdd\xe4\x3c\x23\x8e\xcc\
\x52\xa8\x97\x25\x3f\xe7\x95\xd4\x7f\xed\xde\xb2\x7f\xe1\x4e\xcf\
\x76\xb7\x3e\x90\xfd\x9a\x65\x4f\x0a\xfc\x72\xf8\x6b\xad\x6a\xf7\
\x56\xba\x3e\x93\xa9\x78\xb3\x4e\xd3\xec\x6e\x2f\x65\x10\x8d\x4e\
\xe5\xee\xe2\x8c\x41\x6c\xa7\xe7\xb8\x93\x73\xa0\x61\x12\xb7\x96\
\x1b\x74\x85\x10\x33\x8f\xcd\xdb\xaf\x8f\x17\x91\x5a\x7d\x8f\xc3\
\x36\xf2\x78\x7e\x18\x59\x91\xf5\x03\x26\xfd\x52\x6c\x12\xa7\x6c\
\x83\x0b\x6c\xa7\x19\x0b\x08\xf3\x06\x59\x5a\x69\x14\x80\x3d\x93\
\xe0\xed\xb7\x8b\xb5\x2f\xda\x2f\xc2\xbf\x15\xbc\x7d\xab\x5f\xeb\
\x7a\xc7\x86\xf5\x6b\x0d\x5e\x14\xbd\xb8\xdf\x71\x70\xb6\x97\x09\
\x3c\x50\x0f\xe1\xb7\x80\x14\xc2\xc4\x8a\x15\x01\x21\x51\x46\x2b\
\xa2\xf0\xef\xec\xe3\xf0\x83\xc0\x1e\x35\xd4\xb5\x3b\x4b\x6f\x15\
\x7c\x4a\xb8\xbf\xd4\x65\x97\x47\xd2\xf5\xeb\x18\xf4\xad\x36\xc1\
\x64\x94\xb4\x51\x4b\x6f\x6b\x71\x3c\xba\x84\x8b\x95\x51\xfb\xe8\
\x23\x62\x3e\x68\x64\x0d\xb2\xb8\x2a\x46\xaa\xae\xe5\x5a\x3c\xc9\
\xa5\xa4\x76\xba\x6f\x76\xda\x4f\xe2\xbd\xda\x4b\xb2\xb9\xfb\x16\
\x41\x84\xca\x32\xbc\x2f\xb2\xa5\x53\x9a\x71\x93\x7c\xd2\x49\xbb\
\xc9\x25\xee\x45\x27\x6f\x85\x2d\xe4\xd3\xfb\x49\x33\xc3\x3e\x05\
\xfe\xcc\x9e\x28\xf8\xe5\x63\x26\xa5\xa6\x43\x63\xa2\xf8\x4e\xd6\
\x76\xb7\xbc\xf1\x3e\xb2\xef\x6d\xa4\xdb\xc8\x06\x5a\x24\x75\x56\
\x92\xe6\x71\xc1\xf2\x2d\x92\x59\x46\xe0\x59\x55\x72\xc3\xea\x5f\
\xd9\xe3\xe0\x9e\x9f\xe0\xbf\x1c\x59\xe8\xff\x00\x07\xfc\x3b\xac\
\x78\xe3\xe2\x13\xe0\xa7\x89\xaf\xec\x50\xdf\x5b\x9c\x80\x65\xb1\
\xb6\xdc\xf0\xe9\xa8\x09\x1f\xe9\x0e\xf2\x4e\xbd\x44\xf0\x86\x29\
\x5e\x85\xf1\x17\xe1\xb4\x3f\x0e\x6c\xec\x75\xef\x8f\xde\x2a\x9b\
\xc2\xb1\x43\x68\x83\x48\xf0\x5e\x91\x0c\x32\xf8\x8e\x7b\x5c\xe5\
\x21\xb6\xb1\x5d\xb6\xfa\x65\xbe\x37\x6d\x32\x88\xd1\x4a\x91\xe5\
\xe4\xe2\xbc\x0f\xe3\x6f\xed\xb5\xe2\x6f\x89\x5e\x15\x9b\xc0\xfe\
\x0b\xd2\xed\xfe\x19\x7c\x3d\xbe\x71\x13\xe8\x1a\x24\xaf\x25\xf6\
\xbc\x4e\x55\x4e\xa3\x7a\x40\x9a\xf1\xdb\x71\x1e\x5f\xcb\x16\x0a\
\xaf\x96\x76\x83\x5c\xca\x55\xb1\xaf\x96\x8d\xa5\x1e\xfa\xfb\x35\
\xf3\xde\xa3\xf2\x56\x8f\x47\x66\x7b\x98\xac\xc2\xa4\x35\xc4\x37\
\x49\x76\xd1\xd5\x97\xcb\x6a\x6b\xcd\xfb\xdd\x57\x32\xd0\xf5\x0f\
\x89\x7f\x11\xfe\x16\xfe\xcb\x17\xd7\x52\x78\xa2\xfa\x2f\x8e\x5f\
\x13\xd9\xda\x49\x74\x4d\x23\x52\x61\xe1\xdd\x2e\xe1\xb9\x27\x50\
\xd4\x57\xe7\xbc\x99\x58\xe5\xa1\xb7\xf9\x77\xa3\xa4\x8e\x33\x9a\
\xf9\x87\xe3\xbf\xc7\xbf\x89\xdf\xb6\xef\x8a\xad\x6d\xf5\xcb\xc9\
\x35\x2b\x3d\x28\x6f\xd2\xfc\x39\xa5\x42\xba\x7e\x81\xe1\xe8\xb9\
\x03\xc9\xb7\x04\x43\x02\x28\x6d\xbe\x6c\x84\xbe\x30\x1a\x46\xe2\
\xae\x68\x7f\x03\xbf\xb3\xd5\x5b\xc4\x12\x36\x9e\xab\xd3\x4c\xb6\
\x2b\xf6\xc3\xed\x2b\x60\xad\xbf\x7f\x94\x86\x90\x15\xc1\x8d\x32\
\x1a\xba\xe8\x66\x8b\x4c\xd2\x96\xc6\xc6\xde\xdf\x4f\xb0\x56\x0e\
\x2d\xad\xc1\x54\x2c\x38\xdc\xd9\x25\x9d\xf0\x71\xbd\xcb\x36\x38\
\xce\x31\x5e\xf6\x5f\x94\xc2\x9c\x95\x69\xfb\xf3\x5b\x4a\x5b\x2f\
\xf0\xc7\x68\xaf\x4d\x5f\x59\x33\xe5\x71\x9c\x49\xec\xa0\xe8\x51\
\x4a\x11\xfe\x58\xbd\x5f\xf8\xe5\xbb\x7e\x4f\x45\xd2\x28\xe0\xfc\
\x1d\xfb\x3a\x68\xbe\x1b\x31\xdd\x6b\xd2\x43\xaf\x5f\x8f\x98\x5a\
\xc6\x0f\xf6\x7c\x07\xd0\xe4\x06\x99\xba\x75\x0a\x9d\x46\x24\x18\
\x6a\xee\x35\x6d\x62\x4f\xb1\x49\xe5\xed\x0d\x14\x7b\x62\x4d\xb8\
\x45\x00\x61\x54\x01\xd0\x0e\x98\x15\x05\xc5\xc5\x52\xf3\x9a\xe2\
\x64\x8e\x35\x79\x64\x91\x82\x22\x22\x96\x69\x09\xe8\x00\x1c\x92\
\x7d\x05\x7d\x04\x69\xa8\xae\x69\x1f\x3f\x2c\xc2\xad\x79\x25\x2e\
\xbb\x2f\xf2\x47\xd4\xdf\x14\x7f\xe0\x9b\x1a\x5f\x8f\x04\x2d\xe1\
\x4f\x11\x59\xf8\xa7\xe1\x37\x8c\x34\x98\x27\x69\xaf\x6e\xa3\x9a\
\xfe\xc9\xa4\x55\x67\x81\xcc\x08\x23\x33\x46\xf8\x75\x70\x13\x6b\
\x00\x08\xdc\x99\x6d\x0f\xd8\x83\xf6\x17\xf0\xef\xec\x15\xe1\x6d\
\x72\xd3\x4d\xd6\xee\xfc\x55\xae\x78\x86\x74\x7b\xdd\x66\xea\xc9\
\x6c\x9d\xa1\x8c\x11\x14\x09\x0a\xc9\x20\x44\x52\xce\xc4\xef\x62\
\xec\xc4\x9c\x00\xaa\xbe\x5d\xf0\x43\xf6\x6e\xbe\xd2\xf5\x35\xd6\
\xb5\xa9\x6e\xb4\x1f\x31\x36\x9b\x6b\x39\xda\xde\xf6\xe1\x0f\x25\
\x65\x91\x08\x68\xd4\xf7\x50\x77\x7f\xb8\x45\x7d\x1f\x67\xe2\x37\
\xd4\x40\x60\x5b\xcb\x1c\x6e\x3c\xe7\x1e\xf5\xfc\x37\xe2\xf7\x17\
\xe2\xab\xe2\x7f\xb1\xb0\xd9\x9a\xc5\x50\xd3\x99\x46\x9a\x82\x4e\
\x2e\xf1\x52\xa8\xa5\x2f\x6a\xef\xab\x71\xe5\x85\xd2\x76\x72\xbd\
\xbf\xd2\x3f\x00\x3c\x35\xf6\x38\x37\x9d\x63\xf2\xc9\x61\x2a\x49\
\xde\x1c\xf5\x1c\x9b\x52\x56\x6d\x52\x71\x5e\xc9\x74\x4a\x57\x9b\
\x4d\xed\x1b\x5f\xa8\x4d\x75\xad\xae\x16\x44\x66\x56\x56\x0c\x08\
\xea\x2b\xf0\xbf\xfe\x0a\x89\xf0\x92\xd7\xe0\x57\xed\xf5\xf1\x13\
\x4f\xb0\x89\x6d\xf4\x7d\x6a\xed\x3c\x47\x62\x8a\xa1\x11\x12\xfa\
\x35\x9e\x54\x50\x38\x0a\x97\x0d\x3a\x28\x1c\x00\x83\xa5\x7e\xd2\
\x4f\xad\xe0\xf5\xe3\xeb\x5f\x9e\xff\x00\xf0\x52\x6b\x8d\x26\xc7\
\xfe\x0a\x2d\xe0\xdb\xbd\x4e\xce\xd6\xe6\x3d\x47\xc0\xd6\xb6\x71\
\x49\x34\x61\xbe\xcd\x71\xfd\xa3\x7d\xe5\xc8\x33\xd1\xbf\x83\x3d\
\x83\x56\x3e\x09\xc6\xa5\x3e\x20\x74\x6f\xa5\x4a\x72\x4f\xd5\x35\
\x24\xfe\x56\x6b\xe6\x7e\x87\xe3\x06\x57\x4d\xe4\xd0\xc4\x3d\x1c\
\x27\x14\x9f\xf8\xae\x9a\xfc\xbe\xe3\xe3\xff\x00\x84\x7f\xb3\x57\
\x88\xbe\x25\x2c\x37\x77\x08\x74\x3d\x1e\x4c\x37\xda\x6e\x50\xf9\
\xb3\xaf\xfd\x32\x8b\x82\x7f\xde\x6d\xab\xe8\x4f\x4a\xfa\x63\xe1\
\xa7\xc2\x2d\x0b\xe1\x85\x97\x95\xa4\xd9\xff\x00\xa4\x48\xbb\x65\
\xbc\x94\xf9\x97\x33\xfd\x5b\xb0\xff\x00\x65\x40\x1e\xd9\xae\x9a\
\x1b\x06\x98\xb3\x33\x61\x47\xde\x66\xa9\x96\x45\x4f\x96\x20\x40\
\xc7\x2c\x7a\x9a\xfe\xc2\xa3\x84\x85\x2d\x56\xe7\xf3\x8c\x68\xc6\
\x1b\x0d\xf2\x56\x0f\xe1\xcb\x7a\x7a\x7d\x69\xac\xcc\xcd\xc9\xe6\
\xa5\xde\x3d\x2a\x26\xe0\xff\x00\x5f\x5a\xdd\x94\x15\x14\xc7\xef\
\x7e\x54\xf6\x7c\x54\x4f\xdf\xde\x90\xe2\x44\xdd\x47\xd2\xa1\x67\
\xda\x3d\xea\x49\x78\x07\xeb\x55\xe4\x3c\x1f\xca\xb3\x36\x8e\xc3\
\x1d\xf0\x7d\x7e\x95\xcb\xfe\xd6\xd6\xff\x00\x6b\xfd\x8b\xfc\xc1\
\xcf\x97\xf1\x0f\x4a\x53\xf8\xe9\x9a\xaf\xf8\x57\x47\x3d\x3f\x54\
\xd3\xbc\x3d\xf1\x27\xe1\x06\xa9\xe0\xff\x00\x14\x1f\x13\x59\xc3\
\x07\x89\x34\xef\x10\xd9\xb6\x93\x04\x12\x36\xa9\xe4\xdb\x5e\xc1\
\x25\xb1\x92\x47\x02\xdb\xfe\x3e\x50\xf9\xc6\x39\xb1\xb4\xe2\x26\
\xa9\x8b\x6a\x6a\x5d\x8f\x9e\xe2\x3c\x54\x68\x60\xe5\x29\x3e\xdf\
\x99\xe3\x1f\x06\x7e\x2a\x78\xe3\x4b\xf0\x8c\x7e\x03\xf0\x62\xde\
\x35\xde\xb9\xa8\x3d\xcc\x50\xe9\x56\x6f\x3e\xab\x79\x2b\xc6\x88\
\x62\x8b\x6e\xe6\xe0\x44\x08\xf2\xd4\x3e\x77\x7c\xd8\xe0\x77\x1e\
\x05\xfd\x93\x34\xcd\x2f\x53\xfb\x67\x8b\xae\x17\xc5\x1a\xdc\x8e\
\x5c\xe8\x9a\x4d\xe8\x92\xd6\x27\x27\x3f\xe9\xba\x84\x64\xac\x84\
\xf7\x8a\xd1\x98\x90\xc7\x37\x10\xba\x94\xaf\x5c\xf8\x75\xf0\xee\
\x6f\xec\x19\xb4\xbd\x0b\x47\xb4\xf0\x6f\x87\x2f\x23\x10\xdc\xc1\
\x68\x59\xef\x35\x54\xe3\x8b\xcb\xb7\xfd\xf5\xc0\x38\x04\xc5\x94\
\xb7\x0c\x37\x24\x11\xf4\xaf\x4f\xf0\xcf\x82\x2c\x7c\x2b\x66\x16\
\x38\xd5\x76\x8e\x58\xd4\x51\xcb\xe8\x53\xa9\x3a\xd1\x82\x8b\x9b\
\xbc\xac\x95\xe4\xff\x00\xbc\xd7\xf9\xbf\x27\xd0\xfc\x97\x3e\xe3\
\x8c\xc3\x1b\x4a\x9e\x1e\xb5\x69\x4e\x34\xa2\xa3\x05\x26\xda\x84\
\x57\x48\xc7\x65\xe7\x6d\xfa\xeb\xa9\xca\x78\x73\xe1\x75\xd6\xb3\
\xa5\x59\x59\x6a\x1f\x66\xd3\x74\x3d\x3d\x8c\x96\x9a\x36\x9d\x08\
\xb6\xb2\xb6\x62\x30\x58\x46\xbc\x19\x08\xc0\x69\x5b\x74\xaf\x8f\
\x99\xd8\xf3\x5e\xa1\xe0\x3f\x87\xf3\xea\x9a\xad\x9e\x87\xe1\xdd\
\x26\xeb\x50\xd4\x6e\xdb\x65\xbd\x95\x8d\xbb\x4b\x34\xc7\xa9\xc2\
\xa8\xc9\xc0\x04\x93\xd0\x00\x49\xe3\x35\xd8\xdc\x7c\x20\xb4\xf8\
\x67\xe1\xfb\x3d\x77\xe2\x76\xb4\xde\x05\xd2\x6f\x63\x17\x16\x5a\
\x62\xdb\xfd\xa7\xc4\x5a\xdc\x7f\x36\x1a\xda\xc8\x95\xf2\xe3\x62\
\xa5\x7c\xeb\x86\x8a\x30\x48\x23\x78\xe2\xbc\xeb\xe2\x2f\xed\x75\
\xaa\x6a\xfe\x1c\xbc\xf0\xcf\x81\x34\xd1\xf0\xef\xc2\x37\x89\xe4\
\xde\x25\xad\xc9\x9f\x58\xd7\x53\x00\x1f\xb7\x5f\x6d\x57\x74\x6e\
\x4f\x91\x10\x8e\x01\xbc\x82\x8f\x8d\xd5\xa4\x71\x53\xaf\xfb\xac\
\x14\x79\x97\x57\xb4\x17\xcf\xed\x3f\x28\xdf\x5d\x24\xe2\x7c\x8e\
\x26\x51\xa0\xbd\xae\x3a\x4e\x2d\xea\xa3\xbc\xdf\xc9\xfc\x2b\xce\
\x56\xd3\x58\xa9\x5a\xc7\x7d\xe2\x4d\x53\xc0\x7f\xb3\xad\xcc\xd0\
\xf8\xc2\x75\xf1\xe7\x8b\xed\xc9\x5f\xf8\x45\x74\x1d\x40\x2d\x8d\
\x84\x80\x80\x57\x50\xd4\x63\xdc\xbb\x87\xcc\x0c\x36\x85\xd8\x15\
\xc3\x49\x19\xe2\xbc\x0f\xe2\x1f\x8f\x65\xf8\x99\xf1\x0f\x52\xf1\
\x14\x9a\x4e\x87\xa0\x49\xa9\x34\x58\xd3\xf4\x6b\x66\xb7\xb1\xb4\
\x11\xc3\x1c\x2a\x23\x46\x66\x61\x95\x8c\x33\x12\xc4\xb3\xb3\xb1\
\x39\x63\x5c\xfc\x36\x8b\x6e\xaa\xa8\xaa\x8a\xa3\x00\x0e\x30\x2a\
\xc5\xb5\xb4\x93\x2b\xb2\x2e\x56\x3f\xbc\xec\x42\xaa\xfd\x49\xe0\
\x7e\x35\xea\xe0\x72\xd8\x50\x7e\xd6\xac\x9c\xa6\xd5\x9b\x7a\x2e\
\x9a\x28\xde\xc9\x5f\xd5\xf7\x6c\xf9\x7c\x66\x71\x53\x15\x6c\x3d\
\x18\xa8\xc1\x3b\xa4\x95\xdb\x76\xdd\xca\xd7\x6e\xde\x91\x5d\x22\
\x8a\x7a\xa6\x99\x0d\xc8\x69\x16\x36\x5b\x8e\x83\xca\x5c\x99\x0f\
\x61\xb7\xb9\x3e\xdc\xd7\xd4\x1e\x2d\xfd\x9a\x53\xf6\x56\xfd\x9f\
\xf4\x5d\x6a\xc2\xff\x00\x54\xb3\xf1\xf5\xdd\xfc\x56\xba\xa6\xa7\
\x67\xa8\x4b\x0e\xd8\xa6\xb7\x9c\xcb\x67\x18\x8d\x82\xf9\x41\x95\
\x32\xc4\x16\x73\x1e\x72\x15\xb6\x0e\x4f\xf6\x1a\xf8\x19\x2f\xc5\
\x1f\x8b\x30\xf8\x82\xe9\x55\xbc\x3f\xe1\x09\xd2\xe2\x47\x20\xed\
\xba\xbc\x03\x74\x31\x2f\xae\xc3\xb6\x56\xf4\x0a\x80\x8f\xde\x03\
\x5e\xf1\xfb\x6f\x6a\x2b\x77\xe0\xbd\x0f\x4b\x59\x23\x67\xb8\xd4\
\xda\xf1\x95\x5c\x33\x27\x95\x09\x5f\x98\x67\x2b\x9f\xb4\xa9\x19\
\xeb\x83\x8c\xe0\xd7\xe0\x1e\x23\xf1\x65\x5c\x47\x1a\xe5\xdc\x33\
\x94\xcd\xf2\xc1\xb9\xe2\x39\x76\x7e\xeb\x6a\x9c\xbc\xa3\x15\xcd\
\x24\xf4\x6e\x70\x4f\x55\x63\xfa\x87\xc2\xdc\xb7\x15\x1e\x0c\xc6\
\x67\x79\xb4\x9b\x4e\xd0\xa1\xcd\xba\x57\x49\xca\x2f\x76\x9b\x7c\
\xb1\xec\xa3\x26\xb4\x77\x3f\x3e\xff\x00\x6b\x1f\xd9\xd6\xff\x00\
\xe3\x67\xc3\xbb\x78\x34\x16\xb6\x4d\x5f\x4a\xba\x37\xb1\xdb\xcc\
\x56\x34\xd4\x32\xac\xac\x9e\x61\xe1\x64\xf9\x89\x52\xc4\x29\x25\
\x81\x23\x3b\x87\xcb\xff\x00\xb3\xa7\x8d\xe6\xf8\x3b\xf1\x7a\xe7\
\x43\xd7\x2d\x6e\x34\xff\x00\xed\x47\x5d\x36\xf2\x1b\x94\x31\x49\
\x65\x38\x6f\xdd\x17\x53\xd0\x65\x88\xfa\x49\xbb\xa0\xaf\xd0\xcd\
\x7e\xc6\xef\x4f\xd1\x6f\x26\xb0\xb1\x5d\x4a\xfa\x18\x5d\xed\xed\
\x0d\xc0\xb7\x17\x52\x00\x4a\xc6\x64\x20\x84\xdc\x70\x37\x10\x40\
\xce\x70\x6b\xe0\xef\x8e\x3e\x10\xf8\x89\xf1\xef\xe2\xf4\xcd\xe2\
\xcd\x1f\x4a\xf0\x7d\xd6\x9a\x89\x64\xcb\xfb\xbf\xf4\x38\x88\x12\
\xa6\x5c\x31\x7b\x86\xdb\x20\x60\xd9\xdb\xcf\x1b\x01\x22\xbf\x53\
\xca\xea\x54\x69\xc3\x4b\x2f\xbf\xfe\x18\xbc\xb7\x15\x55\xcd\x7b\
\x3d\x5a\xe9\xd4\xf7\xfd\x5e\xce\x49\x6d\xa6\x8e\x36\xdb\x2e\xc2\
\x14\xfa\x1e\x6b\xf5\x0b\x53\xf0\xce\xb1\xf1\x7f\xf6\x31\xd0\xf5\
\xcf\xd9\xdf\xc7\xde\x30\xd0\xfe\x19\xc9\x69\xa7\xd9\xf8\xe7\xc3\
\x3e\x0e\x91\x6d\xfc\x4d\xe1\xdf\xb3\x88\x7e\xda\x74\xd6\xc6\xf8\
\xaf\x0c\x6a\xee\x51\x08\x33\x39\x12\x0f\x3d\x65\xda\xdf\x97\x6d\
\xaf\xd9\xde\x4e\x59\x6f\x2d\x5d\x98\xf3\xfb\xe5\xc9\xfd\x6b\xba\
\xf8\x09\xfb\x43\xf8\xdf\xf6\x54\xf8\x91\x67\xe3\x1f\x01\xeb\x17\
\x3a\x5e\xa1\x0b\x27\xda\x6d\xc3\x16\xb2\xd6\x21\x56\xc9\xb7\xba\
\x8b\x3b\x65\x8d\x81\x61\xd9\x93\x71\x64\x64\x7c\x30\xe1\xe2\x4c\
\x96\xa6\x61\x4e\x0e\x8c\xad\x38\x3b\xa4\xfe\x16\xfb\x3f\xd1\xf4\
\x3f\x4b\xcb\x71\xd2\xc2\x4d\xc9\x45\x49\x49\x59\xa6\x93\x4d\x76\
\xf2\x69\xd9\xa9\x2d\x53\x49\xa3\x8f\xff\x00\x82\x80\xff\x00\xc1\
\x0e\xfe\x21\x7c\x07\xd5\xe3\xf1\xa7\xc1\x0d\x2b\xc5\x9f\x1d\xbe\
\x0c\xf8\x82\xc2\x3d\x56\xd3\xc4\xfa\x59\x87\x55\xd4\xb7\xcb\x24\
\x85\xd2\x6b\x5b\x75\x59\x8e\xd0\x14\x99\x23\x89\x93\x92\x58\xa1\
\xdd\x1a\x7a\xaf\xfc\x1b\xa9\xff\x00\x04\xaf\xf8\x59\xff\x00\x05\
\x15\xf8\x43\xf1\xc3\x51\xf8\xb5\xe1\x7b\xcd\x62\xdf\x4f\xd5\xb4\
\xfd\x07\x44\xba\x86\xf6\xe7\x4f\xbb\xd1\x6e\x63\x82\xe2\x5b\xa6\
\x89\xe2\x65\xf9\xff\x00\x7f\x6d\xb9\x24\x0e\xb9\x89\x77\x29\x19\
\x07\xb9\xfd\xa3\x3f\xe0\xbb\xff\x00\x16\x1e\xf7\xc1\xfe\x2e\xf8\
\x0b\xf0\xcd\xbe\x1d\xcd\xe1\xdd\x5f\x54\x9f\xc7\xda\x04\xde\x4e\
\xaf\xa1\xf8\x95\xee\xd6\xc8\xdb\xb7\xee\xd2\x19\xda\x5c\xdb\xdc\
\x33\xcb\x1c\x71\x3a\x16\x53\xbd\xc4\xd2\x29\x9b\xf6\x98\xff\x00\
\x83\xa1\x7c\x2b\xf1\x1f\xf6\x29\xf8\x89\xe1\x9f\x04\xfc\x27\xf1\
\x47\xc3\x7f\x8d\x9f\x10\xad\xe4\xb2\xd4\x2e\xe3\xfb\x24\x9a\x65\
\xa4\xd3\x45\x1d\xa4\xd7\xa6\xed\x1e\x2b\x99\xae\x52\xd2\x35\x48\
\xd9\xed\xd5\x95\xa3\x84\x13\xb2\x3a\xf0\xf1\x75\x78\x96\xae\x06\
\x38\x49\xd3\xb4\x9b\x4b\x9a\x32\xb4\xa3\x67\xf6\xac\xed\xae\xf7\
\x4e\xd6\xf5\x3e\x7b\x13\x47\x0e\xab\xca\x74\xef\x6e\xce\xd7\xf9\
\xdb\x4b\xfe\x7e\x47\xc1\x3f\xb2\x65\xee\x97\xa4\x6a\xff\x00\x11\
\xbc\x3f\xe1\xed\x62\x5d\x7f\xc3\x3a\x2f\x88\xe6\x5d\x1b\x52\x95\
\x02\x3e\xa5\x66\x5e\x58\xa1\xb8\x2a\xbc\x03\x24\x50\xc6\xe4\x0e\
\x01\x6e\x2b\xd9\x3c\xcc\xff\x00\x12\xd7\xcd\x3f\xb1\x15\x9c\xfa\
\x0c\x1e\x22\x36\xb6\x72\xdd\x46\x3e\xc7\x09\x8e\x39\x11\x0a\x8f\
\xdf\x7c\xdf\x31\x00\xe0\x76\xce\x6b\xe9\x12\x76\x8a\xfb\xe8\x45\
\xc6\x0a\x2d\xdd\xae\xbf\xa9\x86\x19\xde\x02\x33\xfe\x78\xf5\xa8\
\x5f\xd3\x9a\x57\x7e\x7f\x0e\x2a\x27\x7c\x9f\x7a\xd0\xb0\x7e\x5b\
\xe9\x51\x16\xe7\x34\xac\xfd\x6a\x29\x0f\x4a\x60\x23\x9f\x93\xdc\
\xd3\x0b\x52\x96\xcb\x63\xd2\x98\xed\xcd\x58\x98\x85\xbb\x9a\x85\
\xb8\x04\xd4\x92\x1c\xe2\xa2\x73\x93\x8a\x08\x18\xed\xcd\x30\x92\
\xd4\xe9\x5b\x8c\x54\x4c\x76\x9a\xa4\x44\x84\x27\x77\xf8\xd3\x1c\
\xee\x1c\x52\x39\xc5\x30\xb6\xd3\x4c\x90\x63\xb0\x53\x09\xe0\xf5\
\xe9\x48\x4e\x05\x34\xbe\xef\x4c\x52\xd4\x03\x18\xf5\xfc\xea\x33\
\x96\xf5\xa7\x48\x71\xc7\x15\x13\x36\x29\xb1\x03\x3e\x01\x19\xa4\
\x73\x8e\x9d\x69\xb9\xa6\x33\x73\xfd\x6a\x08\x94\xbb\x0a\xed\x8e\
\x07\x5a\x8d\xdf\x6f\xd6\x86\x6d\xa3\xde\x9b\xde\x82\x02\xa3\x2d\
\xb8\xfb\x53\xa4\x39\x38\xfc\xea\x36\x7d\xa6\x80\x06\x7d\xbf\x5a\
\x68\xe0\x51\xbb\x71\xa4\x66\xc0\x34\x5c\x05\x35\x19\x34\x8c\x73\
\x8a\x6b\x75\x5a\xce\x44\xc8\x50\xdf\x5a\x6b\x31\x63\x4a\xcd\xf2\
\xe3\x14\x9d\x28\x31\x11\xce\xd5\xa6\x0e\x28\x27\x79\xcd\x19\xc5\
\x20\x11\xce\x14\xd4\x63\x8a\x59\xa8\xcf\x15\x12\xd8\x89\x0d\x77\
\xc6\x3d\xe9\x8f\x21\xda\x7f\x1a\x73\xf5\xa8\x98\xe4\x37\x7e\x31\
\xd2\xb1\x91\x17\xd4\xfb\xb2\x03\xf2\xe3\xf1\xa7\x92\x7d\x6a\x18\
\x1b\xe4\xa7\xee\xdc\x7b\xd6\xd4\xf7\x3f\x95\x54\x47\x33\x13\xd6\
\x9a\xcd\x43\x30\x1d\xe9\x8c\x70\x3f\x95\x6a\x6d\x18\x8b\xbb\x02\
\x9b\xfc\xe8\xeb\x4d\x2d\xb4\x55\xa3\xaa\x11\x06\x3b\x47\xbd\x46\
\x4e\xd1\xef\x4e\xce\xe1\xef\x51\xb1\xc9\xf6\xed\x55\x13\xa2\x31\
\x0e\xa7\x34\xd7\x6e\x71\x43\xb6\x05\x36\xa8\xde\x31\x0e\x95\x1b\
\x1d\xc7\xda\x95\xdb\x22\x98\xe7\x0b\x41\xd3\x18\x83\x9a\x8c\x9c\
\x9f\xa5\x2b\xbf\x3e\xf8\xa6\x1f\xcc\xf7\xa5\x23\xa2\x11\x06\x39\
\xe9\xd2\x8c\xf3\x48\xc7\x02\x98\xcd\xbb\xfc\xf5\xa8\x3a\xa2\x80\
\xb6\x4f\xfb\x3f\x4a\x46\x6f\xfe\xb5\x19\xc0\xe6\x98\x4e\x4d\x06\
\xd1\x88\x84\xed\x1f\xd6\x98\xcd\x8a\x18\xee\x35\x1b\x3e\xfa\x0e\
\x88\xa0\x66\xcf\x3c\xd4\x6c\x72\x68\x76\xc9\xa6\x96\xda\x2a\x24\
\x74\xd3\x88\x39\xda\x3d\xea\x3e\xa7\xbd\x0c\x77\x1f\x7a\x42\x71\
\xc5\x23\xa2\x28\x46\x6d\xdf\x4a\x69\x38\x19\xa0\xb6\x07\xf2\xa6\
\xbb\xf1\x59\x4c\xd5\x44\x19\xf8\xfe\x42\xa2\x6f\xe6\x69\x58\xf7\
\xa4\xc7\x35\x94\x8d\xa2\x86\xb7\x1f\x2f\xeb\x49\x46\x77\x1c\xd2\
\x17\x00\xd4\x9b\x44\x5a\x69\x6d\xa3\xde\x9a\xd2\xfb\xed\xa8\xde\
\x4e\xff\x00\xe4\xd4\xd8\xb4\x39\xa4\xc1\xa8\xfc\xec\x8e\xff\x00\
\xca\x98\xf2\x7f\xfa\xbd\x6b\x2b\x52\xf1\x22\xdb\xde\xb5\x9d\xbc\
\x72\xdf\xea\x0a\x01\x36\xd0\x11\x98\xb3\xc8\x69\x18\xfc\xb1\x29\
\xea\x0b\x1c\xb0\x07\x68\x63\xc5\x1a\x2d\xc6\x93\x93\xd0\xd3\x79\
\x77\x0c\x7d\xe3\xe8\x3b\xd6\x0f\xfc\x24\xd3\x78\x81\x24\x87\x47\
\xb5\x8f\x54\x8e\x45\x31\xcb\x34\xaf\xb7\x4f\x20\xf0\x54\xbe\x1b\
\xcc\xee\x0a\xc6\xae\x32\x30\xc5\x7a\xd5\x88\xbc\x1b\x2e\xb8\x37\
\x6b\x92\x47\x75\x1b\x72\x34\xf8\x72\x2c\xd4\x7a\x3e\x7e\x69\xcf\
\xfb\xf8\x43\xc1\x11\xa9\x19\xae\x80\x47\xe5\x8d\xbc\x60\x0c\x60\
\x76\x15\x4a\x4c\xe8\xa7\x45\x2d\x59\xe4\xbf\xf0\xce\x5a\xc7\xc3\
\xe9\xe6\xd5\x7c\x05\xad\x58\xe9\x7a\x84\xef\xe6\xdc\xe8\x13\x5b\
\xb4\x5a\x05\xd9\xee\x21\x8c\x33\xc9\x68\xc7\xae\x55\x99\x49\xe3\
\x6a\x2f\x4b\x9e\x0f\xfd\xa1\xed\x65\xf1\x0c\x7e\x1f\xf1\x56\x9f\
\x77\xe0\xdf\x13\x38\xf9\x6c\x35\x12\x3c\xbb\xa1\xd3\x75\xbc\xe3\
\xf7\x73\x29\x3c\x65\x4d\x7a\x6c\x87\x8a\xc9\xf1\xaf\x83\x34\x7f\
\x88\xbe\x1f\x93\x49\xf1\x06\x99\x67\xac\x69\xb2\x1d\xde\x45\xca\
\x67\x63\x63\x1b\xd1\x86\x1a\x37\x1d\x99\x08\x61\xd8\xd7\x46\x17\
\x19\x56\x86\x90\x7a\x76\x7b\x7c\xbb\x7f\x5a\x1e\x7e\x69\x90\xe1\
\x31\xeb\x9a\xaa\xe5\x9f\xf3\x2d\xfe\x7d\x1f\xcf\x5f\x33\xac\xb9\
\xf1\x26\x9f\xe3\xbf\x0b\xda\xe8\x3e\x32\xd2\xa3\xf1\x56\x87\x62\
\x9e\x55\x89\x92\x53\x06\xa5\xa3\x29\x24\xff\x00\xa1\x5e\x00\xcf\
\x02\xe4\x93\xe4\xb0\x92\xd9\x98\xee\x68\x1d\xb0\x47\x9b\xf8\xd7\
\xf6\x4a\xd5\xe0\x82\x6d\x47\xc0\x37\x97\x1e\x3b\xd2\x61\x56\x96\
\x6d\x3e\x3b\x7f\x2b\xc4\x1a\x7a\x01\x96\x32\x5a\x29\x6f\xb4\x46\
\xa3\x24\xcb\x6a\xd2\x00\xaa\x5e\x44\x80\x10\xb5\xca\xa7\x81\xbc\
\x6d\xf0\x38\xf9\x9e\x16\xba\x9f\xc7\x3e\x19\x4e\x4e\x89\xa9\x4e\
\x17\x54\xb2\x4f\x4b\x7b\x83\x85\x99\x47\x64\x7c\x36\x00\x03\x71\
\x39\xae\xbb\xe1\x6f\xc7\xdd\x1f\xe2\x1d\xcb\x7f\x65\xdd\x5d\x69\
\xfa\xd6\x97\x20\x6b\x8d\x3e\xe9\x5a\xd7\x51\xd3\xa4\x52\x08\xdd\
\x19\xc3\x29\x07\x1f\x30\xe8\x7b\xd7\xa1\x4a\x54\x6b\x3b\xd1\x7c\
\x93\x7b\xa7\xb3\xf9\x6c\xfd\x53\x4f\xbd\xf6\x3e\x3f\x15\x85\xc7\
\x65\xda\x62\xa3\xed\x69\x2d\xa4\xb7\x5f\x3d\xd7\xa4\xae\xbb\x77\
\x3c\x7a\xd7\x56\x8a\xf6\x20\xf1\xc8\xae\x8d\xd0\xa9\xe2\x9e\xf2\
\xee\x1f\xca\xbe\x92\xf8\x84\x9e\x18\xf8\xf5\x73\x25\xc7\x8d\xac\
\xae\x2d\xfc\x45\x37\xfc\xcd\xba\x3c\x48\xba\xa4\xad\xfd\xeb\xc8\
\x59\x92\x1d\x43\xdd\xe4\x31\x5c\xb1\xc6\x6e\x4a\xa8\x43\xe2\xff\
\x00\x13\xbf\x67\xff\x00\x12\x7c\x2c\xd2\x64\xd6\x43\x59\x78\x9b\
\xc2\x51\xb8\x4f\xf8\x48\x34\x66\x69\x6d\x2d\xcb\x1c\x2a\x5d\x23\
\x2a\xcd\x67\x21\x3c\x05\xb8\x44\x0e\x41\xf2\xda\x55\x1b\x8a\x9d\
\x47\x17\xcb\x59\x72\xbf\xbd\x3f\x47\xa7\xdc\xec\xfc\x8d\xb0\xf1\
\xa7\x5e\x3c\xf8\x67\xcc\xba\xae\xab\xd5\x7e\xaa\xeb\xcc\xe4\x65\
\x38\x1f\xad\x56\x95\xb2\x7e\x94\xe5\x9c\x4c\x99\x0d\x91\xeb\x51\
\x4e\x70\x0f\xbe\x69\x9a\x46\x36\x20\x98\xf3\xf5\xaa\xb3\xa9\x3e\
\xf9\xe6\xac\xdb\x5b\x4b\xa9\x6a\x30\x5a\xdb\xc3\x35\xd5\xd5\xd4\
\x8b\x14\x30\x42\x86\x49\x66\x76\x38\x0a\xaa\x39\x66\x27\x18\x00\
\x12\x4d\x73\x3f\x1e\x2e\xf4\xef\x0f\xf8\x2a\xe7\x4a\xfe\xdc\x57\
\xf1\x34\xd7\x11\xc7\x36\x9b\x63\x02\xdc\xc7\x6d\x08\xc9\x91\x6e\
\x2e\x83\x84\x8a\x5c\xec\x1e\x54\x42\x56\xff\x00\x58\xb2\x98\x59\
\x76\xb7\x35\x4a\x96\xd3\xa9\xeb\xe5\xb9\x7d\x4c\x5d\x65\x4a\x1b\
\x75\x7d\x8e\x7f\xe2\xbf\x8e\xf4\xfb\x4f\x0a\xdf\x59\xc1\x74\xb3\
\x5f\xdc\xa8\x81\x62\x83\xf7\x98\x56\x38\x7c\x91\xc0\xf9\x72\x31\
\xd7\x24\x71\xdc\x7d\x09\xff\x00\x04\x80\xf8\xc3\xfb\x39\xfe\xc2\
\x9f\xb4\x87\x8c\xbc\x55\xfb\x4b\x78\x67\xc4\xba\xf7\x8c\xbc\x05\
\x1a\x8f\x08\xe9\x56\x7a\x74\x3a\xa5\x8d\xae\xa5\x13\x38\xb8\x12\
\x27\x98\x13\xed\xc8\xc1\x16\x16\x94\x88\x61\x65\x95\x8b\x2c\xab\
\x1b\x2f\x84\xfe\xc2\x7e\x25\xd1\x7e\x18\x7e\xd5\xfe\x11\xf1\xc7\
\x88\x74\x0b\xaf\x14\x68\xff\x00\x0d\xde\xe3\xc6\x4f\xa3\x5b\x5c\
\xad\xab\x6a\x53\x69\xb6\xf2\xde\x5b\x44\x64\x28\xe1\x23\xfb\x4c\
\x30\x99\x09\x46\xfd\xda\xb8\xc7\x35\xf6\x37\xec\x75\xff\x00\x04\
\x4c\xf8\x59\xfb\x55\x7c\x3a\xf0\xbf\xc5\x48\x7c\x7d\xe3\xc8\xfc\
\x0b\xe2\xa8\xe4\xb9\x1e\x19\x91\x6d\x9f\x54\xb3\x9a\x29\xe4\x82\
\x6b\x79\xb5\x30\xa1\x66\x0b\x2c\x4e\x0c\x8b\x69\x13\x3a\xe0\x8d\
\x84\xe4\x7e\x69\xc6\x9c\x51\x80\xcb\xa9\x4e\x19\xac\xe5\x0a\x72\
\x49\x27\x14\xdb\x72\x77\x7c\xaa\xd7\xb3\x6a\x2f\x7b\x26\xba\xa3\
\xf6\x7e\x19\xe1\x5a\xd3\x7e\xc7\x02\xb9\xa5\xbb\xbb\x4b\x4d\x13\
\x7d\x34\x5a\x77\x7e\xa7\x87\xff\x00\xc1\x44\x6d\x74\xdf\x8f\xa9\
\xa4\xfe\xd4\xfe\x15\xf0\xf5\xc7\x84\x7c\x1b\xf1\x9b\x5f\xd5\x74\
\xfb\xcf\x0e\x48\xc2\x74\xf0\xc6\xaf\x6b\x20\x69\x16\x3b\x80\x91\
\xa4\xb1\xde\xab\x3d\xde\x55\x06\xc9\xcd\xe2\x12\xdb\x03\xb7\xcd\
\x7f\xf0\x90\x2a\xfc\xb0\xfc\xcd\x8e\xb5\xfb\x53\xff\x00\x05\x5f\
\xfd\x9a\x7c\x37\x6d\xff\x00\x04\x7d\xf1\x97\x86\xfc\x33\xa2\xd8\
\xe8\x7a\x3f\xc2\xf4\xd3\xf5\xcd\x0a\xca\xdf\xe4\x86\xc8\xc1\x79\
\x1c\x52\xe0\xb1\x25\x9d\xe0\xb9\xba\x05\x98\x97\x92\x49\x49\x25\
\x99\x89\x3f\x87\x9a\x67\xca\x15\xbb\xb0\xae\x3f\x0b\xf8\xe2\x79\
\xfe\x51\x52\x6a\x3c\xbe\xca\xa4\xa0\x93\x77\x7c\x96\x52\x85\xdf\
\x75\x19\x24\xfc\xd1\xeb\x71\x46\x46\xf2\xdc\x4c\x68\xc9\xdd\xb8\
\xa6\xdf\x4b\xf5\xb1\xbd\x69\x3b\x5c\x49\xba\x43\xb9\xbd\xeb\x62\
\xc9\xb0\x3e\x9d\x2b\x9f\xb3\x9c\x2e\x3e\x9c\xfe\x95\xdf\xfc\x26\
\xf8\x51\xae\x7c\x58\xba\x2b\xa4\xda\xff\x00\xa2\x42\xdb\x67\xbd\
\x9b\xe5\xb6\x80\xfa\x16\xfe\x26\xe7\xee\xae\x4f\xb0\x1c\xd7\xdd\
\x7b\xcd\xdb\xa9\xf2\xf2\xec\x8a\xd6\xd2\x84\x4c\xb1\xdb\xdf\x93\
\x5e\xa3\xf0\xd7\xe0\x06\xb1\xe2\xc5\x8e\xf3\x51\xf3\x34\x7d\x39\
\xb9\x5f\x31\x7f\xd2\x27\x1f\xec\xa1\xfb\xa0\xfa\xb7\xe0\x08\xaf\
\x49\xf8\x6b\xfb\x3f\x68\xbf\x0d\xd6\x3b\x86\x5f\xed\x4d\x55\x46\
\x7e\xd7\x70\x9c\x46\x7f\xe9\x9a\x72\x13\xea\x72\xde\xfd\xab\xbe\
\xdb\xf3\x7c\xdf\x37\x3d\x4d\x77\x52\xc2\xff\x00\x39\x8b\x31\xbc\
\x2d\xe0\x3d\x3b\xc1\xb6\x5e\x4e\x9d\x6c\xb0\x86\x1f\x3c\x84\xee\
\x96\x5f\xf7\x9b\xbf\xd3\xa7\xa0\x15\xa6\x2d\xc4\x7d\x7a\xd5\x87\
\xda\x8b\xeb\x50\x4a\xf9\xff\x00\xeb\x57\x52\x8a\x5b\x12\x44\x5b\
\xb0\xfd\x2a\x37\x7e\xff\x00\x85\x0e\xfb\x47\xe1\x50\xb4\x9f\xe7\
\xb0\xaa\x34\x15\x9f\x07\xeb\x51\x33\x6d\x3d\x3f\x0a\x1a\x4c\x1f\
\x5a\x5b\x5b\x49\x2f\x65\xdb\x1a\xee\x6f\x5f\x4f\xa9\xa9\x93\x49\
\x5d\x81\x1b\xc9\xea\x71\x5d\xdf\xec\xf5\xa1\x6b\x57\x7e\x3d\xb2\
\xbf\xb4\x85\x57\x46\xc4\xb0\x6a\x13\xcc\x76\xab\xc6\x63\x62\xa2\
\x3e\x32\xce\x25\x58\xba\x70\x06\xec\x91\x55\xfc\x29\xe0\x5b\x38\
\x5d\x66\xbe\x0b\x79\x20\xe4\x21\x1f\xba\x5f\xa8\xfe\x2f\xc7\x8f\
\x6a\xf4\xad\x1f\x5f\xfb\x29\x45\xfb\xaa\xbf\x28\x0a\x38\x51\xed\
\x5e\x16\x33\x34\xe4\xd2\x86\xfd\xc3\x15\x92\x61\xb3\x0c\x2c\xf0\
\x98\xc5\x7a\x73\x56\x6b\x6d\x1f\x9f\x4f\x27\xba\x67\xb3\x78\x4a\
\x0b\x3d\x35\xd5\xe3\x5d\xd2\xff\x00\xcf\x46\xea\x3e\x9e\x95\xe9\
\x1e\x18\xf1\x06\xc2\xbf\x35\x78\x97\x86\xbc\x40\x93\xc4\x8c\xae\
\x18\x7a\x83\x5d\xbe\x87\xad\x91\xb7\xe6\xaf\x80\xcc\xa9\xd5\xaf\
\x37\x3a\xad\xb7\xe6\x76\x65\xf9\x4e\x0b\x2d\xc3\x2c\x2e\x02\x9c\
\x69\xd3\x5d\x12\xb7\xcd\xf5\x6d\xf5\x6e\xed\xf5\x67\xb8\x68\x9e\
\x25\xfb\xbf\x37\xeb\x5d\x66\x8d\xe2\x6e\x3e\xf7\xeb\x5e\x23\xa2\
\x78\x88\x8d\xbf\x37\xd6\xba\xcd\x23\xc4\x87\x23\xe6\xaf\x9d\xab\
\x85\xb6\x8c\xdb\xdb\x3b\xd8\xf6\x8d\x37\xc4\x99\x03\xe6\xae\x83\
\x4c\xf1\x0f\x03\xe6\xfd\x6b\xc7\x34\xbf\x13\xe0\xfd\xea\xe9\x74\
\xdf\x14\x02\x01\xdd\xfa\xd7\x9d\x5b\x0c\x6b\x0a\x87\xad\xd9\xf8\
\x8b\x6b\x0f\x9a\xb1\x3e\x27\x7c\x20\xf0\xd7\xc6\x8b\x52\xda\x9c\
\x2d\x6b\xaa\x2a\xed\x8b\x52\xb6\xc2\xdc\x2f\xa0\x7e\xd2\x2f\xb3\
\x74\x1d\x0a\xe7\x35\xcd\xd8\x78\x9f\x81\xf3\x7e\xb5\xaf\x6b\xe2\
\x9c\x0c\xee\xef\xda\xb9\x68\x57\xc4\x61\x2a\xaa\xd4\x24\xe3\x25\
\xd5\x7f\x5f\x81\x19\x8e\x59\x82\xcd\x30\xb2\xc1\xe3\xe9\x46\xa5\
\x39\x6f\x19\x2b\xaf\x5f\x26\xba\x35\xaa\xdd\x34\xcf\x9d\x7e\x2e\
\x7e\xcf\x1e\x28\xf8\x45\x14\x97\x52\x42\xba\xbe\x8a\x9c\xff\x00\
\x68\xd9\x29\x2b\x1a\xfa\xcb\x1f\x2d\x1f\xb9\x39\x5e\x7e\xf1\xaf\
\x34\x9b\x55\x59\x57\x3b\xbf\x5a\xfb\xaa\xcb\xc5\xcd\x0b\x65\x64\
\xfd\x6b\xc4\xff\x00\x68\xdf\xd9\x6a\xcb\xc6\x1a\x5d\xd6\xbf\xe0\
\xcb\x64\xb1\xd7\x2d\xd0\xcf\x3e\x97\x02\xe2\x1d\x48\x0e\x5b\xca\
\x41\xf7\x26\xc7\x45\x5f\x95\xcf\x18\x0c\x72\x7f\x50\xe1\xdf\x11\
\xa3\x56\xa4\x70\x99\xa2\x51\x6e\xc9\x4d\x68\x9b\xfe\xf2\xe9\xea\
\xb4\xee\x92\xd4\xfe\x55\xf1\x13\xe8\xeb\xf5\x6a\x33\xcc\x78\x69\
\xb9\xc1\x5d\xba\x32\xd6\x49\x7f\xd3\xb9\x6f\x2b\x7f\x2c\xbd\xee\
\xd2\x93\xb2\x3e\x6d\xd4\x6f\x32\x8d\xcf\xeb\x5c\xfd\xaf\x8e\xb5\
\x7f\x00\x6b\x7f\xda\x5a\x0e\xa9\x7d\xa3\xdf\x85\xd8\x66\xb4\x98\
\xc6\x64\x4e\xe8\xe0\x70\xe8\x7b\xab\x02\xa7\xb8\x35\x19\xd7\x16\
\xea\x10\xca\xd9\x0c\x32\x3d\xeb\x9e\xd7\xf5\x1c\xa3\x7b\xd7\xea\
\x95\x22\xa4\x9c\x24\xae\xba\xae\x87\xf3\x7e\x5b\x85\x74\x6a\xc6\
\xb5\x26\xe3\x25\xaa\x69\xd9\xa7\xdd\x35\xaa\x7e\x85\xbf\x13\xfe\
\xd3\x5a\x80\x42\x75\x2f\x03\xfc\x34\xd7\x26\xce\x5e\xe6\x4d\x32\
\xe7\x4c\x96\x4f\xa8\xd3\xee\x6d\xa2\xcf\xbf\x97\x9a\xe0\x75\xdf\
\xdb\x5f\x54\xd0\xd2\x5f\xec\x9f\x86\xdf\x0a\x34\xbb\x86\x18\x5b\
\x99\xac\xb5\x1d\x51\xe2\x3e\xab\x1d\xed\xec\xd0\x1f\xa3\xc4\xc2\
\xb3\x7c\x5f\xa8\xe5\x5f\x9a\xf2\x9f\x16\x5e\x02\xef\xfa\xd7\x95\
\x2c\x0d\x26\xec\xaf\x6e\xdc\xd2\x4b\xee\x4e\xdf\x2b\x58\xfd\x6f\
\x23\xcc\xb1\x35\x26\xbd\xb7\x2c\x9f\x77\x08\x39\x7f\xe0\x4e\x3c\
\xd7\xf3\xbd\xca\x3f\x1a\x3e\x2f\xf8\xbb\xe3\x96\xa9\x6d\x75\xe3\
\x2f\x12\x6a\x5e\x20\x6d\x3f\x22\xca\xde\x62\xb1\x58\xe9\xc0\xf0\
\x45\xb5\xac\x41\x20\xb7\x07\x1c\x88\xa3\x40\x71\xce\x6b\x8f\xd1\
\xf5\xcb\xcf\x0d\xf8\x87\x4f\xd4\x34\xbb\xcb\x8d\x37\x54\xd3\x6e\
\xe1\xbc\xb2\xbb\xb7\x6d\xb2\xda\xcf\x1b\xab\xc7\x2a\x1e\xcc\xae\
\xaa\xc0\xf6\x20\x54\x9a\xd5\xf6\x19\xab\x06\x3b\xef\xf4\xf8\x7f\
\xeb\xa0\xfe\x62\xbd\x0a\x31\x84\x20\xa9\x45\x25\x1e\xc9\x69\xf7\
\x1f\xaf\xe1\x23\x3a\x94\xfd\xac\xdb\x6e\xdb\xb7\xae\x87\xd7\xfe\
\x25\xf1\x06\x9f\xf1\x97\xe1\xe2\xfc\x4a\xf0\xf6\x9f\x6b\xa5\x79\
\x53\x43\xa7\xf8\xcb\x46\xb3\x1b\x60\xd0\xb5\x39\x03\x79\x77\x50\
\x27\x58\xec\x6f\x36\x33\x46\x3e\xec\x33\x2c\xd0\xe4\x28\x8b\x76\
\x27\x81\xbe\x37\x78\x93\xe0\xf7\x88\x8e\xb5\xe1\x4d\x5e\x6d\x0f\
\x58\x5b\x79\x6d\xa3\xbd\x82\x38\xda\x68\x52\x45\x2a\xfb\x0b\xab\
\x6c\x62\xa4\x8d\xeb\x86\x19\x38\x22\xbc\x6b\xe0\xcf\xc6\xbb\xcf\
\x82\x1e\x3c\x5d\x66\xd6\xce\x0d\x5e\xc2\xea\x07\xd3\xb5\xad\x1a\
\xe6\x46\x8e\xdb\x5e\xd3\xe5\x2b\xe7\x5a\x4a\xcb\xca\x86\xda\xac\
\x92\x0f\x9a\x29\x63\x8a\x45\xf9\x90\x57\xa3\xfc\x53\xf0\x95\xa7\
\x84\x6e\x34\xbd\x4b\x43\xbc\xbb\xd5\xfc\x15\xe2\xbb\x76\xd4\x3c\
\x37\xaa\x5c\x46\xa9\x35\xcd\xba\xbe\xc9\x20\x9c\x29\x2a\x97\x76\
\xf2\x66\x19\xe3\x07\x01\x80\x75\xfd\xdc\x91\xb3\x14\x68\x41\x4b\
\xea\x75\x92\x71\x7f\x0d\xf5\x4d\x75\x8b\xbe\xed\x79\xef\x1e\xed\
\x49\x9f\x37\x98\x61\x25\x19\x2c\xc3\x08\xdc\x5a\x7e\xf5\xb4\xe5\
\x7d\x24\xad\xb2\x6f\xb6\xd2\xd3\x44\xe2\x8c\xfd\x2b\xc1\x37\x7f\
\x12\x2f\xf5\x9d\x52\xeb\x52\xc7\xd9\x4a\xdd\xea\x97\xf7\x72\x9b\
\xab\xc9\xda\x57\xdb\xb8\x29\x6d\xf3\x48\xcd\xd5\x99\x82\x82\x46\
\xf9\x14\xb2\xee\xd4\xb1\xb7\xb3\xf0\xb4\x6c\x9a\x45\xbb\x59\xb3\
\x29\x49\x2e\xdd\xfc\xcb\xc9\xc1\xe0\x83\x26\x06\xc5\x3c\x8d\x91\
\x85\x04\x1c\x36\xf2\x37\x57\x3b\xe1\xff\x00\x16\x4d\xe1\x6d\x62\
\x3b\xbb\x75\x8e\x42\x01\x49\x62\x7f\xf5\x77\x11\xb7\x0f\x1b\x7b\
\x11\xe9\xc8\x38\x23\x04\x02\x3a\x9d\x5e\x08\x25\xb7\x86\xf6\xc5\
\xda\x4d\x36\xf8\x16\x81\x9b\x1b\x90\x8f\xbd\x1b\xff\x00\xb6\xa7\
\x83\xeb\xc1\x1c\x11\x5e\xb5\x1a\x70\xbd\xa5\xf2\x5d\x0f\x97\xc7\
\x4a\xac\x63\xcd\x17\xeb\xdc\xcb\x76\x11\xa7\x1f\x28\xf4\x02\xab\
\x4d\x29\x27\xeb\x53\x4e\xdb\xcf\x14\xdb\x5b\x19\x75\x0b\xa8\xe1\
\x86\x29\x26\x9a\x67\x09\x1c\x71\xa9\x66\x76\x27\x00\x00\x39\x24\
\xfa\x0a\xee\x3c\x45\x13\x6b\xe1\x36\xb7\xe1\xff\x00\x0e\xfc\x47\
\xd2\xef\xfc\x59\xe1\x76\xf1\x9f\x87\x6d\x9d\x8d\xee\x8c\xba\x94\
\xba\x69\xbc\x05\x19\x57\x13\xc4\x0b\xae\xc7\x2a\xf8\x1f\x7b\x66\
\xd2\x40\x24\xd7\xb7\xf8\x93\xe3\x2f\xc3\x3d\x1f\xc5\x17\xfa\xcf\
\xc3\xaf\x86\xd1\xf8\x2f\x4d\x5b\x65\x69\x67\xd4\xf5\x5f\x35\x6c\
\x80\x5c\x3b\xef\x7d\xc5\x10\xf7\x1e\x60\x04\xf2\x4f\x38\x1f\x2a\
\x78\xff\x00\xe3\x87\x86\xfe\x10\xb4\x96\xf2\x37\xfc\x24\xbe\x20\
\x8f\x2b\xfd\x9b\x63\x38\x5b\x7b\x56\xe9\x8b\x9b\x90\x19\x41\x07\
\xac\x51\x87\x7e\x0a\xb1\x88\xf3\x5f\x3c\xfc\x5b\xf8\xb7\xe2\x6f\
\x8c\xf7\x0b\xfd\xb9\x7c\x3f\xb3\xe1\x7d\xf6\xfa\x65\xa2\x98\x6c\
\x2d\x8f\x62\xb1\xe4\xee\x61\xfd\xf9\x0b\x3f\xfb\x55\xf2\xb9\xf7\
\x0d\xe0\x73\x76\x96\x37\x9a\x51\xb7\xc2\xa7\x38\xc1\xf5\xd6\x31\
\x69\x3f\x9e\xff\x00\x23\xf6\x0f\x0f\x33\xac\xeb\x22\x97\xd6\x30\
\x1c\x94\xa7\xd2\x72\xa7\x09\x54\x57\xb2\xf7\x5c\xa2\xdc\x76\xdf\
\xa5\xdd\xb7\x67\xd2\xff\x00\x1d\xbf\xe0\xab\xcf\xa0\xbc\xd6\x1e\
\x04\xb3\xd3\x75\xcd\x4b\x94\x6d\x56\xee\xd8\x9d\x3a\xd8\xfa\xc5\
\x13\x7c\xd3\x30\xe7\x05\xb1\x1e\x40\x3f\xbd\x52\x45\x77\x3f\xf0\
\x4b\xef\x8c\xfe\x2e\xf8\xc7\xe1\x7f\x88\x9a\xe7\x8c\x7c\x43\xa9\
\xf8\x8b\x51\x6d\x4a\xd2\x28\xe6\xbb\x93\x2b\x6e\x82\x29\x0f\x95\
\x14\x6a\x02\x43\x10\xce\x44\x71\xaa\xa2\xe4\xe1\x46\x4d\x7e\x7c\
\xcf\x66\xb1\x8f\x4f\xe9\x5f\x57\x7f\xc1\x3a\x3f\x6a\xcf\x86\x7f\
\x04\xbe\x19\xea\x5e\x1b\xf1\x17\x89\xa3\xd1\x7c\x4d\xaf\xf8\x87\
\xcd\x54\xb9\xb3\xb8\x16\xe6\x33\x0c\x31\x45\x9b\x85\x43\x0a\x28\
\x65\x72\x4c\x8e\x80\x6e\xe7\x81\x9a\xfc\xc7\xc4\xde\x15\xcb\xf0\
\x5c\x2f\x5b\x0f\x93\xe0\xe2\xa7\x29\x42\xfc\x90\x5c\xd6\x52\x52\
\x6d\xb4\xaf\x64\x91\xfd\x4b\xe0\xbf\x16\x63\xf3\x1e\x2f\xa1\x57\
\x3d\xc7\x4a\x50\x8c\x67\x67\x56\xa3\xb5\xda\xe5\x49\x73\x3e\x54\
\xdb\x7a\x25\x6f\x43\xee\x4b\x9d\x57\x0f\xf7\xab\xe1\xbf\xf8\x2a\
\x67\x81\x64\xd6\xff\x00\x68\x7f\x04\x78\x93\x51\x94\xe9\xfe\x1a\
\x5d\x0a\x3b\x07\xbb\x57\x5f\x3a\xea\xe5\x2f\x26\x93\xec\xd6\xe8\
\x4e\x5a\x52\x25\x42\x5b\x1b\x23\x56\xdc\xc7\xee\xab\x7d\x89\x79\
\x71\x27\xda\x3c\xb5\x56\xdd\x9d\xa0\x01\xce\x7e\x95\xf9\xcb\xfb\
\x78\xfc\x68\xd3\xfe\x36\xfe\xd2\xd6\xad\xa3\xcf\x1d\xe6\x8f\xe1\
\x1b\x68\xf4\xa8\x6e\xa3\x60\xf1\xdd\xcc\x25\x69\x27\x91\x08\xea\
\x9b\x98\x46\x08\xe1\xbc\x9d\xc0\x90\xc0\xd7\xe4\x9e\x0e\xe5\xd5\
\xaa\xe7\xd1\xab\x4d\x7b\xb0\x8c\x9c\x9f\x64\xd5\x92\xf5\x6d\xe9\
\xe8\xfb\x1f\xd3\xde\x3b\x7b\x0c\x2f\x0d\x7b\x2a\xcf\xdf\xa9\x38\
\x72\x2e\xed\x3b\xb7\xe8\x95\xef\xe6\xd7\x74\x7a\xc5\xb7\x88\x63\
\xd7\x13\xcc\x8d\x91\x63\xc9\x2a\x8a\x78\x4f\xfe\xbf\xb9\xab\x09\
\x2f\x15\xe5\xb6\x57\xf3\x69\xd3\x97\x86\x46\x47\xcf\x6e\xff\x00\
\x85\x75\x5a\x2f\x8e\x92\x70\xb1\xdd\x2f\x96\xfd\x37\xaf\xdd\x3f\
\x51\xda\xbf\xaa\x7d\xba\xbd\x99\xfc\xa3\xea\x75\x1e\x61\x3d\xff\
\x00\x2a\x6c\x72\x83\xf2\xbf\xf1\x77\xaa\xeb\x72\xb3\x0d\xc8\xca\
\xca\xdd\x08\xe7\x34\xa4\xee\x3d\x6b\x48\xca\xe5\x59\x12\xcb\x19\
\x89\xbd\xbd\xaa\x3c\xf1\x9a\x22\xb9\xdb\xc3\x7d\xd3\xfa\x52\xdc\
\x45\xb1\x37\x0e\x55\xbb\xd5\x01\x04\x9c\x9a\xab\x2c\x98\xfe\x75\
\x62\x46\xc0\xae\xb7\xf6\x78\xf8\x6b\x63\xf1\x43\xe2\x6c\xb6\x7a\
\xa0\x99\xf4\xfb\x1b\x19\x2f\x24\x8a\x37\x31\x99\xd8\x3c\x71\xaa\
\x16\x1c\x81\xfb\xcc\x9c\x10\x7e\x5c\x64\x66\xb3\x93\x4b\x56\x72\
\xe3\x71\x90\xc3\x50\x95\x7a\x97\xb4\x55\xf4\x38\xab\x2d\x3a\x6d\
\x5a\x5d\xb0\xa3\x3f\xab\x76\x5f\xad\x7a\x77\xc2\x2f\x87\x56\x3e\
\x45\xc5\xd5\xda\xfd\xa2\xe2\x17\x50\xb9\xfb\x8b\x90\x4f\x4f\x5f\
\x73\x5e\x99\xe2\xdf\xd9\xc2\xd5\x2d\x37\x78\x77\x65\x99\x8c\x71\
\x69\x21\x26\x36\xff\x00\x75\xce\x48\x3f\xef\x67\x3e\xa2\xa0\xf8\
\x37\xe3\xff\x00\x07\xfc\x08\xd2\xfc\x45\x27\x8d\x3c\x27\xac\x78\
\xa3\xc5\x4b\x24\x23\x45\xd0\xe5\x9c\xd9\xe9\x6d\xf2\xbe\xeb\x8b\
\xc9\x54\xf9\x8e\x8a\xdb\x76\xc7\x1e\x04\x98\x20\x90\xa7\x2a\x3a\
\x91\x54\xbd\xa5\x34\xe5\x2d\x34\x56\xbe\xbe\xad\x2f\x56\xdd\x91\
\xf8\x7f\x12\x71\x2e\x2b\x30\x9f\xb0\x76\xa5\x4b\x7b\xbd\x6f\x6e\
\xed\x26\xfd\x12\x57\xbe\x9a\x9d\x5f\xc3\xbf\x83\x5a\x9f\x8e\xf4\
\x4b\xcd\x61\x5f\x4e\xd0\x7c\x2b\xa4\x9d\xba\x8f\x88\x75\x8b\x81\
\x67\xa5\x59\x1e\x3e\x43\x29\xff\x00\x59\x21\xc8\x02\x28\x83\xc8\
\x4b\x0c\x2f\x39\xac\xed\x6f\xf6\xa6\xf0\xef\xc1\x8b\xa6\x83\xe1\
\x45\x9b\xeb\x5a\xf4\x27\x03\xc6\xfa\xfd\x8a\x86\x81\x83\x64\x3e\
\x9b\xa7\xbe\xe4\x87\xa0\x22\x6b\xaf\x32\x5e\x4e\x12\x23\x5e\x61\
\xf1\x97\xe3\x7f\x8b\xbf\x68\x7d\x7a\xd6\xf7\xc5\x7a\x94\x73\x5b\
\xe9\xaa\x63\xd2\xf4\x9b\x28\x16\xd3\x49\xd1\x22\x3f\xf2\xca\xd2\
\xd5\x3e\x48\x97\x00\x02\x79\x76\x0a\x37\x33\x11\x9a\xe5\xc4\x3e\
\x5f\xf9\xe9\x45\x2c\xb6\xa5\x7d\x71\x8f\x4f\xe4\x5f\x0f\xfd\xbc\
\xf4\x72\xf4\xd2\x3d\x1a\x7b\x9f\x9f\xe2\xf3\xca\x74\x34\xc0\x2d\
\x7f\x9d\xfc\x5f\xf6\xea\xd5\x47\xd7\x59\x75\x52\x5b\x16\x35\xad\
\x5f\x50\xf1\x5e\xb9\x77\xab\x6a\xda\x85\xf6\xad\xaa\xea\x12\x79\
\xd7\x57\xb7\xb7\x0f\x3d\xc5\xcb\x9f\xe2\x79\x1c\x96\x63\xd0\x64\
\x9e\x95\x0c\x16\xcd\x71\x30\x8e\x15\x32\x48\xc3\x3b\x40\xcf\x1d\
\xcf\xd0\x7a\xf6\xab\xde\x1f\xd0\x9b\x5e\x9a\xe1\x7c\xef\x2d\x6d\
\x60\x37\x0c\x8a\x37\x4b\x38\x0c\xa0\xa4\x63\xbb\x61\xb7\x1c\xf4\
\x44\x76\xe7\x6e\xd2\x5c\x5c\xab\xdb\xb4\x36\xea\xb0\xdb\xb6\x09\
\x45\x39\xf3\x31\xd0\xb9\xea\xc7\xbf\x3c\x0c\x9c\x00\x38\xaf\x7e\
\x9c\x79\x57\x24\x34\x4b\xf0\x3e\x5e\x6e\x75\x3f\x79\x51\xbd\x7e\
\xf7\xf3\x29\xce\xd6\xfa\x77\x0d\xb6\xf2\x6f\xee\x2b\x11\x0a\x7f\
\xbc\xc3\x96\xfa\x2e\x07\x42\x1c\xf4\xae\xe7\xf6\x6c\xfd\x9a\xf5\
\xcf\xda\xb3\xc5\xd3\x45\x1c\xf2\x58\xf8\x6b\x45\xc3\xea\xba\x82\
\x20\x0b\x6a\xbd\x4c\x50\xae\x36\xf9\xac\x01\x3c\x8c\x20\xf9\xdf\
\x3f\x2a\xbf\x08\x34\xb7\xd4\xdf\xec\xf1\x47\x24\x92\x4c\x0a\x85\
\x88\x12\xe7\x8e\xd8\xaf\x42\xfd\xa1\xbf\x6d\xdd\x7b\xe2\x7f\xc3\
\x8f\x0b\x78\x33\x5a\x93\xc3\xeb\xa2\xf8\x36\x13\x1d\x9e\x8b\xe1\
\xeb\x25\xb0\xd3\x8c\x98\x00\x4d\x70\x88\xc6\x39\x26\x03\x38\xd8\
\x02\x29\x67\xc2\xa9\x66\x27\xc8\xcf\x23\x98\x4e\x87\xb0\xcb\x26\
\xa1\x52\x77\x5e\xd1\xae\x6f\x66\xbb\xa8\x68\xa4\xfa\x2b\xb4\x93\
\xb3\x77\x4a\xcf\xe8\x38\x66\x9e\x5e\xab\xfb\x6c\xca\x0e\x74\xa1\
\x67\xec\xd3\xe5\x55\x1f\xf2\xca\x7a\xb4\x96\x8d\xe8\xdb\x57\x4b\
\x96\xf7\x5f\x45\x78\xe7\xf6\x93\xf0\x6f\xc0\x3f\x08\x47\xe1\x6f\
\x87\xb1\xe9\xf7\x8d\xa7\xc6\x62\x8a\x48\x1b\xcc\xd3\xec\x72\x7e\
\x67\x69\x73\xfe\x91\x29\x24\x93\xb4\x90\x58\x92\xef\x91\xb5\xbc\
\x87\xc2\xde\x67\x89\xb4\x4f\xed\x69\xae\x64\xbe\x9b\x54\x9e\x5b\
\x99\x6e\x5d\xb7\x34\xee\x5c\xa9\x62\x7f\xe0\x38\xe3\x81\x8c\x0c\
\x00\x2b\xe5\x3f\x10\xfc\x4d\xba\xd5\xa4\x3e\x6c\xdb\x50\x7d\xd8\
\xd3\x85\x15\xf4\xf7\xec\x7b\xad\xda\xf8\xfb\xe0\x3d\x8c\x36\xf7\
\x56\xb2\x6a\x1a\x4d\xc5\xcd\xb5\xd5\xb8\x9d\x7c\xe8\x81\x99\xe5\
\x46\x2b\x9c\x85\x2b\x20\xc3\x63\x04\xab\x01\xd0\xe3\xe1\xf2\x5e\
\x01\xcb\x78\x6f\x07\x25\x84\xbc\xea\xd5\x95\xea\x55\x9b\xbc\xe6\
\xf5\x6e\xef\xa2\xbb\xbd\xbb\xea\xdb\x7a\x9f\xac\xe3\xb8\xdf\x30\
\xcf\xb1\xb1\x78\x8b\x42\x95\x38\xb5\x4e\x9c\x15\xa1\x05\xa2\xd1\
\x75\x76\xd2\xfd\x16\x89\x25\xa1\xb4\xba\x48\xcf\xdd\xaf\x99\xbf\
\xe0\xa0\x7f\x09\xa3\x82\xfb\x47\xf1\x52\xc2\xaf\x0d\xf0\xfe\xcc\
\xbb\xc8\xe9\x2a\x06\x78\x9b\xea\xc8\x24\x5f\xfb\x64\xbe\xb5\xf4\
\x6f\xc5\xbf\x8f\x7f\x0e\x7e\x01\x58\xbc\xfe\x32\xf1\xb7\x87\xf4\
\x99\x11\x4b\x25\x8c\x77\x2b\x77\xa8\xcf\xe9\xb2\xd6\x2d\xd2\x9c\
\x9e\x37\x15\x0a\x0f\x56\x03\x9a\xf8\x57\xf6\x83\xfd\xbb\x6f\x3f\
\x6a\xbf\x15\xa6\x97\xa4\x69\xb7\x1a\x07\x81\xf4\xb6\x37\x36\xb6\
\xd7\x2c\xad\x7b\xa8\xca\x3e\x55\xb8\xb9\x2a\x4a\xa6\x15\x98\x2c\
\x48\x4a\xae\xe6\x25\xa4\x3b\x4a\xfb\x99\x7d\x36\xab\x2e\x5f\x9f\
\xa1\x7c\x98\x99\x42\x55\xa3\x74\xa3\xad\xf6\xfb\xbb\x9e\x6b\xa9\
\x78\x3e\x06\x05\xa1\x55\xff\x00\x74\xff\x00\x8d\x57\xd1\x75\x7d\
\x53\xc1\xb3\xf9\x9a\x5e\xa1\x7b\xa6\xc8\xa7\x91\x13\x95\x56\xff\
\x00\x79\x3e\xeb\x0f\x62\x0d\x6d\xbc\xc4\xd5\x2b\xe2\xb2\xaf\xcc\
\x37\x7a\x1a\xf4\x31\x59\x7f\x36\xb4\xf4\x67\xab\x94\xf1\x55\x4a\
\x72\x54\xf1\x5e\xf2\xef\xd5\x7f\x9f\xe6\x7d\x9d\xf0\x9e\xf6\x4d\
\x73\xe1\x57\x86\xef\xee\x36\xfd\xa7\x50\xb0\xb7\xb9\xb8\x2a\x81\
\x56\x49\x4a\x0d\xcd\x81\xc0\xe7\x3f\x4a\xf1\x7f\x8e\x7f\xb0\xe6\
\xa5\xf1\x7b\xe2\xc6\xb9\xe2\x85\xf1\x55\xac\x32\x6b\x73\xac\xc6\
\x19\x74\xe2\x4c\x21\x51\x63\x54\xdc\xb2\x7c\xd8\x54\x51\x9c\x0c\
\xe3\xa5\x7b\x5f\xc0\x0b\x4f\xb4\x7c\x14\xf0\x8e\x39\x0d\xa6\xc2\
\x01\xaf\x45\xb5\xf0\x9b\x19\xd5\x4a\xf5\x3c\x57\x83\xf5\xaa\xb4\
\xaa\x39\x45\xeb\xb7\x73\xdd\xa9\x9a\x38\x54\x72\x8c\xb7\xfc\xbe\
\x67\xcb\x1f\x0d\x7e\x01\x7f\xc3\x3e\xd9\xdd\xe9\xb3\x6a\x49\xaa\
\xdd\x5e\x48\x97\x33\x4c\x96\xe6\x05\x4f\x97\x0a\x81\x4b\x31\x38\
\xeb\x9c\x8c\xee\xe9\xc6\x4f\x4b\x23\xf3\x55\xf5\xdf\x8a\x7a\x6f\
\x8c\x7e\x28\xf8\xa2\xc6\x29\x7c\xbb\xad\x2b\x56\xb9\xd3\xbc\xa6\
\x3f\xeb\x45\xbc\x8d\x06\xf4\xfe\xf0\x6f\x2f\x3c\x72\x33\x41\x9b\
\x78\xaf\x6a\x2e\x4e\x0a\x4d\xeb\x63\xeb\x30\x92\xbd\x18\xbf\x21\
\xce\xdf\x37\xf3\xa8\x5d\xf8\xff\x00\xeb\xf5\xa7\x17\x03\xbd\x42\
\xec\x07\xe1\x41\xb3\x43\xb7\xff\x00\xbd\xf9\x54\x6c\xdc\xf7\xa6\
\x96\xe4\xd3\x49\xdd\xe9\xf9\xd7\x44\x75\x24\x1d\xb8\xef\xd6\xa3\
\x63\x81\x43\x10\x69\x85\xb9\xcd\x54\x40\x0b\x63\x93\x51\xbf\x20\
\x9a\x50\xdb\x85\x31\xdb\x77\x15\x46\x63\x1b\xee\xd4\x6d\xc9\xa5\
\x90\xe0\xd4\x45\xf1\x41\x0c\x42\x72\x69\x8c\xc4\x9a\x71\x38\xa6\
\x9c\x0f\xff\x00\x5d\x52\x24\x6b\x36\x4f\x7a\x8d\x9b\xe6\x3d\x69\
\xdc\x63\xb7\xe7\x51\xbb\x7e\x3e\x9c\xd5\x08\x6b\x9c\x53\x58\xed\
\x3e\xf4\x6e\x04\x9a\x69\x6c\x73\x59\xb2\x65\x2e\x83\x5c\xe1\x69\
\xbd\x28\xfa\xd4\x6c\xdb\xbe\x94\x19\x86\x77\x1c\xd3\x5d\xb8\xa5\
\x76\xda\x2a\x32\x76\x82\x68\x00\x66\xdb\x4c\xeb\x41\x6d\xc6\x9a\
\xcd\x8a\x00\x0b\xe3\xd4\xd3\x3b\xf7\xa4\x1c\x0a\x5e\xbf\xfe\xba\
\x9f\x21\x88\x4e\x07\x7a\x68\x38\x3f\xe3\x4a\xc7\x26\x90\x54\x99\
\x49\x86\x73\x4d\x76\xed\xfd\x28\x76\xc0\xeb\x8a\x68\xa0\xcc\x07\
\x4a\x6c\xbd\x3f\x1a\x71\x38\x15\x19\x3b\x8d\x20\x1a\x78\xa6\xb9\
\xc9\xff\x00\x1a\x59\x5b\xb5\x37\xb5\x29\x6c\x67\x21\x1b\x85\xfc\
\x69\x8c\x70\xb4\xe9\x0f\xcd\x51\x48\xd9\xfe\x75\xcb\x23\x34\x7d\
\xd3\x11\xc8\xfc\x6a\x5c\x7f\x9c\x55\x78\x5b\xe5\xfd\x6a\x44\x3b\
\x6b\xb1\x68\x7f\x2f\xc6\x36\x64\x9d\x29\xa7\xaf\x34\x9b\xb3\x48\
\x7e\x55\xab\x89\xd1\x18\x87\x7e\x69\x18\xe0\xe7\xf8\xa8\x12\x73\
\xcd\x27\x53\x4c\xe8\x8c\x43\xa0\xa8\xc9\xc9\xa1\x9b\x75\x35\x9b\
\x03\xeb\x55\x13\x68\xc4\x49\x0e\x4e\x3f\x3a\x63\x36\x05\x04\xe0\
\x53\x4f\xcc\x6a\x8e\x88\xc4\x2a\x36\x6c\x9a\x74\x87\x3c\x54\x46\
\x4c\x1f\x6a\x0e\x88\xc4\x1b\xf5\xfe\x54\x9f\x74\x50\x38\xa8\xd9\
\xb7\x56\x67\x54\x62\x0c\xdb\xa9\xa4\xed\xeb\xd6\x83\xdc\xf3\x8a\
\x6f\x53\x41\xb4\x62\x05\xb3\x4c\x91\xfa\x8f\xce\x95\xdf\x6d\x42\
\xc7\x23\xda\x83\x78\xa0\x2e\x69\x92\x1c\x71\xf9\xd2\xb1\xda\x7f\
\x95\x37\xa7\x5a\x0e\x88\x44\x69\xf9\x45\x46\xc7\x71\xff\x00\xeb\
\x51\x23\x72\xc6\x9b\xbb\x8a\x99\x1d\x31\x88\xa5\xb0\x31\xfa\xd3\
\x0c\x9f\x8d\x35\xdb\x70\xe2\x9a\x5f\x6d\x67\xcc\x96\xe7\x44\x50\
\x3b\x7a\xfe\x14\xd2\x73\xc9\xa4\x27\x03\x34\xc6\x6d\xdf\x4a\xca\
\x4e\xee\xe6\xb6\x07\x93\x23\x8a\x37\x6f\xa6\xbc\x9c\x1a\x8f\xcd\
\xdd\xea\x6b\x22\xe2\x3c\xc9\xb8\x7a\x54\x72\x39\x04\xfd\x29\x8f\
\x28\xef\xf9\x0a\x89\x99\x99\x4b\x6d\x6d\xa3\xa9\xc7\x4a\x0d\x22\
\x3d\xa4\xc7\xb7\xb9\xac\xfd\x6b\xc4\x76\xba\x1f\x94\x2e\x25\x3e\
\x75\xc6\x44\x10\xa2\x19\x26\xb8\x23\xae\xc4\x50\x59\xb1\x91\x92\
\x06\x14\x72\x48\x1c\xd3\x6f\x1e\xe6\xfa\xef\xec\x76\x92\x25\xb4\
\x86\x3f\x32\x49\xdd\x77\xb4\x6b\x9c\x7c\x8a\x78\x66\xeb\xcb\x7c\
\xab\xc1\x21\xfe\xed\x4d\xa3\xf8\x66\xd7\x43\x79\xa4\x85\x5a\x4b\
\xab\x8c\x7d\xa2\xe6\x66\x32\x4f\x71\x8e\x9b\x9c\xf3\x81\x93\x85\
\x18\x55\xce\x14\x28\xe2\x8e\x59\x74\x36\xa7\x04\xf7\x33\xe3\xb2\
\xd4\xfc\x47\xff\x00\x1f\x4d\x26\x8f\x66\xdf\xf2\xef\x04\x80\xdd\
\xc8\x3f\xdb\x95\x4e\x23\xcf\xa4\x44\xb0\x20\x11\x2f\x6a\xdb\xd2\
\x34\x4b\x6d\x1e\xc5\x6d\xed\x61\x8e\xde\x05\x25\x82\x46\xbb\x41\
\x27\x92\xc7\xd5\x89\xe4\x93\xc9\x3c\x92\x4d\x4f\x1c\x7b\x69\xc5\
\xb7\x0a\x7c\xb6\xd8\xea\x8a\xb6\xc3\x99\xf6\x8e\x2a\x37\x27\xf1\
\xa0\xb6\xda\x8d\x9f\x69\xf5\x34\x72\xb3\x64\x85\x3f\x28\xa6\x33\
\x16\x3d\xa8\xc6\xd3\x96\xa0\xb6\xe6\xa4\x5a\x43\x79\xae\x67\xe2\
\x57\xc2\x3d\x07\xe2\xaa\xc3\x36\xa9\x6f\x34\x3a\xa5\x98\x02\xcf\
\x56\xb2\x97\xec\xda\x85\x97\xa7\x97\x30\xe7\x68\xfe\xe3\x06\x4f\
\xf6\x73\x5d\x46\x31\x4d\x72\x07\xf8\x51\xa7\x53\x48\xc7\xa1\xe4\
\xf7\x7a\xbf\x8d\xbe\x0e\xc4\xdf\xdb\x96\xf2\x78\xdf\xc3\xb0\xf3\
\xfd\xb1\xa5\xdb\x63\x51\xb4\x4f\x5b\x9b\x41\x92\xe0\x77\x92\x1d\
\xd8\x00\x92\xa2\xba\x8f\x87\xff\x00\x1a\x73\x0d\xbf\x88\xbc\x23\
\xe2\x09\x13\x72\x32\x45\x7d\xa6\xdd\x14\x6d\xac\x30\xf1\x92\xa4\
\x1c\x10\x70\xc8\xdd\x41\x21\x87\x51\x5d\x68\x93\xc9\x60\xca\x48\
\x61\xc8\x22\xbc\xfb\xe2\x0f\xec\xff\x00\xa4\xf8\xb3\x56\x9b\x58\
\xd2\x6e\xae\xfc\x25\xe2\x59\xbe\x69\x35\x3d\x2c\x28\x17\x47\xfe\
\x9e\x60\x3f\xbb\x9f\xdc\xb0\x0f\xfe\xd8\xae\xea\x58\xea\x90\x8f\
\x24\xd7\x3c\x7b\x3d\xff\x00\xc9\xfa\x3f\xbc\xf9\xec\x6f\x0a\xe1\
\xaa\x4b\xdb\x61\x5f\xb2\x9f\x97\xc3\xf8\x6a\xbe\x5f\x71\x73\xc4\
\x5e\x3a\xf0\xfe\xae\xef\x2e\xad\xe0\x1f\x09\x5f\x5c\xc9\xf7\xae\
\x6c\x05\xc6\x8d\x37\xe1\x1d\xa4\x89\x6a\x0f\xb9\xb7\x24\xf5\x24\
\x9a\xe2\xf5\x9f\x18\xf8\x2b\x49\x0d\x24\x1e\x03\xd4\x2e\x24\xea\
\xb1\xde\xf8\xa1\xe4\xb7\xfa\x32\xc5\x6f\x14\x84\x7d\x25\x53\xef\
\xde\xa8\x6a\x3e\x0a\xf8\x99\xa1\xe6\x3b\x8d\x2f\xc3\xbe\x2a\x84\
\x64\x2d\xce\x99\x7d\xf6\x0b\x87\x1e\xad\x05\xc0\xd8\x18\xfa\x2c\
\xa4\x57\x33\xac\x68\x5e\x2b\xb9\x0c\xad\xe0\x9f\x12\x44\xc7\x82\
\x09\xb6\x90\x7e\x69\x33\x0f\xd6\xa6\xad\x6c\x3c\xa3\xfb\xb5\x28\
\xf9\x7b\xc9\x2f\xbb\x4f\xb8\xe7\xc3\xe5\x79\x94\x6a\x5a\xbc\x54\
\x97\x7f\x75\xb7\xea\xfe\x2f\xbc\xcf\xf1\xdf\xc6\x6d\x6b\x53\xd3\
\xae\xb4\xfd\x2e\x0d\x27\xc2\x3a\x5d\xd2\x3c\x33\xda\xe8\x50\x3c\
\x2d\x71\x1b\x0c\x3c\x52\xdd\x4a\xf2\xde\x4b\x13\x0e\xb1\x49\x3b\
\x46\x70\x3e\x5a\xf1\xed\x7d\xad\x74\x88\x54\x49\x24\x50\x86\x3b\
\x50\x31\x0b\x9f\x60\x2b\xb4\xf1\x97\x80\x3e\x25\xde\xa3\x47\xa3\
\xf8\x0f\x51\xdc\x7f\xe5\xb5\xd5\xcd\xb2\xed\xfa\x27\x9b\xfc\xcf\
\xe1\x5e\x6b\xa9\xfe\xc9\x9f\x16\x35\xcb\xa6\xb8\xba\xf0\x9e\xa5\
\x75\x3b\x75\x66\xba\xb7\x3f\x80\x1e\x67\x03\xd8\x57\x9b\x89\xcc\
\x1d\x0a\x7c\xb4\x29\x39\x4b\xd1\xdb\xef\xb6\xbf\xd6\xa7\xe9\x19\
\x76\x1e\x34\xa9\xa4\xed\x1f\x2d\x11\xee\x9f\xf0\x4e\x0f\x87\x8d\
\xf1\x9f\xf6\xb6\xd3\xfc\x0f\x04\x90\xc7\x77\xe3\xcf\x0d\xf8\xa3\
\xc3\x16\x6d\x29\xc2\x0b\xbb\xef\x0e\xea\x56\xd6\xa4\x9e\xd8\xb8\
\x96\x13\x9e\xd8\xaf\xb8\x3f\xe0\xda\x3f\x8e\x8b\xe3\x4f\x85\x7f\
\x10\x7e\x13\xde\x3f\x97\xaa\x78\x72\xfd\x3c\x53\xa6\xdb\xc9\xc4\
\xad\x69\x72\x12\xde\xe9\x42\xf6\x58\x6e\x23\x80\x9e\x3e\xf5\xed\
\x7c\x2d\xff\x00\x04\xee\xf8\x5d\xf1\x37\xe0\x9f\xed\xb9\xf0\x7f\
\xc4\x5a\x9f\x85\xf5\x2b\x3d\x37\x45\xf1\x86\x99\x25\xd5\xcb\x4d\
\x0b\x79\x16\xcd\x73\x1a\x4c\xc7\x6b\x92\x40\x8d\xdc\xf0\x3b\x57\
\xd6\xff\x00\xb7\xdf\xec\x7d\xf1\x23\xfe\x09\xdb\xfb\x60\x5e\x7e\
\xd5\x9f\x00\x11\xb5\x1d\x1e\xdb\x54\x9b\x5b\xf1\x0e\x83\x1c\x4d\
\x23\x69\x82\x72\x5a\xf9\x24\x89\x79\x97\x4d\x9f\x74\x85\xb6\x61\
\xad\xf7\xe4\x05\x58\xd2\x55\xfc\x3f\xc4\xaa\x94\xb3\x09\xd4\xca\
\x71\x5f\xbb\xfa\xc5\x28\x3a\x6e\x4a\xc9\x55\xa7\x39\x68\xfb\x73\
\x29\x25\x7f\xf3\x3f\x47\xe1\xda\xd5\x30\xee\x39\x8e\x15\x73\x2a\
\x6e\xd3\x4b\x57\xcb\x25\xbd\xbc\x8c\x1f\xf8\x2b\x1f\xc3\x0f\x8e\
\x1f\xb4\x5f\xc4\x0d\x76\x6b\x5f\x19\x5f\x78\xbb\xc0\x3a\x5e\xa7\
\x2c\xba\x5f\x83\x61\x55\xb1\x5d\x39\x23\x66\x58\xd8\x42\x98\x4b\
\xc9\x54\x6e\xc4\xb2\x13\x37\xce\x42\x02\x0e\x2b\xf3\xce\x69\x5b\
\x48\x9a\x68\xee\x96\x4b\x59\x2d\x58\xa4\xd1\xcc\xa6\x37\x85\x97\
\x82\xac\xad\x82\xa4\x77\x07\x91\x5f\xae\x5f\x09\x7f\x68\x5f\x0c\
\x7e\xd7\x9e\x01\xff\x00\x84\xef\xc2\x42\xea\x1d\x3f\x50\xbc\x96\
\x2b\x9b\x3b\xa0\x3c\xfd\x2e\xe7\xfd\x63\x5b\xc8\x57\xe5\x62\x15\
\x95\x95\x94\xe1\xd1\x95\xb0\xa7\x2a\xbe\x91\xfb\x32\xfe\xce\x3e\
\x02\xf8\x93\xfb\x48\x43\xe2\x3f\x12\x78\x3f\xc3\xfe\x20\xd7\x74\
\x3d\x26\x69\xec\x2e\xef\xec\xd6\x73\x04\x8b\x2c\x0a\x92\x15\x6f\
\x95\xd9\x01\x3b\x19\xc3\x18\xc9\x25\x36\x9e\x6b\xcb\xc8\xf8\xfa\
\x3c\x37\x97\x3c\x1e\x26\x82\x71\xa5\x1d\x14\x6d\x17\x74\xba\xe9\
\x67\x77\xbc\xb7\xeb\xa9\xfb\xa7\x19\x78\x3f\x97\x66\x99\x7a\xe2\
\x0c\x87\x12\xd4\x65\x15\x26\xa4\xdc\xe3\x24\xf7\x71\x6d\xf3\x45\
\xaf\xe5\x77\x57\xd3\xdd\x3f\x3d\xbf\x62\x2f\xf8\x24\x7f\xc5\x4f\
\xdb\x15\x2c\x75\xbb\xab\x75\xf8\x7b\xe0\x1b\xb2\xae\x9a\xee\xb5\
\x6e\xe6\x6d\x42\x23\xce\xeb\x3b\x3c\xac\x93\x82\x08\x22\x46\x68\
\xe2\x60\x4e\xd9\x18\x82\xb5\xf4\x67\x89\xb4\x18\x3c\x23\xe2\x4d\
\x4f\x41\xb3\x58\x12\xcf\x41\xbe\xb8\xd3\xa0\x58\x6d\xd6\xde\x2d\
\xb0\xca\xf1\x82\xb1\x27\xca\x99\xdb\x9d\xa3\x81\x9e\xf5\xfa\x87\
\x27\x99\x71\x7a\x24\x91\xda\x49\x19\xb2\x4b\x12\x49\xe6\xbf\x32\
\x7e\x2c\xc7\xe4\xfc\x63\xf1\xb2\x9f\xe1\xf1\x1e\xa4\x31\xff\x00\
\x6f\x72\xd7\xb1\xe1\x1f\x88\x19\x97\x13\xe7\x18\xdf\xae\x72\xc6\
\x94\x21\x17\x08\x45\x6d\x79\x34\xdb\x96\xed\xb5\x6b\xec\xbb\x24\
\x7e\x11\xc5\xdc\x33\x86\xca\x70\x74\x9d\x16\xe5\x39\x37\x76\xfa\
\xe9\xd1\x6c\x97\xe3\xe6\x73\xee\xb8\xe9\xcf\xf2\xa8\xde\x5d\xbd\
\x3f\x5e\xf4\x4d\x2e\x5b\xa7\x35\x5d\xa6\xf9\x8f\x4a\xfd\xfe\x27\
\xe7\x7b\x8f\x92\x4e\x3f\xa5\x47\x24\x9f\xfe\xaa\x8a\x69\xf1\x9f\
\xf3\x9a\xad\x2d\xde\xdf\xc3\xde\x90\x68\xb7\x26\x95\xfe\x6e\x2a\
\xb4\xb3\xec\x5e\x70\x3e\xb5\x46\xef\x58\xc1\xda\xbf\x33\x77\xe7\
\x81\x54\xbe\xd8\xd3\x36\xe6\x62\xc7\xf9\x56\x72\xa8\x96\xc7\x8f\
\x8a\xce\xa9\xd3\xf7\x61\xef\x3f\xc0\xd9\xb6\x1e\x73\x83\x9c\x8a\
\xe8\xb4\x87\x4b\x78\xf6\xaa\xed\xae\x1a\x3d\x45\xe0\x6d\xc8\xdc\
\xfd\x73\x5b\x1a\x37\x8a\x51\x8a\xac\xc3\xcb\x3d\x32\x3e\xe9\xaf\
\x27\x19\x1a\xb3\x57\xe8\x67\x85\xce\xe3\x37\x69\xe8\xff\x00\x03\
\xd0\x74\xfb\xdc\x62\xb7\xb4\xeb\xbc\x8e\xbd\xeb\x81\x9f\xc4\x76\
\xba\x06\x97\x25\xed\xed\xd4\x36\xb6\x91\x72\xd3\x48\xe1\x54\x7b\
\x67\xd4\xf6\x03\x93\x5b\x7e\x0c\xf1\x9e\x9b\xe2\xdd\x38\x5d\x69\
\xb7\xd6\xd7\xd0\x67\x0c\xf1\x3e\x76\x1f\x46\x1d\x54\xfb\x10\x0d\
\x78\x72\xa7\x2b\x73\x5b\x43\xdc\xa3\x8f\x4d\xf2\xdf\x53\xd0\xf4\
\x6d\x4a\x5b\x37\x57\x89\xf6\xb7\x7f\x46\xfc\x2b\xb8\xf0\xcf\x8e\
\x92\x46\x11\xcf\xfb\x99\x3d\x49\xf9\x5b\xfc\xfb\xd7\x98\x69\xf7\
\xe3\x0b\x8a\xd7\xb2\xbe\xae\x3a\x94\x94\xb7\x3a\xa3\x8a\xbe\x87\
\xb8\xe9\x5a\xfe\x15\x48\x6c\xfe\x35\xd1\xe9\xbe\x24\xd8\x07\xcd\
\x5e\x17\xa2\xf8\x8e\x6d\x3c\xaf\x97\x21\x64\xfe\xe9\x3c\x57\x55\
\xa3\xf8\xd9\x27\xf9\x59\xb6\x37\x5c\x31\xaf\x33\x11\x81\xba\xd0\
\xae\x65\x2d\x8f\x68\xd3\x7c\x53\x8c\x7c\xd5\xbd\xa7\xf8\xbb\x18\
\xcb\x7e\xb5\xe3\x36\x3e\x28\xc8\x1f\x37\xeb\x5a\x50\x78\xbd\x97\
\xf8\xeb\xca\xa9\x80\xec\x6d\x1a\x6d\x9e\xe1\x65\xe2\xee\x3e\xff\
\x00\xff\x00\x5e\xb5\xec\x3c\x5b\xf3\x7d\xfa\xf0\x8b\x4f\x1d\x98\
\xcf\x2d\xfa\xd6\xd6\x9b\xe3\xec\x81\xf3\x73\x8f\x5a\xf2\xb1\x79\
\x7b\x51\xba\x3b\xe8\xd1\x9b\x3d\xca\xdb\xc5\xc0\x7f\x1d\x69\x69\
\xfe\x35\xf2\x19\x59\x64\xda\xcb\xc8\x39\xaf\x0f\xb7\xf1\xe7\x3f\
\x7c\x7e\x75\x72\x1f\x1e\x6e\xfe\x3f\xd6\xbe\x6a\xbe\x0d\xbd\xd1\
\xe9\xc6\x9c\x96\xa7\x8a\xfe\xd3\x16\x16\xbe\x1d\xf8\xef\xe2\x48\
\x2c\x91\x62\xb5\xb8\x99\x2f\x51\x14\x61\x50\xcd\x1a\x4a\xe0\x0e\
\xc3\x7b\x3e\x00\xe0\x0c\x0a\xf2\x7f\x10\xea\x1f\x2b\x73\x5d\xff\
\x00\xed\x25\xac\x7d\xb7\xe2\xd5\xd4\xe5\xb3\xe6\x59\xdb\x9f\xc9\
\x48\xfe\x95\xe4\x9e\x21\xd4\x78\x6e\x6b\xfa\x6b\x24\xa9\x2a\x99\
\x66\x1e\xa4\xdd\xdb\xa7\x0b\xbe\xef\x95\x5c\xff\x00\x3b\xb8\xb3\
\x2d\x86\x1f\x88\xf1\xd4\x29\x46\xd1\x8d\x6a\x96\x4b\x64\xb9\xdb\
\x4b\xe4\x8e\x53\xc5\xda\x89\x08\xdf\x37\xad\x79\x77\x8a\x6f\x5b\
\x7b\x7d\x6b\xb6\xf1\x5d\xfe\x77\x57\x99\x78\xa6\xf8\x86\x6e\x6b\
\xb8\xf6\xf2\x3c\x2d\xa4\x8e\x73\x5b\xbc\xc9\x3f\xca\xb0\xd2\xf3\
\x17\xd1\xe7\xfb\xe3\xf9\xd5\x9d\x5e\xe3\x73\x1a\xc3\x17\x19\xbd\
\x8b\xfd\xf5\xfe\x62\xa6\xfa\xd8\xfd\xbb\x2f\xa1\xfe\xcf\xf2\xfd\
\x0e\xb4\x4f\x97\xff\x00\x3c\xd7\xac\x7e\xcd\xbf\x13\xf4\x78\xec\
\x35\x1f\x87\x5e\x32\xbe\x4d\x3f\xc1\xfe\x2b\xb9\x5b\xab\x2d\x56\
\x57\x3e\x5f\x84\x75\xa0\xa2\x38\x75\x12\x3b\xdb\xc8\x81\x6d\xee\
\x94\x72\x61\x29\x20\xcb\xdb\x44\x2b\xc6\xe1\x9f\x73\xf3\x53\x82\
\xae\x36\x91\xb9\x5b\x82\x2b\xd1\xc4\x61\xd5\x68\x72\xb7\x67\xba\
\x6b\x74\xd6\xcd\x7a\x7d\xcf\x67\xa1\xf2\x78\x7c\x43\xa5\x3b\xda\
\xeb\x66\x9e\xcd\x3d\xd3\xfe\xae\xb7\x56\x67\xaa\xf8\xdf\xc3\x5a\
\xc7\xc3\x3f\x1a\xea\xde\x1a\xf1\x15\x84\x9a\x56\xbd\xa0\xdd\x3d\
\x8e\xa1\x67\x23\x2b\x34\x12\xa1\xc3\x0d\xcb\x95\x65\x3c\x15\x75\
\x25\x5d\x4a\xb2\x92\xa4\x13\x6b\xc1\x5e\x3a\x4d\x0e\x59\x2c\xef\
\x19\x9b\x4b\xbc\x23\xcd\x1d\x4c\x2e\x3a\x4a\xa3\xd4\x64\xe7\xd4\
\x64\x7a\x57\x64\xfa\x63\x7e\xd2\xdf\xb3\xcd\xac\xd1\x2c\x6d\xf1\
\x2f\xe1\x3e\x88\x86\x44\x00\xf9\xde\x2c\xf0\xcc\x2b\xc3\x0e\xa1\
\xee\xf4\xd0\x42\x91\xc3\x49\x67\xb7\xef\x9b\x6e\x7c\x49\xaf\x44\
\xb0\xee\x53\x90\x46\x47\x34\xf0\xb5\x9d\x68\xbe\x7d\x27\x17\x69\
\x25\xdf\xa3\x5e\x52\x5a\xaf\xb9\xea\x9a\x39\x31\xb9\x7d\x28\xfc\
\x1e\xf5\x39\xab\xa7\xe5\xd5\x3f\x38\xbd\x1f\xde\xb4\x68\xf5\xdf\
\x15\xdf\xe9\x3e\x06\xd3\x96\xf3\x58\xd5\x2d\xe1\x82\x61\xba\xde\
\x2b\x56\x5b\x9b\xbb\xd5\xc6\x43\x45\x10\x61\xf2\x9f\xef\xc8\x51\
\x32\x08\xdd\x91\x8a\xf1\x9f\x88\xff\x00\x1d\x35\x7f\x15\x5a\x5c\
\x69\xfa\x54\x6d\xe1\xdd\x1e\x74\x68\xa5\x8a\xde\x52\xd7\x57\xb1\
\x9e\x0a\xcf\x3e\x01\x2a\x41\xc1\x8d\x02\x21\x18\x0c\xae\x46\xea\
\xcd\xd4\x60\x5d\xec\xc1\x57\x71\x39\x3c\x75\xac\x7b\xf8\xb6\x21\
\x6f\xe1\x5a\xea\x94\xbb\x98\x65\xf9\x5d\x1a\x32\x52\xb5\xdf\x76\
\x73\x32\xd8\xc7\x02\x61\x55\x55\x57\x80\x00\xc0\x15\x41\xad\xa4\
\xba\xbe\xb7\xb5\xb7\x86\x6b\x9b\xcb\xc9\x92\xde\xde\x08\x63\x32\
\x4b\x71\x23\x9d\xa8\x88\x8b\xcb\x33\x31\x00\x28\x04\x92\x40\x15\
\xdc\xde\x78\x1e\xdf\x41\xf0\xe5\xa6\xbb\xe2\xed\x5e\x3f\x08\x78\
\x7f\x50\x8c\x4d\x63\x24\xb6\xe6\xeb\x53\xd6\xa3\xe9\x9b\x0b\x20\
\xc8\xd7\x0b\xc3\x01\x3c\x8f\x0d\xae\xe5\x28\xd7\x08\xe4\x29\xe3\
\xf5\xef\xda\x02\x6b\x7b\x5b\x8d\x37\xc0\x3a\x6c\xfe\x0a\xd3\x2e\
\xa2\x7b\x7b\x9d\x44\xdd\x7d\xa3\xc4\x3a\xac\x4e\x0a\xba\x4d\x78\
\xaa\x9e\x44\x2e\xa5\x95\xad\xed\x12\x24\x64\x62\x93\x1b\x9c\x07\
\x3e\x7c\xb1\x4e\x6d\xc6\x8a\xe6\x7d\x5f\xd9\x5e\xaf\xab\xf2\x57\
\x77\xde\xdb\x9f\xa3\x65\x3c\x3f\x88\xc4\x25\x52\x7e\xec\x3b\xbd\
\xdf\xa2\xfd\x76\x2e\x6b\xbe\x11\xd0\xfe\x12\x5d\x1f\xf8\x4f\x6e\
\xa6\xba\xd6\xa0\x39\xff\x00\x84\x3b\x46\xb8\x5f\xed\x08\xdf\xfb\
\x9a\x8d\xd6\x1a\x2d\x3f\x07\x21\xe1\x02\x6b\xb5\x65\x31\xc9\x0d\
\xb9\x61\x2a\xf8\xf5\xfd\x9f\xf6\xb5\xed\xc4\xcd\x6f\x0d\xba\xdc\
\x48\xf2\x08\x21\xde\x62\x80\x31\x27\x62\xf9\x8c\xcf\xb5\x73\x81\
\xbd\x99\xb0\x06\x59\x8e\x49\xd4\xb2\xd1\xa3\xb4\x89\x52\x38\xd5\
\x11\x46\x15\x40\xc0\x03\xe9\x53\xfd\x95\x57\xb2\xfb\x57\x34\xb0\
\xed\xbb\xd4\x97\x33\xfb\x97\xc9\x74\xfc\x5f\x99\xfa\x06\x0f\x01\
\x47\x0f\x1e\x5a\x6b\xe7\xd5\x97\x34\xef\x8d\x9e\x3c\xd1\x3c\x09\
\x27\x85\x6c\xfc\x5f\xe2\x2b\x7f\x0e\xcd\x11\xb7\x6b\x05\xbc\x6f\
\x2d\x62\x3c\x18\x94\xfd\xe4\x8c\x8c\x82\x8a\x42\x90\x48\x20\x82\
\x6a\xb6\x89\x66\xb0\x24\x6a\xa3\x6e\xde\x9f\xa5\x40\xd6\x81\x8e\
\x71\x5a\x16\x68\xca\x54\x01\xd7\x03\x02\xb0\xc2\x60\x70\xf8\x5e\
\x6f\x61\x05\x1e\x67\x77\x64\x95\xdf\x77\x6d\xdf\x99\xec\x62\x73\
\x0c\x4e\x27\x95\x62\x2a\x4a\x7c\x8a\xd1\xe6\x6d\xd9\x76\x57\x6e\
\xcb\xc9\x68\x7b\x32\x36\xf3\xba\xac\x46\x31\xc5\x55\x8c\xe2\xa6\
\x86\x4f\xc7\xb5\x70\xb7\x76\x7b\x1c\xcb\x63\x53\x4b\xd5\x66\xb0\
\x61\xe5\xb7\xcb\xd4\xa9\xfb\xa6\xba\x2d\x33\xc4\x11\xdf\xfc\xad\
\xfb\xb9\x3d\x0f\x7f\xa5\x72\x50\x9d\xca\x3e\xb5\x76\xd9\x0e\x39\
\xff\x00\x3c\xd7\x45\x39\x38\xec\x34\xce\xcb\x24\x9f\x7a\x7d\xb4\
\xbe\x4b\x14\x3c\xc6\xdc\x11\xe9\x59\x1a\x3d\xeb\x6d\xf2\xdc\xee\
\x50\x70\x0f\x71\x5a\x8a\x9b\x4d\x74\x29\xdc\xb5\x66\x25\xc4\x58\
\xe5\x7e\xe9\xaf\x4f\xfd\x8e\xd3\xcb\xf8\xb5\x7c\x7f\xbd\xa3\x4c\
\x0f\xfd\xff\x00\xb7\xaf\x32\xdc\x73\xd3\xf1\xaf\x54\xfd\x8f\x63\
\xcf\xc4\xfd\x4b\xfd\x9d\x1e\x4e\x3f\xed\xbc\x15\x95\x5b\xb8\xb7\
\x63\xe5\xb8\xa3\x34\xc2\xd1\xc1\xcf\x0f\x56\x69\x4e\x69\xa8\xae\
\xaf\xe5\xdb\xcf\x63\xe8\xf0\x30\x2a\x87\x89\x3c\x31\xa7\xf8\xbb\
\x4d\xfb\x2e\xa5\x6b\x15\xe4\x23\x25\x43\x8f\x9a\x23\xea\x8c\x39\
\x53\xee\x08\xab\xbe\x6f\xcb\xd2\x9d\x9e\x6b\xce\xe6\x69\xdd\x1f\
\x8e\x4a\x2a\x4b\x96\x5a\xa3\xc3\xfc\x7b\xfb\x3c\xdf\x68\x61\xee\
\x34\x56\x93\x53\xb5\x5e\x4c\x07\x1f\x68\x8c\x7b\x76\x93\xf0\xc1\
\xf6\x3d\x6b\xcc\xe7\xb8\x28\xec\xad\x95\x64\x24\x30\x23\x6b\x29\
\x1d\x88\x3d\xeb\xeb\xa9\x0f\x4a\xe4\xfe\x22\x7c\x1f\xd1\xfe\x24\
\xc6\xcd\x74\x8d\x69\x7f\x8c\x25\xec\x00\x09\x07\xa6\xf1\xd2\x41\
\xec\x79\xc7\x42\x2b\xd8\xc1\xe6\x9c\xbe\xed\x65\xa7\x73\xe6\x33\
\x0e\x1c\x84\xef\x3c\x3e\x8f\xb7\x4f\x93\xe9\xfd\x6c\x7c\xdb\x1e\
\xac\xd6\x72\x2c\x89\x21\x8d\xd1\x83\x2b\x2b\x61\x94\x83\x90\x41\
\xec\x6a\x6b\xff\x00\x89\xb1\xbb\x34\x97\xd6\x30\xdf\x4d\x8c\x99\
\x63\x97\xec\xf3\x39\xff\x00\x6c\x80\x55\xbd\x49\x2b\xb8\x9e\xad\
\x59\x7f\x1b\xbc\x13\xac\xfc\x13\xd5\xe1\xb7\xd5\xa3\x59\x2d\x2f\
\xb7\x1b\x2b\xe8\x72\x60\xbb\x0b\xd4\x0c\xf2\xae\xb9\x19\x43\xc8\
\xce\x46\x41\x0c\x7c\xbf\x5b\xf1\xbe\xf5\x3b\x5a\xbd\x69\x4e\x2e\
\xd3\x83\xd1\xf5\x47\x8d\x43\x2f\xad\x19\x72\x49\x7c\x8e\xd3\xc6\
\x5f\x16\x6e\xf5\x1b\x69\x2d\xa3\xfb\x3e\x9f\x67\x20\xc3\xdb\xda\
\x02\xab\x2f\xfb\xec\xc4\xbb\xfa\xe1\x98\xa8\x3d\x00\xaf\x3d\xd5\
\xbc\x55\xb0\xb6\x1a\xb0\x75\x5f\x13\xb4\x8e\x7e\x6f\xd6\xb9\xdd\
\x4b\x5d\xdd\x9e\x6b\x35\x53\xa4\x4f\xab\xcb\xb2\x0a\xb5\x9a\x49\
\x1b\x1a\x87\x8a\x5b\x73\x7c\xdf\xad\x79\x5f\xc6\xad\x22\xd7\xc6\
\x7a\x85\x9d\xc4\xf6\xf1\x4c\xd6\xf1\x18\xc1\x65\x0d\xc6\x73\xfd\
\x4d\x74\x17\x7a\x93\x48\x5b\x93\x59\x3a\xaa\x9b\x8e\xbf\xad\x63\
\x8a\x87\x35\x3b\x33\xf4\xfc\x8f\x21\x8e\x0e\xa2\xa9\xd7\xfc\xce\
\x1e\xcb\xc2\xd0\xe9\xc3\x6c\x30\xc7\x1a\xe7\xa2\xae\x2b\xb0\xf0\
\x05\xb7\xd9\xf5\x26\x6c\x7f\xcb\x22\x3f\x51\x55\x25\xb4\xd8\xf5\
\xaf\xe1\x14\xc5\xcb\x9f\xf6\x08\xfd\x45\x70\xd0\xa6\xd4\xd1\xec\
\x67\x12\xff\x00\x63\xa8\xdf\x66\x75\x0d\x2e\x12\xb3\xb5\x09\xf0\
\x8d\xde\xaf\x11\xc1\xac\xcb\xf7\xc2\xb7\xd7\x9f\x7a\xf4\x27\x1d\
\x0f\xcd\x28\xfc\x47\xdd\x7f\xb2\x6b\x2e\xa5\xfb\x38\x78\x32\xeb\
\xb7\xd8\xda\x33\xf5\x8e\x79\x23\x3f\xfa\x0d\x7b\xbb\x35\xbf\x87\
\x21\xb8\xd4\xae\x97\xfd\x1b\x4c\x86\x4b\xc9\xbf\xdc\x8d\x4b\xb7\
\xe8\xa6\xbe\x6b\xfd\x90\xfc\x4c\xba\x57\xec\x49\x67\xa8\x48\xc3\
\xc9\xd0\x97\x56\x92\x43\xfd\xd5\x8e\xe2\x79\x8f\xfe\x3a\xd5\xed\
\x5f\xb5\x9e\xbf\xff\x00\x08\xaf\xec\xc3\xf1\x22\xf1\x1b\x69\x3a\
\x0d\xd5\x9a\x3f\xa1\xb8\x5f\xb3\xa9\x1e\xf9\x94\x63\xde\xbe\x52\
\x74\x6f\x55\xc7\xbb\xfd\x4f\x6e\xa5\x49\x4e\x71\x8a\xea\xed\xf9\
\x1f\x99\xfe\x1c\xbe\x9b\x54\xb6\x8e\xf2\xe1\x8b\x5e\x5d\x1f\xb4\
\x4c\xf9\xc1\x32\xb1\xdc\xc7\x3f\xef\x12\x6b\xd0\xbc\x2f\xf1\x52\
\xfb\x4a\x0b\x0d\xf2\xb5\xf4\x2b\xc6\xff\x00\xf9\x6c\xbf\x8f\xf1\
\x7e\x3c\xfb\xd7\x9a\xe9\xee\x21\xb6\x45\x1d\x85\x68\xd9\xeb\xa6\
\xd9\xf6\xb8\xf3\x17\xf5\x15\xeb\xd6\xa5\xcb\xac\x4f\xd1\xb0\xd8\
\xae\x47\xd8\xf7\x7d\x2b\xc4\x56\xba\xed\xb0\x92\xd6\x65\x91\x7b\
\x8e\x8c\xa7\xd0\x8e\xd5\x61\x9b\xb7\x6a\xf1\xfd\x1e\xf8\x33\x2c\
\xf6\x73\xb2\x48\xbf\xc4\x87\x0c\x3e\xb5\xd9\x68\x5f\x10\xbe\xec\
\x77\xeb\xb5\x8f\x1e\x72\x0e\x0f\xd4\x7f\x85\x73\x46\xa7\x49\x1e\
\xf5\x3a\x8a\x6a\xe7\x56\xcf\x9e\x07\xe7\x4c\x76\xdb\x4d\x8e\xe1\
\x67\x89\x64\x8d\x96\x45\x71\x90\xc0\xe4\x1a\x6b\x3e\x3e\xbe\x95\
\xb4\x65\x6d\x82\xc2\x93\xbb\xdb\xf0\xa8\xd8\xee\x3f\xfd\x6a\x52\
\x4f\xe3\x4d\x1c\xff\x00\xfa\xeb\x68\xbb\xab\x80\x31\xc2\xd4\x4d\
\x26\xd2\x45\x3e\x56\xfd\x39\xa8\x59\xb3\x57\x7e\xc6\x52\x90\xd7\
\x7e\xa6\xa3\xce\x4d\x2b\x9c\x93\x4c\x67\xcd\x51\x00\xcd\xde\xa3\
\x2d\x9a\x1c\xe7\xe5\xf7\xa8\xd9\xb9\xa0\x01\x9f\x70\xff\x00\xeb\
\x53\x5c\xe4\x51\xd0\xd3\x59\xb1\x91\x4e\xe6\x6e\x49\x6c\x23\x71\
\xc5\x44\xe7\x2d\x4e\x63\xb0\x7b\xd3\x0b\x6d\x14\x8c\xc6\xbb\x6e\
\xe3\xf3\xa4\x27\x02\x90\x9d\xab\x4c\x3f\x37\x5f\xca\x80\x03\xc9\
\xe6\xa3\x67\x27\x3d\x31\xd2\x9e\xcd\xb6\x99\x40\x05\x46\xcc\x7f\
\x0c\xfa\x53\xd8\xe2\x99\x9c\xd4\xb9\x09\xbb\x06\xdc\xd4\x7b\xb7\
\x0f\x6a\x78\xe6\x98\xc7\x79\xe9\x52\x67\xcc\x14\xd7\x38\x18\xa0\
\xb6\xd3\x4d\x3c\x9c\xd0\x4d\xee\x14\xd2\xea\x3b\xd3\xaa\x32\x72\
\x7f\x4a\x42\x0e\xa3\x9a\x46\x6d\xb4\x33\x6d\x14\xc7\x3b\x9a\x90\
\x9b\x1a\xc7\x27\xf1\xa0\x9d\xbd\xa9\xac\xdc\xff\x00\x8f\x6a\x32\
\x71\xc9\xa9\x96\x8a\xc6\x52\x1a\xff\x00\x70\xd4\x72\x7d\xc3\xf4\
\xa9\x37\x8c\xfd\xea\x8e\x46\xc2\x30\xf6\x35\xcd\x22\x4f\xb9\xa0\
\x6c\x81\xef\x53\x16\xc0\xff\x00\xeb\x55\x78\x1f\xe4\x1d\x7a\xd4\
\xb9\xc9\xae\xe4\x7f\x33\xc6\x16\x15\x9f\x9f\xf3\xcd\x04\xee\x3c\
\xd0\x29\xac\xfc\xe0\x7e\x26\xac\xe8\x8c\x47\x53\x1e\x4c\xad\x23\
\x36\xe3\xf4\xef\x4d\x63\xb4\x50\x6d\x18\x86\x70\x3d\xaa\x36\x90\
\xb0\xff\x00\x3c\x53\x8f\xcc\x79\xa8\xcb\x66\x9c\x4e\x88\xc4\x37\
\x66\x9a\xc7\x9f\x5e\xf4\x39\xf9\x4d\x46\x7d\xbf\x1a\xb3\xa2\x31\
\x06\x7c\x9e\x3a\xfa\xd4\x64\xed\x5e\x05\x3b\x18\xa6\xbb\x6d\xa8\
\x6c\xe8\x8c\x46\xb3\xfc\xbf\xcc\xd3\x4b\x64\x50\x4f\x38\xf6\xa6\
\x9f\x4e\xc3\xf5\xa4\x6f\x18\x83\xb7\xff\x00\x5a\x98\x24\xc7\x5a\
\x46\x6c\x9a\x6b\x36\x0f\x14\x1b\xc5\x03\xb7\xe7\x51\x96\x02\x97\
\x3f\xfd\x7a\x61\x39\x3f\xca\x83\x68\xc4\x3a\xd4\x72\x3e\x69\xce\
\x71\x51\x3f\x4a\x96\xce\xa8\xc4\x46\x3b\x85\x46\x4e\x78\xa7\x39\
\xc0\xc5\x46\x4e\xda\xce\x52\xee\x74\x46\x20\xcd\x8f\xf0\xa6\x1e\
\x28\x67\xf5\xa8\xde\x4f\xff\x00\x55\x66\xe4\x68\x19\xc0\xc9\xa6\
\x3c\x9c\xfb\x7f\x3a\x6b\x49\x81\xda\xa2\x69\x39\xe2\xb3\xe5\x34\
\x1c\xf2\x7f\xfa\xaa\x3d\xfb\x9b\x1d\x4b\x1e\x82\xb2\xf5\x9f\x16\
\x5b\xe9\x97\xa6\xca\x18\xee\x35\x2d\x53\x68\x7f\xb0\xda\x05\x69\
\x91\x4f\x46\x90\xb1\x09\x12\x91\x92\x1a\x46\x50\xd8\x21\x77\x36\
\x16\xa0\x8b\xc2\x37\x9e\x25\x4d\xda\xec\xf1\xf9\x2d\xd7\x4c\xb2\
\x76\x16\xa3\xda\x59\x08\x57\xb8\xee\x08\x22\x38\xd8\x1c\x18\x89\
\x1b\xaa\x79\xb5\xb4\x75\x7f\xd7\x5f\xe9\x9a\xc6\x9b\xb7\x34\xb4\
\x42\x5d\xf8\xda\xdd\xa6\x92\x0b\x18\xae\xb5\x8b\x88\x5c\xa3\xc7\
\x61\x18\x91\x63\x70\x70\x55\xe5\x62\xb0\xa3\x0e\xea\xf2\x2b\x7b\
\x56\x45\xff\x00\x87\x9b\x5c\xf1\x6e\x9d\xaf\x4b\xe1\x7c\x6a\x9a\
\x4c\x52\xc3\x69\x3d\xd6\xa0\xa9\x2c\x29\x20\xc3\x80\x91\xb3\xc6\
\x49\x19\x19\x63\x91\x93\x82\x32\x6b\xb6\x83\x4f\x4b\x4b\x78\xe1\
\x85\x16\x38\xa1\x50\x91\xc6\x8a\x15\x23\x50\x30\x00\x03\x80\x07\
\xa0\xa7\x3c\x38\xcf\x7a\x89\x53\xbf\xc5\xf9\x2e\x9e\xb7\x37\x8c\
\x94\x7e\x1f\xeb\xee\x39\x26\xf1\x3c\xba\x3e\xbb\x05\xe6\xa1\xa5\
\xea\x96\x36\x31\xdb\x4d\x0c\xd7\x45\x63\x9e\x28\xcb\x34\x6c\x19\
\x84\x2e\xee\xa8\x02\x36\x5d\x95\x55\x41\xc9\x20\x66\xba\x9b\x1b\
\xd8\x35\x2b\x38\x6e\x6d\xa7\x86\xe2\xde\xe1\x04\x91\x4d\x13\x87\
\x8e\x55\x3d\x19\x58\x12\x18\x1f\x51\x91\x4e\x09\xb1\xfe\x56\x65\
\x23\x9e\x3b\x56\x05\xff\x00\x81\x3e\xc9\x7d\x35\xf6\x83\x79\xfd\
\x87\x7d\x3b\x99\x67\x41\x0f\x9d\x61\x7a\xe7\xab\x4d\x6f\x95\xf9\
\xcf\x53\x2c\x4d\x1c\x84\xe3\x73\x3a\x8d\x85\xa9\x4a\x3e\x6b\xf1\
\xff\x00\x2f\xc8\xe9\xa6\xe2\xd5\x9e\x87\x47\xe6\x01\xdf\x3f\x4a\
\x6a\xbe\xdf\xc4\xd7\x39\x65\xe3\xb6\xb2\xbd\x86\xc7\x5e\xb3\xfe\
\xc4\xd4\x2e\x1c\x45\x03\x19\x7c\xeb\x1b\xe7\x3d\x16\x0b\x8c\x28\
\x66\x3d\xa3\x91\x63\x94\xe0\x90\x85\x46\xe3\xbd\xe7\x60\xd6\xb1\
\x92\x92\xbc\x4d\xbd\x9b\x43\xd9\xb6\x2d\x33\xa9\xa5\x2e\x5a\x91\
\xba\xd3\x2e\x28\x4f\xbd\x48\xc4\x01\xc7\x5e\x94\xae\xdf\xc2\x3f\
\x1a\x8c\xbe\x3e\xb4\x1b\x24\x3b\x14\x1e\x05\x46\x5f\x07\x96\xa6\
\x96\x1e\xb9\xa5\x63\x41\xce\x79\xfc\x2a\x3e\xb4\x8e\xfc\xd4\x17\
\x17\x4b\x14\x6c\xce\xca\xaa\xbc\x96\x27\x00\x53\x02\x46\x01\x7f\
\xad\x43\x36\xd0\x7e\xbd\x07\xad\x44\x27\x96\xf0\x7e\xed\x7c\xb4\
\xfe\xfb\x8c\x13\xf4\x5f\xea\x7f\x23\x53\xc7\x08\x88\x0f\xef\x77\
\x27\xa9\xa9\xe6\x34\x84\x5b\x1a\xb6\x6a\x62\xf9\xbf\x8b\xad\x0b\
\x17\x92\xa3\x0b\x4f\x27\x0b\x4c\x67\xc9\xf7\xfe\x54\xf9\x99\xdd\
\x1d\x89\xa0\x05\x24\x46\x8e\x46\x8a\x45\x60\xc9\x22\x9f\x99\x18\
\x1e\x08\xf7\x07\x9a\xe8\xae\x7f\xe0\xe0\x9b\xdf\x0c\xea\x17\x96\
\xf7\xdf\x07\xc5\xd6\xbb\xa7\xdc\xcb\x6d\x24\xf6\x9e\x2c\xfb\x2d\
\xb4\xb2\x23\xb2\x17\x08\x6c\xdd\x90\x12\x33\xb7\x73\x63\xfb\xc6\
\xb9\x98\x65\xc1\x19\xec\x6b\xe2\xff\x00\x8b\x9a\x6f\xd9\x3e\x2e\
\xf8\xb2\x3c\x60\x7f\x6c\x5d\xb0\xfa\x34\xac\xc3\xff\x00\x42\xaf\
\x03\x3a\xe0\xfc\xa3\x3e\xe5\x59\xa5\x2e\x7e\x4b\xf2\xfb\xd2\x8b\
\x57\xb5\xf5\x8b\x57\x4e\xcb\x46\x7d\x06\x4b\x9d\x63\x30\x1c\xdf\
\x55\x9f\x2f\x35\xaf\xa2\x7b\x6d\xba\x7d\xcf\xbe\x3f\x64\xef\xf8\
\x2c\xe7\xc2\x1d\x33\xf6\x5e\xf1\xc7\xc3\x1f\x89\x5f\x0b\xdb\xe1\
\x9d\xb6\xa7\xe2\x49\xfc\x5d\xa4\xea\x1f\x0d\x74\x78\x67\xb5\x7b\
\x99\x15\x73\xf6\xab\x69\xe7\x46\xf3\x86\xc0\x9e\x64\x6c\x16\x48\
\xc8\x5c\x40\x23\x05\xbe\x8c\xfd\x91\x3e\x28\xf8\x77\xc3\xbe\x2e\
\xd5\x35\xbd\x6b\x58\xd3\xf4\x5b\x1b\x6f\x0f\xb3\xcc\xd7\x72\xf9\
\x6c\xaf\x24\xd6\xc4\x46\xab\xd6\x49\x3a\x8d\xb1\x86\x24\x83\x80\
\x6b\xf1\x7e\xc3\x41\x3a\xe6\xa5\x67\xa7\xaa\xfc\xda\x85\xc4\x76\
\xab\xf5\x91\xc2\x0f\xe7\x5f\xa1\x1a\xfd\xc2\xdd\x5f\x4a\x70\x36\
\xef\x62\xbe\xd5\xf2\x79\xff\x00\x84\xb9\x36\x65\x4d\xd1\x4e\x74\
\xaf\x65\xee\xbb\xe8\xb7\x5e\xf2\x7d\x3a\xbd\xbf\x03\xef\xb8\x7f\
\xc5\x5c\xe7\x2a\xc1\x56\xcb\xa1\xcb\x3a\x55\x2e\xda\x92\xda\x4f\
\x79\x45\xa6\xad\x7b\x2b\xad\x56\x9a\x24\xf5\x3e\x88\xf8\xe7\xff\
\x00\x05\x19\xd4\x75\x99\x26\xd3\xbe\x1e\xda\xb6\x95\x6b\xca\xb6\
\xb5\x7d\x0a\xbd\xdc\x9e\xf0\xc2\xd9\x48\x87\xa3\x48\x1d\x88\x3f\
\x76\x32\x33\x5f\x33\xdd\xde\xcd\x79\x75\x35\xc5\xc4\xd3\x5c\x5c\
\xdd\x4a\xd3\x4d\x34\xae\x5e\x49\xa4\x66\x2c\xce\xcc\x79\x66\x66\
\x24\x92\x79\x24\x93\x4c\x9e\x5d\xa7\x15\x52\x7b\x9e\x3f\xcf\x15\
\xf5\xfc\x33\xc2\x19\x47\x0f\x61\xbe\xaf\x95\x51\x50\xbd\xb9\xa4\
\xf5\x9c\xad\xd6\x52\x7a\xbe\xae\xda\x25\x77\x64\x8f\x81\xcd\xb3\
\xac\x5e\x63\x53\xda\x62\xa7\x7e\xcb\x64\xbd\x17\xf4\xfb\xb1\x65\
\x9b\x26\xaa\x4b\x75\xb7\xbd\x36\x6b\xb5\x41\x9c\xd6\x4d\xde\xa2\
\xd2\x37\xcb\xf2\xff\x00\x3a\xfa\x19\x4d\x23\xe6\xf1\x79\x85\x2a\
\x0b\xde\x7a\xf6\x2d\x5e\x6a\x4b\x17\x7f\xc3\xb9\xac\xbb\xbb\xe9\
\x2e\x49\x19\xda\xbe\x82\x99\x29\xc1\x26\xab\x4d\x29\x5f\xc6\xb1\
\x94\x9b\x3e\x57\x19\x9a\x54\xaf\xa6\xcb\xb2\x16\x49\x42\x9c\x03\
\x4c\x37\x5b\x7b\xd5\x5b\x99\xf6\x8a\xa7\x3e\xa0\x20\x56\x76\x6c\
\x2a\xf2\x49\xec\x28\x8a\x3c\xb3\x50\x4f\x96\xe2\xad\x0b\x0d\x7b\
\x53\xd3\x2e\xbf\xe1\x1b\xd1\xff\x00\xb7\xb5\x6b\x78\x8c\xc9\x64\
\x27\x58\xb7\x20\x20\x33\x7c\xc4\x6e\xc6\x7e\xe2\x9d\xcd\xd0\x73\
\x5a\x4f\xe0\x5b\x7f\x03\xde\x49\x1f\x8c\xa4\xbd\xb3\xd4\x2d\xce\
\xd7\xf0\xfd\x8b\x2a\xea\x68\xc0\xe0\xa5\xd4\x8e\xad\x1d\x8b\x0e\
\x41\x46\x59\x67\x46\x5d\xaf\x02\x02\x1e\xbb\xcf\xd9\xb7\xc5\xb7\
\x9e\x26\xf1\xf6\xa3\x67\x0d\xbe\x9f\xa4\x68\xd6\xba\x74\x97\x11\
\x69\xd6\x10\x95\x8f\xcc\xf3\x22\x50\xef\x23\x96\x9a\x66\x00\xbe\
\x0c\xb2\x3e\xdf\x31\x82\xed\x53\xb4\x78\x79\xfe\x6b\x2c\x1e\x5d\
\x57\x17\x41\x73\x38\x2b\xab\xec\xf5\x4b\xd5\xef\xd3\x4f\x33\xed\
\xb8\x07\x86\x69\x67\x7c\x43\x84\xca\x71\x52\x71\x8d\x59\x59\xf2\
\xdb\x9a\xc9\x36\xed\x74\xd2\xd1\x75\x4f\xd0\xf8\xc7\xc4\x9e\x38\
\xd6\x3c\x49\xad\x48\x35\xc9\xae\x16\xea\xce\x46\x8c\xda\x4a\x86\
\x11\x66\xc3\x82\xa2\x23\xf7\x08\xe8\x72\x37\x71\xc9\x26\xa6\xd0\
\xbc\x7f\x71\xe0\xab\xd5\xd4\xac\xef\x9f\x4f\x9a\x11\x9f\x39\x1f\
\x68\xc7\x70\xd9\xe0\x8f\x50\x72\x2b\xee\xef\x8d\xdf\xb3\x5f\x84\
\xfe\x3d\x58\xb3\xeb\x16\x5f\x67\xd6\x12\x3d\xb0\x6a\xd6\x98\x8e\
\xea\x2c\x74\x0c\x7a\x48\x83\xfb\xae\x0e\x01\x3b\x4a\x93\x9a\xfa\
\x23\xf6\x20\xff\x00\x82\x4d\xfc\x2d\xfd\x9b\x74\xcf\x0f\xf8\xbe\
\xfa\x3b\x8f\x88\x5e\x36\xb8\xb3\xb6\xd4\x61\xd4\xb5\x98\x50\x59\
\xe9\x72\x3c\x6b\x20\x36\x96\x80\x94\x46\x52\x46\x25\x90\xcb\x20\
\x2b\x94\x68\xf2\x56\xbf\x3b\xc6\xf8\xc5\x95\x60\xb2\xff\x00\x6f\
\x88\xa7\x2f\x69\xb2\xa6\xba\xbf\xf1\x6c\xa3\xdd\xb5\x7f\xee\xb3\
\xf5\x7e\x27\xf0\x03\x3a\xca\xf1\xf1\x84\x2a\xc6\x74\x27\x7e\x5a\
\x9b\x35\x6b\x69\x28\x6e\xa5\xae\x96\x6d\x3e\xeb\x65\xf3\x2f\xc3\
\x2f\x0d\xfc\x46\x83\xe0\xae\x93\xe3\x6f\x1c\x78\x56\x4f\x0c\xe8\
\xda\xd5\xd8\xb3\xd3\x27\xb9\x63\x05\xce\xa3\x94\x69\x04\xc6\xd9\
\x86\xf8\xa2\x65\x53\xb5\xdc\x8d\xfc\x15\x52\xa4\x31\xe9\x2c\xf5\
\x40\xcb\x90\xdc\x7b\x57\xd1\x9f\xf0\x56\xbf\x8c\xba\xd7\xc1\xbf\
\xd9\xfb\xc2\xba\xb6\x97\x25\x9c\x93\x5f\x78\xad\x2c\x6e\xa1\xbe\
\xb4\x8e\xee\xde\xee\x16\xb2\xbb\x91\xa3\x91\x1c\x1c\xa9\x68\xd4\
\xe5\x48\x6e\x38\x22\xbe\x3d\xf0\x27\xc7\x5f\x07\xfc\x52\x91\x61\
\x73\x6b\xf0\xfb\x5f\x90\xe1\x6d\xee\xae\x5e\x4d\x06\xf5\xbd\x12\
\xe1\xc9\x92\xcc\x9e\xcb\x39\x92\x2e\xed\x3c\x40\x62\xba\xbc\x3f\
\xce\xb1\x3c\x49\x91\x2c\xea\xb5\x35\x07\x29\xd4\x8f\x2c\x6e\xd2\
\x51\x95\x96\xed\xb6\xed\x6b\xbd\x9b\xbb\xb2\x5a\x2f\x84\xe2\x6c\
\xbe\x19\x36\x61\xf5\x08\xcd\xca\xd1\x8b\xbb\xb5\xdb\x6b\x5f\x2f\
\xeb\xa9\xe9\x56\xba\x9e\xd1\xf7\xaa\xf4\x3a\xbe\x78\x26\xb9\x3d\
\x4b\xed\x9e\x1b\xd6\x2e\x34\xdd\x4a\xd6\xe3\x4f\xd4\x6c\xc8\x59\
\xed\xa7\x4d\xb2\x46\x4a\x86\x53\xe8\x55\x95\x95\x95\x86\x55\x95\
\x95\x81\x20\x82\x5d\x1e\xb0\x33\xf7\xab\xe9\xb9\x3a\x9c\x74\x6b\
\x5c\xef\xb4\xdf\x14\x49\x00\x03\xcc\xdc\xb9\xe8\x4d\x6a\x43\xe2\
\xe0\x47\xde\xfa\xd7\x99\xc3\xae\x6d\x3f\x7a\xac\x27\x88\x7f\xda\
\xae\x7a\x94\x53\x3d\x9c\x2d\x44\xdd\x99\xe9\x29\xe2\xaf\xf6\xbf\
\x5a\xb3\x0f\x8d\x1a\x3e\x8f\x5e\x62\x3c\x4b\x8f\xe2\xa7\x2f\x89\
\x49\x1f\x7b\xda\xb9\x2a\xe1\xd5\x8f\xa8\xc0\xa8\xbd\x2c\x7a\xc4\
\x1f\x10\xda\x36\xfb\xff\x00\x95\x6a\x58\x78\xfd\x6e\x00\xfd\xe7\
\xcd\xf5\xaf\x15\x4d\x7d\xa5\x91\x55\x77\x33\xbb\x05\x50\x39\x2c\
\x4f\x40\x07\xad\x55\xf1\xc7\xc5\xed\x17\xe0\xec\xf2\x5b\xeb\x97\
\x53\x5c\x6b\x91\xf1\xfd\x89\x62\x55\xaf\x23\x6f\x4b\x86\x3f\x25\
\xb7\xb8\x7d\xd2\x8c\x83\xe5\x10\x73\x5e\x74\xb2\x59\xe2\x1f\x2c\
\x11\xe8\x63\xf1\x18\x3c\x15\x1f\x6d\x8b\x9a\x82\xf3\xdd\xfa\x2d\
\xdf\xc8\xea\xbe\x33\x6b\x7f\x6a\xf1\xbb\x3e\xec\xe6\xd2\x31\xfa\
\xb5\x79\xaf\x88\x75\x2c\x83\xcd\x36\xdf\xe2\x8c\x9f\x14\x2c\x23\
\xd6\xa4\xb1\x8f\x4d\xf3\xb7\x44\x96\xc9\x39\x9b\xcb\x54\x76\x51\
\x97\x20\x6e\x62\x06\x49\x0a\xa0\x93\xc2\x81\xc5\x62\xeb\xb7\xd9\
\x06\xbf\x56\xca\xf0\xf2\xa1\x82\xa5\x46\x5b\xc6\x29\x7e\x07\xf9\
\xf9\xc5\xbe\xcf\x13\xc4\x38\xcc\x4d\x2f\x86\x75\x66\xd5\xfb\x73\
\x33\x9a\xf1\x46\xa1\x90\xdf\x37\xe1\xeb\x5e\x6b\xe2\x7b\xed\xcc\
\xdf\x35\x76\x3e\x28\xbe\xfb\xdc\xf5\xaf\x39\xf1\x1d\xdf\xcc\xdf\
\x5a\xee\xd9\x1e\xa6\x4d\x86\xf7\x91\x87\xab\x5d\x64\xb5\x63\xc7\
\x36\x2f\x62\xeb\xf7\xc7\xf3\x15\x3e\xa5\x73\xb4\x9f\xaf\xe5\x59\
\xb0\x5c\x66\xed\x3f\xde\x1f\x85\x62\xa4\xae\x7e\xc9\x82\xa4\x95\
\x0b\x79\x1d\x8c\x4f\xcd\x59\x82\x4c\xff\x00\x2a\xa5\x19\xe9\xef\
\x56\x2d\xdb\xe6\xfc\x78\xaf\x61\x48\xfc\xea\x54\xec\xcf\x66\xf0\
\x47\x8d\x35\x8f\x86\xda\x9f\x86\xfc\x4b\xe1\xcd\x4a\xe7\x45\xf1\
\x06\x82\xd0\x5f\x69\xd7\xd0\x11\xe6\x5b\x4c\xaa\x30\x70\x41\x0c\
\xa4\x65\x59\x58\x15\x75\x66\x56\x05\x58\x83\xda\xf8\xd7\x43\xf8\
\x4f\xfb\x47\xdc\x36\xbd\xe1\xff\x00\x12\x78\x5b\xe0\x8f\x8d\x6f\
\x0f\x99\xab\xf8\x53\x5e\xf3\xad\x7c\x2d\x71\x37\x26\x4b\x8d\x2e\
\xf9\x52\x45\xb4\x89\xd8\x06\x16\x97\x5b\x44\x6d\x21\x58\xe5\x31\
\xa0\xaf\x36\x49\x31\xe1\xcb\x1f\xfa\xf7\x8f\xff\x00\x41\x15\xc1\
\xf8\xd9\xd5\xd5\x83\x57\x3e\x23\x0f\xcd\x25\x56\x9b\x71\x9a\x56\
\xba\xb6\xab\xb3\x4e\xe9\xaf\xc5\x6b\x66\xae\xce\x2c\x9f\x1d\xca\
\xe5\x87\xaa\x94\xa9\xb7\xb3\xe8\xf6\xbc\x5a\xd5\x3f\xc1\xe9\x74\
\xec\x8e\xdb\xc5\xdf\x0a\x74\xef\x03\xc0\xd7\x1a\xd7\xc4\xcf\x82\
\xd6\xf6\x68\x7e\x69\xac\x3c\x73\x63\xad\xb8\x1e\xa2\xdb\x4e\x7b\
\x9b\xa6\xfa\x2c\x2c\x7d\xab\xc8\x3c\x75\xfb\x4e\xf8\x7f\xc0\xd3\
\x9b\x3f\x01\xe9\xf1\xeb\xfa\xa7\xdd\x3e\x25\xf1\x0d\x82\x35\xac\
\x2d\xdc\xd9\x69\xb2\x6e\x46\xc6\x0e\xd9\xef\x43\x96\x56\xcf\xd9\
\x60\x91\x43\x8e\x2b\xc5\x76\xb1\xf9\xac\x76\x81\x9e\x9c\x57\xaa\
\xe8\x5f\x0e\xbc\x3b\xa7\x7e\xcb\xd2\x7c\x60\xf8\x68\xb1\xeb\x5a\
\xe7\xc3\xdb\x78\x34\xdf\x8b\xde\x02\xf1\x2c\x31\xde\x59\xde\xd8\
\xdc\xdc\x08\x6d\xf5\x7b\x2d\xc0\x3b\x5b\x3c\x9e\x54\x72\x88\xc8\
\x9e\xd2\x66\x49\x11\x91\x36\xc8\x7c\x2c\xcb\x31\x74\x29\x2a\x98\
\xb6\xe5\x1b\xda\xd1\x56\x8f\xcf\x56\xf5\xdb\x7b\x3b\xd9\xa3\xf7\
\x2e\x11\xe1\x7c\xbe\xbc\x94\xd6\x8f\x75\xcc\xf9\xad\xe8\x92\x57\
\xfb\xbd\x35\x3c\x13\x53\xd5\x75\x2f\x1b\x78\x92\xfb\x5b\xd7\x35\
\x2d\x4b\x5b\xd6\xb5\x39\x3c\xfb\xcd\x43\x50\xb9\x7b\xab\xbb\xc9\
\x3a\x6e\x92\x59\x09\x77\x6c\x00\x32\xc4\x9e\x2a\xd5\xb4\x01\x30\
\x2b\xae\xfd\xa0\x7e\x1d\x69\x1f\x0e\xbc\x73\xa6\x5c\xf8\x65\xee\
\x9b\xc2\x3e\x31\xd1\xed\xbc\x47\xa2\x25\xcc\x9e\x64\xf6\x70\x4e\
\x18\x35\xac\x8f\xfc\x6f\x0c\x88\xeb\xbb\xab\x27\x96\xc7\x96\x35\
\xc8\xc5\x2f\x4f\xf1\xaf\x67\x0f\x88\xa7\x56\x8c\x6a\x52\xf8\x5a\
\xd3\xfa\xf2\x3e\xab\x1d\x81\xa9\x85\xaf\x2c\x3d\x5f\x8a\x2e\xcf\
\xfc\xd7\x93\xdd\x79\x13\x6c\x04\x52\x18\x85\x2a\x49\x91\x56\xac\
\xb4\xf6\xbb\x6e\x3a\x77\x35\x9d\x49\xa5\xab\x38\xf9\x5b\x76\x45\
\x23\x1e\xe3\xf7\x79\xae\xcf\xc0\xfe\x17\x58\x65\x8e\xf2\x75\xc9\
\x1c\xc4\xa4\x74\x3f\xde\xff\x00\x0a\xe7\xf5\x1b\x08\xe2\xf2\xd6\
\x3f\xbc\x3e\xf5\x77\xba\x67\x16\x70\xaf\xfb\x0a\x3f\x4a\xe0\xad\
\x88\xbc\x6d\x13\xbb\x05\x41\x39\xbe\x6e\x86\x9c\x6c\x76\x71\x56\
\x21\x3b\x5f\xf5\xaa\x28\xe5\x47\x1c\xd5\xc8\x0f\x9c\xbf\x2f\xe3\
\x5c\xd1\x8f\x63\xd2\x92\xb1\x6e\x0e\x2b\x4a\xdc\x66\xa9\x59\xdb\
\x34\xd2\x61\x14\xb1\xcf\x6a\xe9\x74\x4f\x09\x4b\x7a\xe3\x77\xca\
\xbd\xfd\xab\xaa\x94\x5b\x76\x47\x36\x27\x1d\x47\x0b\x4e\x55\xb1\
\x12\x51\x8c\x56\xad\x8c\xd3\x03\x49\x22\xaa\x8c\xb1\x3d\x85\x74\
\xcb\x67\xe5\x44\x3c\xcc\xff\x00\xba\x2a\xce\x9f\xa3\xc3\xa5\x43\
\xb6\x34\x01\xbb\xb1\x1c\x9f\xc6\x8b\x8e\x9c\xd7\xa5\x47\x09\xd5\
\x9f\x90\x71\x17\x8a\x4d\xc5\xd1\xca\x97\x2f\xf7\xde\xff\x00\x25\
\xd3\xd5\xeb\xe4\x8a\x13\x8e\x31\xd3\xd8\x57\xa6\xfe\xc6\xcd\xbb\
\xe2\xb6\xac\xbd\xff\x00\xb1\x64\x3d\x7f\xe9\xbc\x15\xe5\xf7\x32\
\x8f\xd3\x9a\xe8\x3e\x08\x7c\x55\x87\xe0\xf7\x8f\xa4\xd5\xae\x6c\
\x67\xd4\x2d\x2e\xac\x9e\xc6\x64\x85\xc2\xcb\x12\xb4\x91\xbf\x98\
\xa0\xf0\xc4\x79\x78\xda\x4a\xe7\x77\x51\x8e\x7a\x2b\xe1\xdb\xa3\
\x28\xc1\x6b\x63\xf2\xbc\x2e\x65\x3a\x98\xd8\xd7\xc4\xcd\xbb\xbd\
\x5b\xbb\xfb\xf7\x67\xd7\xb9\xa3\x15\x8b\xe0\x7f\x88\x9a\x2f\xc4\
\x9d\x2d\xaf\x34\x4b\xf8\x6f\x23\x4c\x79\xb1\x8f\x96\x58\x09\xec\
\xe8\x7e\x65\xfc\x46\x0f\x62\x47\x35\xb5\x9a\xf9\x59\x45\xc5\xda\
\x4b\x53\xee\x23\x28\xc9\x73\x45\xdd\x05\x34\xbf\x34\xad\xf7\x4f\
\xd2\xa3\x3c\x56\x6e\x45\x6e\x72\x1f\xb4\x9f\x83\xad\x7e\x20\x7e\
\xce\x9e\x32\xb0\xba\x40\xed\x67\xa5\xdc\x6a\xb6\x6d\x8f\x9a\x0b\
\xab\x68\x9e\x68\x9d\x4f\x6c\x95\x28\x71\xd5\x1d\xc7\x42\x6b\xf3\
\x1e\x4f\x15\x0b\xab\x75\x65\x6d\xc1\x97\x3f\x9d\x7e\xa8\x7c\x4c\
\x6d\xbf\x08\x7c\x62\x7d\x3c\x3f\xa8\xff\x00\xe9\x2c\x95\xf9\x07\
\xa4\x5c\x13\xa6\x41\xd0\xfc\x83\xf9\x57\xb1\x94\x7b\xca\x69\xed\
\x74\x7d\x06\x43\x95\xd1\xc5\x73\xce\xaa\xd6\x2d\x7e\x37\x37\x2e\
\x35\x76\x94\xfd\xea\xa3\x3d\xc1\x66\xfe\xb5\x11\x9b\x6e\x46\x7f\
\x33\x4c\xf3\xb0\x6b\xd8\x56\x5b\x1f\x65\x4f\x0b\x4e\x9a\xb4\x10\
\xe7\x5c\xb9\xa8\x65\x1f\x9e\x69\xd2\xcd\xc5\x49\x06\x97\x71\x7b\
\x17\x98\x91\x37\x96\x06\x77\x1e\x01\xac\xea\x6a\x8d\xea\x56\x85\
\x35\x79\xb4\x91\x9b\x34\x5c\x7e\x35\xab\xe1\x48\x71\x24\xbf\x40\
\x2a\x0b\x7d\x3f\x7f\xda\x37\xaf\xcc\x91\xe4\x0f\x43\x91\xcd\x68\
\x78\x66\x2d\xab\x37\xd5\x7f\xad\x73\xc6\x36\x95\xcf\x2b\x38\xab\
\x7c\x24\xd2\xf2\xfc\xd1\xa3\x31\xf9\x2b\x23\x56\x9d\x20\x89\x99\
\x99\x51\x47\x52\x4e\x2b\x62\x68\xc9\x8c\xf7\xae\x77\xc4\xda\x44\
\x97\x0d\x91\x1b\x49\xf4\x19\xc5\x2c\x45\x67\x18\xdd\x1f\x1d\x95\
\xe0\xd5\x7a\xea\x13\x76\x5f\xd6\x87\xd3\x5f\x00\xfe\x20\xe8\x7a\
\x27\xfc\x12\x87\xe2\xe5\xd5\xd7\x88\xfc\x3f\x6f\xaa\x69\xf7\x3a\
\xa6\x91\x67\xa5\xcd\xa8\x46\x97\xf7\x6f\x7b\x67\x6d\x1c\x0d\x0c\
\x04\xef\x91\x7c\xcb\x89\x09\x2a\x08\x02\x19\x4f\xf0\x36\x3d\x77\
\xf6\xce\xf1\xe7\xf6\xf7\xfc\x13\x77\x4b\xd6\x03\xfc\xbe\x36\xb3\
\xf0\xfc\x99\xf5\x32\x88\x6f\x18\x7f\xe4\x26\xcf\xd0\xd7\xe6\xed\
\xd7\x85\xdd\xa6\xde\xd6\xce\x5f\x18\x07\x67\x35\xf4\x3f\xc4\x2f\
\xda\xe7\x49\xf8\x85\xfb\x06\x7c\x33\xf8\x43\x07\x84\xf5\xad\x3f\
\xc4\x9e\x07\xd4\x8d\xc6\xa5\xae\xcb\xa8\x89\xac\xf5\x58\x13\xed\
\xa2\x04\x48\x0a\x6e\x8d\x91\x2e\xa3\x43\xf3\x6d\xc4\x1d\x32\xd9\
\xaf\x0a\x8d\x3a\x8a\xba\x9b\x4d\xa6\xfe\xee\xba\xeb\xfd\x5c\xfb\
\x09\x64\xb1\x52\x84\xe9\xbb\xf2\xca\xee\xfd\xb4\xd1\x7c\xd7\xf5\
\xd7\xca\x62\xb8\xc2\xd2\xb5\xc6\x7d\x2a\xb4\x44\xe3\xfd\xaa\x90\
\x1c\x8a\xf6\x65\xa9\xec\xc6\x24\xd6\xfa\x8c\xb6\x93\x79\x90\xbb\
\x46\xc3\xb8\x35\xd2\x68\xbe\x39\x86\x7c\x45\x7a\xa2\x33\xda\x45\
\xfb\xa7\xea\x3b\x57\x2d\xb3\xeb\x49\x9d\xb5\x94\xb0\xb7\x3a\x28\
\xe2\x25\x4f\xe1\x3d\x63\x46\xd4\x25\xd3\x8a\xc9\x6b\x32\xf9\x6d\
\xc9\x1f\x79\x1e\xba\x8d\x3b\x5f\x5b\xe5\x01\xbf\x75\x27\xa7\x50\
\x7e\x86\xbc\x37\x48\xf1\x15\xd6\x86\xf9\x86\x42\x17\x3f\x34\x6d\
\xca\x37\xe1\x5d\xf7\x84\xfc\x65\x6f\xaf\x9f\x2f\xfd\x4d\xd2\x8f\
\x9a\x32\x7a\x8f\x55\x3d\xff\x00\x9d\x73\xca\x8c\xa9\xec\x7a\xb4\
\x31\x90\xa9\xa3\xd1\xff\x00\x5b\x1e\x82\x66\x0e\xb4\x9e\x60\x3f\
\xc5\x59\xb6\x77\x2d\xb0\x2b\x1f\xa6\x6a\xc2\x5c\x65\x7f\x95\x5c\
\x26\xad\x63\xa1\xb2\xc3\x3e\x7e\x95\x1b\xbe\x38\xe3\xf2\xa6\x86\
\xe7\xf8\xa9\xae\x76\x8e\x3f\x1e\x6b\x54\x62\xdd\xd8\x92\x37\xa5\
\x46\x5b\x6d\x38\x93\xd6\x98\xcd\x93\x5a\x0c\x6b\x1f\x96\xa2\x63\
\x81\x4f\x69\x33\xdf\x8c\xd4\x6c\xfc\x7a\x9e\xf4\x09\xbb\x03\x36\
\xda\x8d\x9b\x68\xf7\xa1\xdb\x03\xde\x9a\x4e\x39\x34\x18\x03\xb7\
\x19\xa8\xcb\x67\x93\xff\x00\xea\xa0\x9d\xc6\xa3\x63\xb9\xa8\x00\
\x2d\xba\x9a\xed\xb6\x87\x6c\x0f\x7a\x69\x24\xd0\x01\xda\x83\x45\
\x35\x9f\x8a\x02\xf6\x1a\xc7\x34\xdc\x64\xfe\x14\xea\x42\x76\x8a\
\xcc\xc6\x52\x11\xdb\xb5\x46\xcf\xb7\x81\xd6\x9c\x38\x15\x19\x3b\
\x8d\x04\x85\x23\x36\xd1\x4b\x9a\x63\x36\xe3\xed\x48\x04\x27\x77\
\x5a\x3a\x51\x4c\x76\xc9\xc5\x00\x23\x3e\xe6\xf6\xa6\x93\x95\xa3\
\x1f\xef\x53\x72\xcb\x51\x2d\x36\x33\x93\x0c\xe4\x53\x5d\xf3\xc7\
\xe7\x4a\xc7\x0a\x69\x95\x8c\x8c\xc4\xce\xd3\xe9\x51\x48\xdc\x66\
\x9e\xfc\xb7\xd2\xa2\x99\xb0\x0f\xb0\xcd\x65\x26\x4f\x31\xf7\x44\
\x1f\x74\x7b\x1a\x93\x39\xf6\xa8\x61\x39\x19\xf7\xa9\xb3\x5e\x99\
\xfc\xe5\xca\x1b\x8e\x31\x48\xdc\x2d\x2e\x6a\x37\x7c\x9f\xa5\x05\
\xc6\x23\x83\xf1\xed\x51\x96\xc5\x0c\xdb\x45\x37\x1e\xbf\x7b\xf9\
\x50\x74\x46\x21\xe6\x7c\xbf\x5a\x6b\x36\x05\x0d\xc5\x46\x5b\xe6\
\xe7\xbd\x33\xaa\x11\x0c\xee\x34\xd6\x6c\xd2\xb3\x73\x81\x49\x9c\
\x52\x37\x8c\x44\x66\xda\x2a\x3c\xfe\x74\xac\xdb\x8d\x35\x8e\x39\
\xa0\xde\x31\x11\x8e\x3e\x5f\xce\x93\xa5\x35\x8b\x13\x49\x23\xf1\
\xfc\xe8\x36\x8c\x46\x48\x79\x34\xc2\x38\xa5\x63\x93\xfc\xa9\x8e\
\x79\xeb\x41\xbc\x62\x23\x9c\xfd\x29\xae\xdb\x45\x19\xc5\x31\x9b\
\x27\x34\x1d\x31\x88\xc9\x1f\x03\xff\x00\xaf\x4d\x66\xc7\xf9\xe9\
\x41\x6e\x72\x6a\x32\xd8\xff\x00\x3d\x6b\x33\xa2\x28\x18\xe2\xa3\
\x77\x24\xfb\xff\x00\x2a\x24\x93\xfc\xfa\x54\x2c\xff\x00\x87\xf5\
\xac\x65\xb9\xb0\xe6\x6d\xa3\xde\xa3\x91\xf1\xce\x3a\xd2\xc7\xfb\
\xd7\x0a\xaa\xcc\xcc\x70\x00\x19\x26\xb9\xe3\xe2\x2b\xcf\x17\x9d\
\x9e\x1f\xf2\x16\xc4\x31\x49\x35\x89\xd7\xcc\x81\xb1\xc1\x16\xc9\
\x91\xe7\x91\xd3\xcc\x24\x44\xa4\x82\x0c\xc5\x5e\x31\x32\xf7\x74\
\xeb\xd8\xb8\x41\xcb\xd0\xbb\xe2\x0f\x12\x59\x78\x6e\x28\x5a\xf6\
\x6f\x2d\xae\x1c\xc7\x04\x48\x8d\x2c\xd7\x4e\x06\x4a\xc5\x12\x02\
\xf2\x30\x1c\x90\x8a\x48\x00\x93\x80\x09\xaa\x09\x65\xad\x78\xa9\
\xb3\x33\x4b\xe1\xfd\x3f\xbc\x11\x48\xaf\xa8\x4c\x3d\x1e\x55\x2c\
\x90\x0e\xa3\x11\x17\x7c\x60\x89\x63\x20\xad\x6a\x78\x7b\xc1\xb6\
\x9e\x1d\x9a\x5b\x85\xf3\xae\xaf\xee\x54\x25\xc5\xf5\xd3\x79\xb7\
\x37\x00\x1c\xed\x67\xc0\x0a\x80\xe4\x88\xd0\x2c\x6a\x49\xda\x8b\
\x9a\xd6\x54\x0a\x2a\x7d\x9b\x7a\xcf\xee\x5f\xab\xff\x00\x86\xf9\
\x9b\xae\x58\xfc\x3f\x7b\xfd\x17\xf5\xf2\x28\xe8\x7e\x1b\xb3\xf0\
\xed\x80\xb7\xb2\xb7\x8a\xd6\x0d\xc6\x42\xa8\x3e\xfb\x9f\xbc\xec\
\x7a\xb3\x9e\xa5\x98\x96\x63\xc9\x24\xd5\xed\xa3\x18\xa4\x32\x64\
\xfb\x77\xa4\x27\x27\x8a\x2e\x96\x88\xa4\x9b\x77\x63\x58\xed\x19\
\x1f\x95\x33\x34\xac\x71\xf5\xa6\xb1\xc1\xa5\xa9\xb4\x29\xf7\x11\
\xc1\xce\x69\x19\xb6\x8a\x64\x8f\x9a\x66\x72\x7a\xfe\x74\xac\x75\
\x46\x36\x1b\x7b\x6b\x0e\xab\x63\x35\xad\xd5\xbd\xbd\xd5\xad\xd2\
\x18\xa6\x82\x78\xd6\x48\xa6\x53\xd5\x5d\x58\x15\x65\x3e\x84\x11\
\x58\x2b\xe1\x6b\xdf\x0c\x0c\xe8\xb7\x06\x7b\x31\xff\x00\x30\xdb\
\xf9\xd9\xd1\x07\xfd\x30\x9c\xee\x78\xff\x00\xdc\x93\xcc\x4e\x15\
\x57\xca\x5e\x6b\xa0\x25\x45\x35\x9d\x8d\x4b\x86\xb7\xea\x6b\x1b\
\xad\x11\x99\xa3\xf8\xa2\xdf\x54\xb9\x7b\x6d\xb3\x59\xea\x10\xae\
\xf9\x6c\xee\x54\x24\xd1\xae\x71\xbb\x19\x21\x93\x3c\x6f\x42\xc8\
\x4f\x01\x8d\x69\xac\x85\xb9\xeb\x54\xf5\x5d\x26\xdf\x58\xb7\x58\
\xee\xa1\x13\x2c\x4d\xbe\x36\xdc\x56\x48\x5b\xa6\xe4\x75\x21\x91\
\xb1\xc6\x54\x83\x83\x8e\x95\x9e\xf3\xdf\xe8\x07\xe6\xf3\x75\x4b\
\x51\xd5\xd0\x01\x75\x10\xf7\x51\x85\x90\x7f\xba\x15\xba\x00\xae\
\x79\xad\x22\xdd\xbd\xe3\x65\x66\x6d\xb9\xca\xb1\xa8\x64\x7c\x0c\
\x7e\x75\x05\x96\xb1\x06\xa9\x6f\xe6\x5b\xca\xb2\xae\x4a\x9c\x67\
\x28\xc3\xaa\x90\x79\x56\x1d\xc1\xc1\x1d\xc5\x12\x4f\xc3\x73\xf9\
\xd5\x0c\x79\x90\x0e\xdf\x9d\x34\xc9\xe8\x3f\x01\x55\x8d\xd3\x4f\
\xfe\xa6\x36\xb8\x6f\x55\xe1\x07\xfc\x0b\xa7\xe5\x93\xed\x40\xd2\
\x5a\xf3\xfe\x3e\xd9\x64\x4f\xf9\xe2\x9c\x47\xf8\xf7\x6f\xc7\x8f\
\xf6\x45\x06\x91\x4d\x91\xb6\xa6\xd7\xcc\xcb\x6a\xab\x37\x63\x21\
\x3f\xb9\x5f\xc7\xf8\xbe\x8b\xe9\x82\x45\x4b\x6f\xa4\x81\x2a\xcd\
\x33\x99\xe7\x5e\x84\x8c\x2a\x7f\xba\xbd\x07\xd7\x93\xea\x4d\x5b\
\x54\x08\x38\x00\x0e\xc3\x14\xee\xd4\x1d\x11\x82\x1a\xc7\x6a\xd3\
\x31\x4a\xf2\x64\x7b\x53\x19\xb7\x7f\x9e\xb4\xac\x8d\xa2\x92\xd8\
\x47\x39\x35\x16\x32\xb5\x21\x34\xc1\xd2\x99\xa4\x76\x22\x07\x61\
\xaf\x9f\xbe\x3a\x7e\xcc\x9f\x13\xb5\x3d\x73\xc4\xfe\x39\xd3\x3e\
\x19\xfc\x44\xd5\x7c\x0b\x87\xbf\x7f\x11\xd8\xf8\x72\xf2\xe7\x48\
\x8a\x28\x90\x09\xdd\xee\x92\x33\x12\x2c\x6e\x92\x07\x2c\xc3\x6e\
\xc3\x9c\x57\xbf\xc8\x71\x1d\x7d\xb9\xfb\x3c\xf8\xfd\xb5\x0f\xf8\
\x37\xb3\xf6\xb4\xd2\x4c\xc7\xed\x1e\x1c\xd1\x7c\x4c\x89\x1f\x74\
\x86\xe3\x49\x49\x51\xbf\x19\x1a\x6f\xfb\xe4\xd7\x8b\x9e\x66\xf5\
\xb2\xdc\x3f\xd6\x68\xc5\x4b\x54\x9a\x77\xd9\xf5\xd3\xce\xc7\xa1\
\x81\xa6\xa7\x3e\x56\x7e\x73\x47\xff\x00\x04\xc9\xf8\xb1\xfb\x30\
\x78\x97\xc1\x7e\x22\xf8\xb9\xa0\xda\xf8\x15\x75\x4b\x99\x6f\x74\
\x9d\x16\xea\xee\x3b\xad\x52\xfc\x5a\x18\x99\xa5\x64\x80\xbc\x70\
\x46\xb2\x4d\x08\xc4\xb2\x09\x09\x24\x08\xc8\x0c\xcb\xe9\xb7\x17\
\xdb\x89\xfc\x6b\xee\x3f\xf8\x38\x4b\xc4\x11\xea\xbf\x1e\x3e\x13\
\xc3\x0c\x9b\xe3\x87\xc3\xd7\xf7\x8a\x41\xea\xb7\x17\x10\xed\x3f\
\x8f\x93\xfa\x57\xc0\xf2\xdc\xe1\x6b\x7c\x87\x30\xad\x8c\xc0\xc3\
\x19\x88\xb2\x94\xaf\xa2\xd9\x5a\x4d\x2b\x7c\x91\x39\x85\x6a\x38\
\x56\xf9\xdd\x91\x35\xc5\xd6\xfe\xd8\xf7\xaa\x73\xdd\x90\x3f\xad\
\x32\x4b\x86\x7f\xbd\xf9\x55\x69\xa7\xc0\xaf\x52\x53\x6f\x44\x7c\
\x3e\x3b\x88\x2a\x54\x6e\x34\xbd\xd5\xf8\x84\x92\xb1\x3d\xea\x83\
\xdc\x02\x58\x74\xf5\xa9\xde\xe4\x1a\xaf\x3c\x22\x4f\xbd\xff\x00\
\xd7\x15\x3c\xa7\x84\xab\x73\x3b\xb2\x19\xa5\xc0\xaa\xb3\xc8\x2a\
\x49\xe0\x78\xcb\x6d\xf9\x87\xeb\x55\x64\x93\xfd\xa3\x4a\xed\x1a\
\xad\x76\x23\x9d\xb2\x2b\x53\xe1\x6f\x8b\x1b\xe1\xbf\xc5\x6f\x0a\
\x78\xa0\x5a\x8b\xff\x00\xf8\x45\xf5\xab\x1d\x63\xec\xa5\xc4\x62\
\xeb\xec\xd7\x11\xcf\xe5\x96\x2a\xc1\x77\x6c\xdb\x92\xac\x06\x73\
\x83\xd0\xe5\x37\x27\xae\x29\xea\x00\xe9\x53\x28\xa9\x45\xc6\x5b\
\x3d\x0a\x8d\xe2\xd4\x91\xb1\xab\x7c\x2a\xb8\xf0\xf7\x87\xae\xb5\
\x4f\x0e\xea\x12\x78\xcf\xc3\x3a\x74\x46\x6b\xab\xe4\x84\xc3\xa9\
\x69\x91\x8e\xb2\x6a\x16\x9b\x99\xe0\xea\x37\x4c\x8d\x2d\xae\xe7\
\x0a\xb7\x0c\xd9\x50\xef\x84\x3f\x15\x24\xf8\x73\xe2\xa1\xaa\x5a\
\xc7\x1d\xdc\x73\x40\xd6\xd3\xc2\x5b\x6f\x99\x13\x32\xb7\x0d\xce\
\x0e\x51\x48\x38\x23\xdb\x9a\xa7\xa3\x6b\x37\x9e\x1c\xd6\x6d\x75\
\x2d\x36\xf2\xf3\x4d\xd4\xac\x5f\xce\xb5\xbb\xb3\x9d\xed\xee\x2d\
\x9c\x70\x1e\x39\x10\x86\x46\xeb\xca\x90\x6b\x5e\xea\x6f\x0f\xfc\
\x42\x94\xb6\xb3\x02\xf8\x6f\x5a\x91\xb2\x35\xbd\x1e\xcd\x56\xde\
\x76\xff\x00\xa7\xbb\x04\xdb\x1b\x67\x8c\xcd\x6d\xe5\x48\x3e\x77\
\x78\xee\x9c\xe2\xb8\x31\x98\x45\x5a\x84\xb0\xd8\x85\xcf\x4e\x4a\
\xcf\xbd\xbc\xed\xf9\xab\x3e\xc8\xf7\xb2\x8c\xda\xbe\x03\x19\x4f\
\x30\xc1\x4d\xd3\xab\x4d\xf3\x45\xab\x68\xd7\xad\xd7\xaa\x69\xa6\
\xae\x9e\x9a\x1f\x41\xf8\x23\xe2\x9e\x8b\xf1\x12\x0d\xb6\x37\x06\
\x3b\xb2\xa4\xb5\xa4\xe0\x24\xcb\xeb\x81\xd1\x87\xba\x93\xef\x8a\
\xfb\x77\xc5\x3f\x1c\x3c\x1b\xfb\x33\xfe\xcc\xfe\x11\xf1\x57\x8f\
\xbc\x43\x63\xe1\x8d\x1a\x4d\x0e\xc5\x60\x7b\x92\x5a\x6b\xf9\x3e\
\xc9\x13\x18\xad\xa1\x50\x64\x9e\x4c\x10\x76\xc6\xac\x40\x39\x38\
\x5c\x9a\xfc\x91\xd6\xbc\x21\xad\x78\x02\x3b\x6b\x8b\xd4\x86\xe3\
\x4f\xb8\x93\x6d\x8e\xb1\xa7\xcd\xe7\xd8\x5d\xb0\xe7\x11\xcc\x00\
\x2b\x20\x18\x26\x29\x02\x4c\x80\x8d\xf1\xa1\xe2\xa8\x78\x8f\xc3\
\xfe\x20\xfd\xa0\xbc\x5a\x97\xfa\x8d\xe6\xb5\xe2\xed\x53\x4f\xb3\
\x4b\x55\xbb\xd4\xef\xa4\xbb\x3a\x75\xa4\x7c\x2a\x19\xa6\x72\xb0\
\x5b\xa6\x7f\x89\x96\x34\xc9\x3c\x73\x5f\x8c\x66\xfe\x09\xe0\xb3\
\x1c\x54\x27\xf5\x99\x42\x82\x6d\xb8\xd9\x39\x7a\x29\x6c\xbd\x5a\
\x6d\x79\x9f\xd0\xd9\x97\xd2\x17\x30\xcc\xb2\xba\x78\x5c\x66\x1a\
\x3e\xde\x0d\xfb\xf1\x6d\x46\x49\xab\x5d\xc3\xa3\xd2\xee\xd2\xb3\
\xe8\xa3\xb1\xe9\x1f\xf0\x50\xef\xf8\x29\xac\x1f\xb6\xd6\x8f\xa4\
\xf8\x5f\xc3\xbe\x15\xbc\xd0\x7c\x23\xa0\x6a\xbf\xda\xd1\x5f\x6a\
\x93\x29\xd4\xb5\x19\x96\x09\x61\x5d\xd1\x46\x4c\x70\x46\x16\x69\
\x0e\xdd\xf2\xb3\x1d\x87\x72\x60\xa1\xf0\x9f\x86\x9e\x00\xd6\xbe\
\x28\x49\x74\xda\x5c\x36\xf1\x69\xba\x71\x51\xa8\x6a\xd7\xd2\xfd\
\x9f\x4e\xd3\x72\x32\x04\xb2\xe0\xe6\x46\x00\x95\x86\x30\xf3\x49\
\xb4\xf9\x71\xb9\x04\x57\x61\x65\xf0\xef\xc2\x7e\x12\x65\xfb\x52\
\xc7\xe2\xdd\x49\x7a\xc4\x92\x49\x0e\x91\x6c\x7b\x82\xca\x56\x6b\
\xa6\x1d\x3e\x53\x14\x60\xae\x43\x4e\x86\xb5\xef\xbc\x49\x73\xad\
\x45\x6b\x15\xc4\x8b\xf6\x7b\x15\x64\xb4\xb6\x8a\x24\x82\xda\xcd\
\x49\xcb\x2c\x50\xc6\x16\x38\x94\x9e\x48\x45\x50\x49\x24\xe4\x92\
\x6b\xf5\xee\x1d\xc8\xf0\x59\x2e\x5f\x0c\xb3\x2a\x87\x25\x28\xdd\
\xab\xb6\xdb\x6d\xdd\xb7\x77\x76\xdb\xf4\x4b\xa2\xb6\x87\xe0\x79\
\xe6\x6d\x5b\x31\xc5\x3c\x5e\x2e\x5c\xd3\x7f\x25\xa6\xcb\x4e\xc7\
\x50\x3c\x6b\xfd\x9b\xa3\x68\x3a\x1d\xb6\xa1\xa8\x6a\xda\x57\x85\
\xec\xcd\x85\x9d\xdd\xfa\x85\x9a\x55\x69\x1a\x56\x54\x51\x93\x15\
\xba\xbb\xb7\x95\x0b\x33\x14\x05\x9b\x2a\x64\x64\x5d\x5b\x3f\x14\
\x2d\xd4\x7b\x95\xb3\xf8\xf4\xaf\x3c\x17\x41\x47\xde\xfd\x69\x61\
\xd5\x0c\x0f\xba\x39\x30\xdf\x5e\xb5\xdd\x5b\x09\x06\xb4\x38\x30\
\xb8\xc9\xd3\x7a\xec\x7a\x64\x7a\xee\x47\x5a\x90\x6b\xa4\x0a\xe1\
\xec\x35\xf3\x32\xfc\xdc\x1f\x6a\xdc\xd1\x6c\xae\x35\x9d\x3e\xee\
\xfb\xcc\xb5\xb3\xd2\xf4\xdd\xbf\x6e\xd4\xef\x67\x5b\x6b\x1b\x1d\
\xd9\xda\x25\x99\xc8\x50\xcd\x83\xb5\x01\x2f\x21\x18\x45\x66\xc0\
\xaf\x1e\x78\x77\x17\x63\xea\x70\x78\xe8\x5a\xf7\x37\x06\xb6\x40\
\xc9\xe3\xeb\x5a\x97\xb7\x36\x7e\x11\xf0\xe5\xbe\xb9\xe2\x9d\x52\
\x3f\x0d\xe8\xd7\xaa\x64\xb2\x2f\x17\xda\x35\x0d\x5d\x41\x20\xfd\
\x8e\xd4\x32\xb4\xc3\x20\xaf\x9a\xed\x1c\x01\x81\x56\x99\x5b\x8a\
\xf2\x3f\x15\x7e\xd3\x9a\x37\x85\xdd\xad\x7c\x15\x6c\x9a\xfe\xa0\
\x87\x0d\xe2\x0d\x5a\xcb\xfd\x0a\x23\xd3\x36\x96\x12\xaf\xcf\xed\
\x2d\xe2\x9c\x83\xff\x00\x1e\xd1\xb0\x0d\x5e\x63\xac\x78\x93\x51\
\xf1\x86\xbb\x73\xab\x6b\x5a\x95\xfe\xb1\xab\x5f\x30\x92\xe6\xfa\
\xf6\xe1\xee\x2e\x27\x20\x00\x0b\x48\xe4\xb1\xc0\x00\x0c\x9e\x00\
\x00\x60\x01\x5d\x74\x72\x97\x2b\x4a\xae\x8b\xb7\x5f\xf8\x1f\xd6\
\x85\x62\xf8\xba\x54\x17\x26\x0d\x5e\x5d\xde\xcb\xd1\x75\xf9\xe9\
\xea\x7a\xf7\x8c\x3f\x6a\x9d\x42\xf9\x24\xb3\xf0\x7d\xac\xde\x12\
\xd3\xdd\x4a\x3d\xe9\xb8\xf3\xb5\x9b\xb5\x23\x07\x75\xc0\x0a\x20\
\x56\xc9\xf9\x2d\xd5\x0e\xd6\x2a\xf2\x4c\x39\x3e\x67\x6d\x2c\x76\
\x89\x84\x55\x55\x1d\x00\xac\x99\x75\x68\xed\xc7\x53\xbb\xfb\xa2\
\xa9\x4f\x77\x36\xa0\x79\x25\x53\xfb\xa0\xf5\x1e\xf5\xde\xdd\x2a\
\x2b\x92\x9a\x3e\x3e\x54\x71\xd9\x95\x6f\x6f\x88\x93\x93\xee\xff\
\x00\x4f\x2f\x25\x64\x7b\x87\xc1\x5f\x88\x3a\x4e\xa9\xa1\xae\x8b\
\x1e\xa1\x6f\xfd\xad\x6a\xd2\xbb\xda\x33\x6d\x95\xd0\xb1\x6d\xc8\
\x0f\xdf\x50\x08\xc9\x4c\x85\x3c\x1c\x1a\xd9\xf1\x05\xef\xde\xe6\
\xbe\x6f\xbb\xf0\xb4\x5a\xa4\x68\xb3\x44\x1b\x63\x07\x43\xc8\x68\
\xd8\x74\x65\x3d\x55\x87\x62\x08\x23\xb5\x74\x1a\x5f\x8a\xbc\x5f\
\xa4\x40\xb1\xc5\xa9\x41\xad\x5b\xaf\x02\x1d\x55\x58\xcc\x07\xa0\
\xb9\x4f\x9f\xf1\x91\x25\x6f\x7a\xec\xa3\x8e\xd3\x96\x71\xfb\x8f\
\x96\xcd\xbc\x35\xab\x3a\xd2\xc4\xe0\xe6\xa4\xe4\xdb\x71\x7a\x3b\
\xbe\xcf\x67\xe8\xed\xea\xce\xc3\xc5\x17\x99\x0d\x5e\x7b\xe2\x1b\
\xcc\xb3\x1c\xf7\xad\x4d\x43\xc5\xba\xd5\xec\x58\x9f\xc2\x3a\xce\
\xf3\xfc\x76\x57\x36\xf7\x70\xfe\x19\x91\x24\xfc\xe3\x15\xcb\xeb\
\x1f\xdb\x53\xab\x34\x5e\x13\xf1\x6c\xed\xd4\x22\x69\xff\x00\x31\
\xfc\xd8\x0f\xd6\xb7\xa9\x88\x87\x2e\x9f\x93\x39\xb2\xee\x13\xcc\
\xa9\x54\xb4\xe8\x4b\xee\xba\xfb\xd5\xd1\x8b\xaa\xdc\x92\xcd\x5c\
\x2f\x8d\x7e\x30\x69\xfe\x05\xb8\x31\xe3\xed\xba\x82\x91\xfe\x8f\
\x1b\xe3\x6f\xfb\xed\xce\xdf\xa6\x09\xf6\xef\x4e\xf8\x81\xe1\x9f\
\x8b\x9e\x27\x2f\x06\x97\xf0\xff\x00\xc5\x5a\x6d\x9b\x70\x5e\x2b\
\x36\x96\xe2\x41\xfe\xf2\xe7\x6f\xd1\x79\xf7\xae\x05\x7f\x65\xdf\
\x89\x49\xff\x00\x34\xf3\xc6\xdb\x8f\x27\xfe\x24\xf3\x9c\xff\x00\
\xe3\xb5\xe2\x56\xc6\xcd\xbb\x52\x8b\xf5\x69\xff\x00\x97\xe6\x7e\
\xa5\x97\xe4\x35\x61\x04\xf1\x0b\xe5\xfe\x6f\xfc\x8f\x78\xf8\x6f\
\xf1\xc7\xc3\xff\x00\x12\x44\x70\xdb\x5c\x1b\x1d\x49\x87\x36\x57\
\x44\x2c\x8c\x7f\xd8\x6f\xba\xff\x00\x87\x3e\xc2\xbb\x48\xce\xd9\
\x30\x72\xa7\x35\xf2\x7b\xfe\xcd\xdf\x10\xe1\x3f\xbc\xf0\x1f\x8c\
\x57\x1e\xba\x44\xe3\x1f\xf8\xed\x7a\x77\xc2\xf9\x7e\x2e\xf8\x5c\
\x2d\xbe\xa3\xe0\x9f\x14\x6b\x1a\x5c\x20\x65\xae\xed\x1e\x09\xa0\
\x5f\xf6\x66\x90\x00\x7e\x8f\x9f\x40\x45\x7a\xb8\x5c\xda\x4f\x4a\
\xeb\xe6\x93\xfc\x8f\x9d\xcd\x78\x25\xfc\x78\x2f\xfc\x05\xfe\x8f\
\xfc\xfe\xf3\xea\xe8\xce\xef\x0d\xd9\xff\x00\xd7\xba\x7f\x2a\xe0\
\x3c\x6b\x29\x05\xbe\x86\xba\x7f\x03\x78\xfb\x4b\xf1\x8e\x87\x1d\
\x9c\x2d\x71\x67\xab\x59\xc0\x0d\xc6\x9b\x7d\x09\xb7\xbc\x85\x47\
\x1b\xb6\x37\xde\x4c\xff\x00\x1a\x16\x4c\xf1\xbb\x35\xcb\xf8\xe1\
\x30\x5f\xd2\xbd\xd7\x52\x32\x87\x34\x5d\xd1\xf9\x05\x1c\x0d\x6c\
\x3e\x2e\x54\xab\xc5\xc6\x49\xec\xd3\x4f\x7f\x33\xcb\x3c\x4f\x2f\
\xcc\xdf\x5a\xf6\xff\x00\xf8\x26\x85\x9c\x7a\xfd\xaf\xed\x5d\x67\
\x32\x89\x20\x6f\xd9\xc3\xc5\xf7\x45\x4f\x4d\xf0\x3d\x84\xf1\xb7\
\xd5\x5e\x35\x22\xbc\x27\xc5\xbf\x21\x6a\xf6\xdf\xf8\x24\x36\xa9\
\x1f\x88\x3f\x6a\xdf\x17\x7c\x37\x6b\xab\x5b\x3b\xcf\x8e\xbf\x0c\
\x7c\x51\xf0\xdb\x4e\x9e\xe6\x41\x1c\x29\x7b\x7d\x62\x64\xb7\x56\
\x63\xc0\xdf\x2d\xb2\xc6\x33\xd5\x9d\x47\x52\x2b\xe3\x78\xb1\xb7\
\x95\x55\x4b\x7b\x5f\xee\x69\xfe\x47\xf4\x5f\x05\xcf\x96\x34\xdb\
\xfe\xb4\x3c\xab\xe2\xcd\xf3\x5d\x7c\x08\xf8\x13\x23\x1c\xbf\xfc\
\x23\x17\x91\xe4\xfa\x26\xa5\x70\x8a\x3f\x05\x50\x3f\x2a\xe3\xac\
\x43\x5c\x9f\x94\x71\xea\x6b\xb3\xb2\xf0\xbe\xa9\xf1\x97\xf6\x49\
\xf0\xbd\xbe\x9b\xa6\xdf\x37\x8b\xbe\x0d\xdf\x6a\x1a\x4f\x88\x74\
\x36\x89\x93\x51\x86\x09\xa7\xf3\x01\x30\x91\xbf\x74\x6e\xae\x85\
\x71\xbb\x77\x9a\x31\x95\xc5\x72\x5a\x3d\xed\xad\xec\x0a\xd6\xf2\
\x79\x88\xdd\x33\xc1\x1f\x5a\x9c\xa7\x34\x84\xb0\xca\x10\xdd\x7e\
\xae\xe7\xdd\x71\x26\x1e\x53\xc6\xac\x54\x97\xb9\x52\x30\x71\x7d\
\x1d\xa1\x18\xb5\x7e\xea\x49\xa6\xb7\x4c\x9d\x34\xf6\x71\xf2\x36\
\x0f\x7c\x8a\xe8\x34\x58\xb6\x5b\x0c\xae\xd3\x8e\x6a\x9d\x92\x64\
\xe1\x96\xb5\xac\xe2\xda\x2b\xae\x75\xe5\x3e\xa7\x8d\x4e\x8c\x13\
\xbc\x46\xff\x00\x61\x47\x34\x9b\x8f\xcb\xf4\x35\xd1\xda\x1d\x81\
\x57\xfb\xb8\x15\x9f\x6e\xbf\x37\xf4\xae\x8f\xc3\xfe\x12\xba\xd5\
\xc0\x90\x29\x8e\x1e\xee\xfd\x3f\x0f\x5a\x88\x73\x49\xd8\xde\x9c\
\x63\x1f\x85\x10\x46\xad\x2f\xca\xa3\x27\xa7\x15\xd1\xf8\x7f\xc2\
\x12\x4c\x56\x49\x99\xa3\x5e\xca\x3e\xf1\xff\x00\x0a\xd9\xd0\xbc\
\x21\x1d\x99\x02\x35\xf3\x24\xee\xe4\x74\xfa\x7a\x56\xfc\x16\xb1\
\xd9\x7a\x33\xf7\x3e\x95\xdd\x1a\x7a\x6a\x6b\xca\xda\x22\xd3\xf4\
\x78\xac\x63\x18\x55\x5e\x33\xee\x6b\x77\x4f\xb3\x92\xdf\x4e\x8a\
\xe5\xe1\x92\x38\x2e\x9e\x45\x86\x42\xbf\x2c\x85\x36\xef\x00\xf7\
\x2b\xb8\x64\x76\xdc\x3d\x46\x71\x9e\x6c\x9e\xbc\xff\x00\x3a\xf4\
\x5f\x81\x1e\x3f\xb1\xd0\x3c\x3f\xa9\x68\xfe\x26\xd1\x5f\xc6\x5e\
\x07\xd5\xaf\x9a\xe2\xef\x4a\x4b\x9f\xb1\xea\x1a\x2d\xe7\x92\x91\
\xfd\xbb\x4c\xba\xc1\x10\xce\x62\x10\x6f\x8a\x55\x78\x67\x11\x46\
\xae\x17\x01\xd7\xa3\x0a\xe4\xaa\x73\x42\x3c\xd6\x5b\x5e\xcd\xaf\
\x2b\xd9\x5f\xd5\xaf\x53\xf3\xaf\x12\x28\xa9\xe5\x5c\xb5\x27\xc8\
\x9c\xe3\xab\xbd\xaf\xab\x57\xb6\xb6\xd3\x7b\x3b\x76\x39\x99\x5c\
\x55\x3b\xc6\xfe\x7f\xe7\xf9\xd7\xa5\xf8\xe3\xf6\x73\xb9\x1e\x18\
\xbd\xf1\x57\xc3\xfd\x55\xbe\x22\x78\x2a\xc5\x04\xb7\xd2\x41\x6c\
\x6d\xf5\xbf\x0e\x29\x19\xdb\xa9\x69\xf9\x32\x44\xab\x86\x5f\xb4\
\xc5\xe6\x5b\x36\xc2\x44\x8b\x90\xb5\xe5\x46\xfe\x3b\xb8\x83\x46\
\xe1\x81\x19\x04\x1c\x83\x5e\xd5\x1a\xd4\xab\x2e\x6a\x2e\xf6\xdd\
\x6a\x9a\x7d\x9a\x7a\xa7\xe4\xd2\x3f\x9d\xb1\x98\x3a\xd8\x79\x28\
\xd5\x5b\xea\x9e\xe9\xae\xe9\xab\xa6\xbc\xd3\x65\x29\xfb\x1f\x6e\
\x6a\x03\x1e\x3a\xfa\xd5\xa9\x02\x93\x55\xdf\x92\xb5\xd0\xa7\x7d\
\xce\x48\xc4\x66\x9f\xa8\x5e\x78\x7f\x54\x87\x50\xd3\xae\xee\x34\
\xfb\xe8\x79\x8e\xe2\x07\x29\x22\xfa\x8c\x8e\xa0\xf7\x07\x20\xf7\
\x06\xbd\xb7\xe1\x6f\xed\x9f\x1e\xe8\xac\x7c\x67\x08\x84\x9c\x05\
\xd5\x6d\x62\x3e\x59\xff\x00\xae\xd1\x2f\x2b\xfe\xf4\x79\x1f\xec\
\x28\xe6\xbc\x3e\x6e\xbf\x8d\x53\x9e\x3d\xc0\x77\xe3\xbd\x71\xd7\
\xc3\xd3\xaa\xbd\xf4\x7a\x78\x3c\x6d\x6c\x3b\xf7\x1e\x9d\xba\x1f\
\x7a\x69\xda\x85\xb6\xb3\xa6\xc1\x7b\x63\x73\x6f\x7b\x67\x74\xbb\
\xe2\x9e\x09\x04\x91\xca\x3d\x55\x86\x41\xa7\x37\x53\xf5\xaf\x86\
\xfc\x09\xf1\x2b\x5e\xf8\x4d\xa9\x35\xc6\x81\xa8\x49\x6a\xb2\x36\
\xe9\xed\x1c\x79\x96\xb7\x47\xfd\xb8\xcf\x19\xed\xb8\x61\x87\x66\
\x15\xf4\x37\xc2\xaf\xdb\x03\x41\xf1\xcb\x47\x67\xad\x84\xf0\xde\
\xac\xdf\x28\xf3\xa4\xcd\x94\xe7\xfd\x89\x4f\xdd\x27\xfb\xb2\x63\
\xa8\x01\x98\xd7\x81\x8a\xcb\x6a\x53\xf7\xa3\xaa\x3e\xbf\x07\x9a\
\x52\xad\xa3\xd1\x9e\x87\xf1\x50\xed\xf8\x3b\xe3\x43\xff\x00\x52\
\xe6\xa4\x7f\xf2\x52\x5a\xfc\x7c\xd1\xe5\xc6\x99\x07\xfd\x73\x1d\
\xbd\xab\xf6\x0f\xe2\xa2\x30\xf8\x37\xe3\x6c\x8e\x4f\x86\xf5\x22\
\x3d\xff\x00\xd1\x25\xaf\xc7\x9d\x0a\x09\x27\xb2\xb5\x8e\x34\x79\
\x24\x74\x55\x54\x45\xdc\xc4\xe3\xb0\x15\xae\x4e\xb4\x9a\xf3\x47\
\xe8\x9c\x33\x25\x0a\x75\x1c\xbb\xaf\xd4\xb7\xe7\x7f\x9c\x54\xfa\
\x66\x9d\x75\xae\x5d\x79\x36\xb0\xb4\xcf\xd4\x91\xc2\xa0\xf5\x63\
\xd0\x0a\xe9\xfc\x39\xf0\x8e\x79\xf6\xcd\xaa\x37\x91\x19\xe4\x5b\
\xc6\x73\x23\x7f\xbc\xdd\x17\xe8\x39\xfa\x57\x61\x6b\xa5\xc1\xa6\
\xda\xad\xbd\xbc\x31\xc1\x0a\xf4\x54\x18\x07\xdc\xfa\x9f\x73\xcd\
\x7b\x71\x8d\xcc\x73\x4e\x2c\xa3\x42\xf4\xf0\xde\xf4\xbb\xf4\x5f\
\xe7\xf2\xfb\xce\x57\x49\xf0\x34\x3a\x76\x1a\xe3\x6d\xcc\xfc\x67\
\xfe\x79\xa9\xf6\x1d\xfe\xa6\xac\x6a\x9e\x05\xf1\xf7\x8d\xb4\x7d\
\x4a\x7f\x03\xf8\x1f\xc5\x5e\x2b\xb5\xf0\xfa\x45\x71\xad\xdd\x69\
\x3a\x45\xc5\xf4\x3a\x64\x52\xb3\x88\xbc\xe6\x89\x5b\xca\x12\x18\
\xe4\x00\xb6\x32\x23\x6c\x74\x24\x6c\x4c\xb8\x76\xf6\x35\xb5\xf0\
\xcf\xe2\xb7\x8b\x3e\x09\xf8\xba\x1d\x7b\xc1\x5e\x28\xd7\xfc\x23\
\xad\x5b\xe0\x2d\xe6\x93\x7a\xf6\xb2\x3a\xe4\x1d\x92\x05\x3b\x65\
\x8c\x90\x33\x1c\x81\x91\xba\x15\x22\xb9\xf1\x14\xea\x38\xb7\x4a\
\xdc\xdd\x2f\x7b\x7e\x1b\x7a\xdb\xe4\xcf\x9b\xc2\xe6\xca\xae\x25\
\x56\xc7\x37\x25\xe5\xd3\xd1\x6d\xf2\x32\x7e\x1c\xf8\xff\x00\xc0\
\x3f\x0a\x7c\x49\x67\xab\x78\xcb\xe1\xec\x9f\x11\x3c\x0f\xe2\x6b\
\x69\x2d\xc5\x98\xd6\xa5\xd2\x35\x6b\x1d\x8f\x1c\x82\x58\x67\x8b\
\x28\x26\x45\x75\x47\x57\x47\x8e\x40\x58\x0d\x84\x07\x5b\xbf\xb4\
\x25\xb7\xec\xfb\x6d\xf0\xfa\xd7\x5e\xf8\x3f\xe3\x1f\x89\x13\x6b\
\x9a\xbe\xa6\x62\x93\xc2\x1e\x27\xd3\x96\x2b\xcf\x0f\xda\xaf\x98\
\x4c\x92\xdd\xc3\x19\xb5\xba\x56\xf9\x02\x18\xe6\x12\x26\x40\x68\
\xdf\x2c\xe9\xa7\xfb\x4d\x7c\x6b\xd5\xbf\x6a\x7f\x0f\x69\xb1\x78\
\x87\x43\xf0\x3d\x9f\x88\x2c\xf5\x6b\xbd\x62\xf7\xc4\x5a\x46\x85\
\x1e\x9b\x7d\xad\xcd\x72\x91\xac\xc6\xe9\x20\x2b\x01\x66\x68\x91\
\xcb\x45\x14\x7b\x9f\x73\x30\x66\x62\xc7\xc8\xd3\xe1\xa7\x92\x72\
\x6e\xd5\xbf\xed\x9f\xff\x00\x5e\xbc\xdf\xa9\xd4\xa9\x51\x57\x93\
\x94\x1d\xf5\x4a\x57\x8b\xb7\x93\x56\xd7\xba\x51\x6f\xaf\x63\xef\
\x30\xf9\xd6\x58\xe9\x28\x4a\x6b\xe7\x17\x7f\xcb\xf5\x68\xcd\x4d\
\x5a\xe1\x87\xfa\xe9\x3f\xef\xb3\x52\xa5\xf4\xce\x30\x66\x90\xfd\
\x58\xd6\x88\xf0\x52\xc4\xdf\xf1\xf0\x5b\xfe\xd9\xff\x00\xf5\xe8\
\x6f\x0d\x47\x1f\xfc\xb5\x63\xf8\x57\x5c\xa2\x8d\xe3\x9a\x65\xbf\
\x66\x4b\xff\x00\x01\x7f\xe4\x66\xb4\x8c\x7a\xb3\x7e\x74\xd7\x5d\
\xc3\xbd\x69\x1d\x1d\x63\xfe\x2d\xdf\x51\x4d\x36\x4a\xb4\x94\x5b\
\xea\x75\x47\x1d\x87\x92\xf7\x1f\xe6\x66\xf9\x7f\xe7\x14\xa4\x01\
\xeb\xc5\x59\x96\x31\x18\xe3\xa5\x57\x99\xf6\x9a\xd2\x30\x1a\xaf\
\x17\xb1\x1b\x3e\x3a\xd4\x72\x4a\x33\xf4\xa6\x4d\x3f\xbd\x56\x92\
\x6d\xa3\x39\xfc\xcf\x4a\xde\x31\x45\x73\x96\x1a\xeb\x6f\xe3\x57\
\x3c\x36\x6f\x6f\xfc\x47\xa7\xda\xe9\x96\xf7\x17\x9a\xa5\xdd\xcc\
\x70\x59\xdb\xdb\xa1\x92\x6b\x89\x9d\x82\xa4\x68\xa3\x96\x66\x62\
\x00\x03\xae\x71\x56\x7c\x15\xf0\xcb\x54\xf1\xce\x8f\x36\xb3\xf6\
\x8d\x3b\x41\xf0\xad\x9d\xc1\xb5\xbb\xf1\x1e\xb3\x2b\xdb\xe9\x76\
\xf2\x80\x18\xc2\xac\xaa\xf2\xdc\xdc\x05\x21\xbe\xcf\x6b\x1c\xd7\
\x05\x72\xc2\x32\xa0\x91\x7e\xef\xe2\x16\x93\xe1\x3d\x16\xf7\x49\
\xf0\x1d\xbe\xa4\xad\xa8\x5b\xc9\x69\xa8\xf8\xa7\x55\x8d\x21\xd5\
\x6f\xe0\x91\x4a\x4b\x6f\x6b\x02\x33\xa5\x85\xb4\x8a\x4a\x49\xb6\
\x49\x67\x99\x0b\xab\x4c\x90\xcb\x25\xb1\xe4\xaf\x55\x49\xfb\x2a\
\x5a\xbe\xbd\x97\xab\xfd\x37\xf2\xb6\xa5\x6a\xbd\xe3\xd5\x63\x91\
\x4a\x7c\xa5\x59\x5b\x90\x54\xe4\x11\xec\x45\x4a\x93\x64\xd6\x7d\
\xac\xb8\x86\x31\xe8\xa3\xf9\x55\x88\xe5\xff\x00\x3e\xb5\xe6\xa7\
\x66\x7d\x23\x7a\x17\x56\x5c\x1f\x5a\x78\x7c\x55\x64\x39\x15\x2c\
\x67\x8a\xda\x32\xee\x66\x39\x9b\x23\xfa\x53\x59\xf1\x4e\x2f\x8f\
\x5a\x8d\xdb\x26\xb6\x8c\x80\x8d\x9b\x3f\x87\x6f\x5a\x6b\x37\x19\
\xfd\x28\x63\x83\x51\x96\xdf\xcd\x59\x13\x06\x3d\x5a\xa3\x27\x71\
\xfe\x94\xae\xdb\xba\x53\x1d\xb0\x3d\xe8\x20\x1d\xf1\xd2\xa3\x66\
\xda\x38\xa5\x63\xb4\x53\x3a\x50\x01\x8c\x53\x5d\xb8\xa5\x67\xda\
\x2a\x31\x40\x0a\x0e\xd3\xf8\x52\x67\x8a\x09\xa6\x37\x5e\xf5\x12\
\x7a\x93\x25\xa1\x26\x39\xa8\xd9\xb7\x1a\x03\x1a\x6b\x9d\xab\xef\
\x48\xc4\x49\x0e\x4e\x3b\x52\x50\x28\xa0\x06\xc9\xf7\x0d\x46\x0e\
\x29\xee\x72\x39\xf9\x7f\xad\x31\x8e\x01\xfa\x52\xf2\x42\x6e\xc3\
\x59\xf7\x1a\x43\x46\x78\xef\x48\x5b\xfc\x9a\x56\xea\x40\xd6\xff\
\x00\x38\xa0\x9c\x9f\xe5\x4d\xce\x4d\x0c\x76\x8f\xad\x4c\xc9\x90\
\x48\x73\x81\x4d\x2d\x81\x4d\x63\xb7\xf3\xfc\xe9\x8d\xcd\x61\x2d\
\xc9\x11\x9f\x15\x1b\x8c\x46\x7e\x98\xa7\x77\x3f\x5a\x64\xa4\xfe\
\x18\xe6\xb2\x91\x99\xf7\x3c\x0d\xf2\xe2\xa4\x4e\x0f\xb5\x45\x00\
\xcd\x49\xc0\xf4\xaf\x50\xfe\x79\xe5\x1e\x7e\x61\xc7\x4a\x68\xe3\
\x23\xb7\x4a\x01\x38\xa6\x3b\x73\x41\xb4\x62\x0e\x32\x79\xfc\xa9\
\x99\xcf\xff\x00\xae\x82\xfc\xd3\x5d\xbb\x50\x74\x53\x8f\x51\x19\
\xb3\xd2\x98\x46\xd3\xef\xde\x9c\x1b\xe5\xdd\xf9\x53\x41\xe7\xf9\
\xd0\x74\x46\x21\xda\xa3\x77\xdd\x4b\x23\xe7\xfa\xd3\x09\x1f\x85\
\x06\xd1\x88\xa3\x9a\x63\x36\xe3\xed\x43\x36\xef\xa7\xf3\xa4\x76\
\xda\x28\x37\x8a\x11\xce\xdf\xad\x44\xe7\xb7\xe7\x43\x3f\x3e\xfe\
\xf4\xc2\x42\x8f\x6f\xe7\x41\xbc\x62\x0c\xd8\xa6\x01\xcd\x2f\xde\
\x35\x1b\x3f\x3f\xfd\x7a\x0e\x8a\x71\xb0\x3b\x64\xfe\x34\xc6\x39\
\x14\xac\x7c\xb1\x51\xb3\x60\x7b\xd4\xb3\xa2\x31\x1a\xcd\x93\xed\
\xda\xa3\x6f\x97\x3e\xd4\xf2\x70\x3e\x95\x14\x87\x18\xf7\xeb\x52\
\x6d\x14\x47\x23\x7f\xe3\xd5\x0c\x87\x9f\xc2\xa6\x93\xa8\xa8\x5c\
\x60\xe6\xb0\x72\xbe\xa6\xca\x27\x3f\xe3\xe7\x5b\x8d\x3f\x4f\xb1\
\x99\x99\x6c\x75\x6d\x52\xdb\x4f\xbd\x7c\xe0\x79\x32\x3e\x0c\x64\
\xfa\x4a\xc1\x20\x3e\xa2\x7c\x0e\x48\xae\xbb\xca\x58\xfe\x55\x55\
\x55\x51\xb4\x28\xe0\x28\x1c\x00\x07\xb0\xac\xbb\xdd\x32\xdf\x59\
\xb0\x9e\xd6\xee\x18\x6e\xad\x6e\x63\x68\x66\x86\x54\x0f\x1c\xa8\
\xc3\x05\x58\x1e\x08\x20\xe2\xb1\xd1\xf5\xcf\x04\xaf\xee\xd6\xef\
\xc5\x1a\x2a\x8e\x10\xc9\xbf\x57\xb2\x5f\x66\x63\x8b\xc4\x1f\xed\
\x15\x9c\x01\xd6\xe5\xdb\x88\xf6\x9c\x93\x72\x6b\x47\xd7\xb7\xfc\
\x03\xa2\x9c\x39\xa3\xca\xb7\xfc\xce\xa9\x8a\x9a\x63\x36\x7e\x95\
\x9d\xa0\x78\xa3\x4f\xf1\x66\x9b\xf6\xbd\x36\xea\x2b\xcb\x75\x90\
\xc4\xe5\x41\x56\x86\x41\xf7\xa3\x91\x18\x07\x8e\x45\xe8\x51\xc2\
\xba\x9e\x08\x06\xae\x79\xe0\x55\x4a\x5c\xcb\x9a\x3b\x07\x2b\x4e\
\xcf\x71\xcc\x40\x3f\x5a\x49\x24\xda\x29\xa4\xe7\x9f\x5a\x8d\xdf\
\x3c\x54\xa3\x6a\x71\x1c\x1b\x1e\xf4\xc7\x7e\x68\x67\xc7\xd7\xd2\
\x98\x78\x5a\xa3\xaa\x22\x33\x6d\xa6\x9e\x4d\x19\xc9\xe9\x48\x58\
\x0a\x0b\x40\xc7\x68\xa8\xf7\x92\xd4\xb2\x49\xcf\xf2\xa8\xa5\x93\
\x8a\x6b\x56\x52\x1e\xf2\x61\xaa\x29\x5b\x2b\xf8\xd4\x53\x5d\x2c\
\x28\xce\xcc\xa8\x88\x0b\x33\x31\xc0\x51\xdc\x92\x6a\xa8\xbc\xb9\
\xd5\x86\xdb\x35\xf2\xa1\x3d\x6e\xa6\x4e\xa3\xfe\x99\xa1\xfb\xdf\
\xef\x36\x17\x90\x46\xf1\xc5\x39\x59\x6c\x69\x18\xdc\x92\x18\xa3\
\x9f\x57\xb8\x52\x8a\x5f\xc9\x8b\x73\x63\xe6\x3f\x34\x98\xe7\xaf\
\x18\x34\xed\x32\xd6\x69\x2e\x6e\xbe\xd5\x67\x67\x0c\x71\xcb\x8b\
\x67\x4b\x83\x33\x4a\x98\xfb\xcc\x0a\x2f\x96\x73\xfc\x20\xbf\xae\
\x7b\x55\x9d\x3f\x4e\x5d\x3e\x16\x55\xdc\xcc\xc7\x73\xbb\x9d\xcd\
\x21\xf5\x27\xd7\x81\xec\x00\x00\x60\x00\x04\xf5\x3a\x9b\xc4\x38\
\x1e\xb4\xd7\x38\x5a\x19\xf6\x9a\x6d\x06\xd1\x88\x16\xf5\xa8\xcb\
\x6f\xa1\xfe\xf5\x46\x41\x5a\xae\x9a\x9d\x11\x8d\x80\xb6\xfa\x0b\
\x62\x8a\x6b\xbe\x3f\xcf\x4a\x92\x84\x90\x72\x29\xac\x70\x29\x92\
\x4f\xf3\x54\x6c\xf9\x34\x04\xaa\xc2\x0b\x9a\x4e\xc8\x26\x3b\xbf\
\x2a\xf6\x6f\xd9\xe7\xe3\xce\x83\xe0\x0f\xd8\xa3\xf6\xaa\xf8\x7f\
\xae\x5f\xc9\x6f\x79\xf1\x6b\xc1\x47\x46\xf0\xec\x09\x6f\x24\xbe\
\x76\xa0\xf6\xf7\xb6\xe3\x25\x41\x54\x41\xe7\xc4\xce\xee\x46\x16\
\x3e\x37\x36\x14\xf8\xbe\x33\xef\x4d\x31\x0e\xf5\xc9\x8e\xcb\xe9\
\xe3\x28\xbc\x3d\x6b\xf2\xb6\x9e\x9e\x4d\x3f\xd0\xf0\xf1\x1c\x51\
\x1c\x3c\xbf\xd9\x95\xdf\x9e\xc7\xa5\xfe\xd5\x5f\xb5\x5e\xb1\xfb\
\x5c\xf8\xc7\xc3\x7a\xc6\xad\xa6\xda\xe9\x27\xc3\x3e\x1b\xb3\xf0\
\xe4\x11\x43\x3b\x4e\x66\x58\x37\xb3\x4e\xee\xc1\x7e\x69\x1d\xd8\
\xe0\x28\x0a\x02\x8f\x98\x82\xc7\xcb\xa7\x5e\x1b\xe9\x53\x13\xb4\
\x55\x79\xe5\xf9\x5a\xba\x70\xf8\x3a\x54\x29\xc6\x8d\x25\x68\xc7\
\x65\xa9\xf1\xd8\xcc\xc6\xbe\x2a\xa7\xb5\xaf\x26\xdf\xf5\xf2\x46\
\x7d\xe5\xc4\x90\x67\xe5\xde\xbe\xdd\x45\x42\x25\x6b\xb6\x55\x8c\
\x33\x33\x1c\x05\x03\x9c\xfd\x2a\xc5\xc0\xdd\xfe\x15\xad\x07\xc0\
\xeb\x2f\x89\x3e\x1b\xbc\xb0\xd7\xa3\xba\x1a\x7e\xa5\x6e\x63\x22\
\xda\xe5\xed\xe7\x19\x23\xe6\x0c\xa7\xeb\xc3\x65\x4e\x70\xca\x46\
\x45\x67\x8f\xc6\x51\xc1\xd0\x96\x22\xb6\xd1\x3d\x5e\x1b\xc9\x31\
\x59\xde\x61\x4b\x2c\xc2\x5b\x9e\xa3\xb2\x6f\x65\xd5\xb7\xe8\x93\
\x67\x8c\xfc\x4d\xfd\xa6\xfc\x35\xf0\xde\xe6\x6b\x28\x9d\xf5\xfd\
\x5a\x12\x55\xed\xac\x5d\x7c\xa8\x5b\xfb\xb2\x4d\xca\xa9\x1d\x08\
\x50\xec\x0f\x04\x0a\xe6\x7c\x13\xfb\x66\xd9\xea\x37\xc6\x1f\x11\
\x69\x47\x49\x8a\x46\xfd\xdd\xd5\xa3\xb5\xc4\x71\x8f\x49\x14\x8d\
\xdc\x7f\x79\x73\x9f\xee\x8a\xc9\xf8\xef\xfb\x02\x78\xb7\xe0\xac\
\x33\xea\x5a\x2d\xad\xc7\x8a\xbc\x31\x1e\x5b\xed\x16\x70\x6e\xbc\
\xb2\x4f\xfa\x6f\x0a\xe4\xe0\x0f\xf9\x68\x99\x5c\x0c\xb0\x4e\x05\
\x60\xfe\xcb\xbf\xb1\xf7\xc4\x6f\xdb\x3f\xc5\x07\x4b\xf8\x7b\xe1\
\xb9\xb5\x58\x2d\xdc\x25\xf6\xaf\x70\x7e\xcf\xa4\xe9\x59\xef\x3d\
\xcb\x0d\xa0\xe3\x9f\x2d\x37\x4a\xc0\x1d\xa8\xd8\xaf\x26\x3c\x47\
\x81\x78\x67\x8d\xf6\xd1\x54\xd6\xed\xbb\x25\xeb\x7d\x9f\x96\xe7\
\xe9\x58\xcf\x0d\xf1\x19\x6e\x23\xfb\x3b\x19\x87\x9a\xac\xf6\xbd\
\xee\xfc\xe3\x6f\x75\xaf\x35\x75\xdd\x9f\x49\xe9\xba\xb5\xae\xbf\
\xa7\x47\x79\x65\x75\x6f\x7b\x67\x30\xcc\x73\x41\x20\x78\xdc\x7b\
\x11\xe9\xfa\x53\xe7\xb2\x5b\x85\xf7\xec\x47\x6a\xf6\xdd\x77\xfe\
\x09\x23\xa1\xfe\xc6\x7f\xb3\xa6\x9f\x75\x67\xe2\x96\xf1\x37\xc4\
\xbf\x10\xeb\xd6\xb6\x13\x5c\x5e\xea\xf1\x68\xda\x44\x9b\xa0\xb8\
\x73\x69\x67\x04\xd2\xa4\x6f\x2b\x14\x5d\xad\x33\xb4\xd2\x98\xf6\
\xc6\xa8\x5f\xca\x3e\x35\xad\xe8\xfa\x87\x84\xf5\xfb\xcd\x23\x58\
\xd3\xf5\x0d\x1f\x56\xd3\xa4\xf2\x6e\xec\x6f\xad\xde\xda\xea\xd1\
\xf1\x9d\xb2\x44\xe0\x32\x36\x30\x70\xc0\x1e\x6a\x38\x77\x89\x30\
\x59\xde\x19\xe2\xb0\x4e\xf1\x52\x71\xd5\x59\xbb\x5b\x54\x9e\xb6\
\x77\xd1\xb4\x8f\x8f\xe2\x1e\x1c\xc4\xe4\xd8\xaf\xaa\xe2\x37\xb2\
\x7f\x7f\x46\xd6\x97\xef\x63\x1e\x68\x1a\x1f\xf6\x97\xd6\x98\xb2\
\x6d\x6f\xe9\x5a\x65\x55\xc5\x51\xba\xb4\x53\xca\xfc\xa5\xbd\x2b\
\xdc\xb5\x8f\x0d\x11\x8b\x9c\x0e\x3d\x29\xe9\x37\x3d\x4f\xe7\x55\
\x19\x9a\x33\x86\xa0\x4f\x81\x4f\x98\xd1\x44\xdb\xd1\x3c\x59\xa8\
\xf8\x6c\x5d\x0d\x3e\xfa\xea\xcd\x6f\xa3\x11\x5c\xa4\x52\x95\x4b\
\xa4\x1c\xec\x91\x7e\xec\x8b\xdf\x6b\x02\x33\xda\x97\xc4\xbe\x38\
\xd5\xbc\x5f\xb5\x75\x2d\x42\xea\xf2\x18\xf6\x08\xe0\x66\xdb\x04\
\x5b\x06\xd5\x09\x12\xe1\x17\x68\xe0\x6d\x51\x8a\xc3\x37\x19\x15\
\x1b\xdc\x64\xf4\xac\xdc\x55\xee\x6f\x19\x3b\x58\xbc\xb7\x5b\x4e\
\x3f\x4a\x93\xed\xa4\x0e\xbf\xad\x64\xb5\xce\x68\x17\x82\x25\xdc\
\xed\xb5\x7a\x64\xd5\xa1\xf2\xb3\x58\xdd\xee\x15\x7b\xc3\x5a\x3e\
\xa3\xe2\xdd\x66\x3d\x3f\x4a\xb2\xba\xd4\xb5\x09\x55\xa4\x5b\x7b\
\x78\xcc\x8e\x11\x06\xe7\x72\x07\xdd\x45\x50\x59\x98\xe1\x55\x41\
\x24\x80\x09\xaa\x5e\x31\x9b\x47\xf8\x30\xd8\xf1\xd5\xdd\xd6\x9b\
\xa9\x28\x0e\x9e\x18\xb2\x0a\xfa\xf4\xf9\x19\x02\x64\x61\xb3\x4f\
\x43\x91\xf3\xdd\x62\x4d\xae\xb2\x47\x6f\x70\xbc\x57\x94\x7c\x42\
\xfd\xa0\xb5\xef\x89\x9a\x3c\xda\x1d\xbc\x36\xfe\x17\xf0\x8c\xcc\
\xac\xfa\x1e\x98\xed\xe5\xde\x94\x21\x91\xef\x66\x6f\xde\xde\x48\
\x08\x0c\x3c\xd3\xe5\x23\x64\xc5\x14\x20\xed\x0a\x9c\x65\x57\xf8\
\x7b\x77\xe9\xf2\xef\xf9\x74\xba\x67\x65\x1c\x0c\xde\xb3\xd1\x7e\
\x27\xad\x78\x97\xe2\xff\x00\x84\x7e\x16\xef\x85\x64\xb5\xf1\xff\
\x00\x88\x63\xe3\xec\x5a\x7d\xd9\x5d\x06\xcd\x87\x69\xef\x62\x60\
\xf7\x78\x20\x82\x96\x6c\xb1\xb0\x21\x96\xf3\xaa\xd7\x98\xf8\xeb\
\xe2\x7f\x88\x3e\x2e\xea\x16\xb3\xf8\x87\x50\xfb\x54\x3a\x7e\xe5\
\xb1\xb1\x86\x14\xb5\xd3\xf4\xc5\x6c\x6e\x5b\x7b\x78\xc2\xc5\x16\
\xec\x0d\xcc\xab\xbe\x42\x37\x3b\x3b\x12\xc7\x8b\xb5\x29\x6e\x9c\
\xed\x1f\xd2\xac\xc7\x7f\x24\xc7\x6c\x79\x55\xee\xc4\x56\xca\x14\
\xa8\x7b\xdb\xcb\xbb\xdf\xe5\xdb\xe5\xf3\x6c\xed\x8e\x11\xc9\x72\
\xc1\x68\x6e\x8b\xf8\xed\x13\x96\xc7\xb0\xeb\x52\xc3\xa8\x4d\x77\
\xf7\x7f\x76\xbe\xdf\x78\xd6\x55\x8d\x9b\x33\xa9\x62\x49\xf5\x35\
\xd3\x78\x63\xc3\x77\x5a\xdc\xd2\x47\x63\x6b\x71\x76\xf6\xe8\x24\
\x9b\xc9\x8c\xb0\x85\x3a\x6e\x73\xd1\x17\xfd\xa6\x20\x0f\x5a\xe5\
\xa9\x5d\xcf\x44\x76\xd1\xca\xe9\xc3\xde\x9e\xa1\x61\xa7\x17\xc7\
\xd3\xf3\xad\x6b\x2d\x2c\x8c\x56\xc6\x93\xe0\xbb\xa4\xb2\x86\xe9\
\x96\x19\x2d\x6e\x1d\xe3\x8e\x78\x2e\x23\xb8\x8a\x46\x4d\xbb\xd4\
\x3c\x6c\xca\x4a\xee\x5c\x8c\xf1\x91\x5d\x26\x91\xe1\x25\x01\x4c\
\x9f\x2d\x4d\x3a\x37\xd4\xf6\xb0\xf8\x74\xed\xcb\xb1\xce\x69\xbe\
\x1e\x69\x58\x7c\xbf\x9d\x74\x1a\x6f\x85\xd6\x15\x0c\xdc\xd6\xf2\
\xe8\x4b\x64\x38\x51\x8e\xc7\x1d\x69\xe6\x3d\xbe\xdf\x85\x76\x46\
\x9a\x47\xa7\x4e\x8a\x4b\x52\x9d\xbd\xa0\x88\x70\x31\x81\x8e\x2a\
\x7f\x27\x3f\xc4\x7f\x3a\x7f\x45\xff\x00\xeb\x50\x1b\x07\xef\x7e\
\x95\xb2\x37\x19\xf6\x7f\xf2\x69\xf1\x5b\x04\x2a\xdf\xca\x9d\x00\
\x69\x24\x08\x8a\x64\x66\xe8\x07\x5a\xb5\xe6\x2d\x97\x0b\xb6\x49\
\xbd\x7a\xac\x7f\x4f\x53\xef\xd3\xeb\xd6\xab\x5b\x08\x53\x07\xee\
\xd4\xdc\x31\xe7\x95\x8f\x3f\x33\x7d\x7d\x05\x66\x6a\xd6\x72\x5f\
\x3a\xac\xbf\x2a\xa7\x29\x18\xfb\xa3\xe9\xeb\xf5\xab\x80\xb4\x92\
\x33\x33\x16\x24\xf2\x4f\x39\x35\x34\x72\xa4\xa9\xe5\xca\x78\xe8\
\xad\xfd\xcf\xfe\xb5\x4f\x33\x1a\x89\xc8\x78\x8b\xc0\x16\x3e\x26\
\xb7\x8e\x3b\xcb\x71\x37\x90\xfe\x64\x12\x2b\xb4\x73\x5b\x3f\xf7\
\xe2\x91\x48\x78\xdb\xfd\xa4\x20\xf6\xe9\x5c\xc6\xb3\xf0\xab\xc4\
\xa4\x32\x59\xeb\x56\x1a\xac\x1f\xc2\x9a\xa4\x26\x1b\x85\xfa\xcd\
\x08\xda\xdf\x8c\x20\xfa\xb1\x3c\xd7\xa9\x49\x68\x61\x62\xac\xbc\
\xfe\x86\x9a\x62\xdb\xf8\x9a\x97\x1b\x3b\xa7\x6f\x43\x8f\x1b\x94\
\xe1\x31\x96\xfa\xd5\x35\x2b\x6c\xde\xeb\xd1\xee\xbe\xf3\xe7\xfd\
\x63\xf6\x6d\xf1\x76\xb3\x21\xdd\x79\xe1\xbb\x50\x7f\xb9\x24\xd3\
\x11\xf9\xa2\xd5\x7d\x13\xf6\x3c\xd7\x34\x8d\x5e\xcf\x56\x87\xc5\
\xd2\x69\xda\xc6\x97\x73\x15\xed\x85\xe6\x9f\x0b\xc1\x35\x8d\xc4\
\x4e\x24\x8a\x68\xdc\x3e\xe5\x74\x75\x56\x56\x18\x20\xa8\x23\x9a\
\xfa\x19\x95\x4d\x1e\x58\xf4\xe9\x58\xd5\xc3\xc6\xa2\xe5\xa9\xaa\
\xec\x74\x61\xf2\xfc\x3d\x04\xa3\x4a\x36\x4b\xcd\x9d\x2f\x8a\x7e\
\x11\xe8\xff\x00\xb7\x2f\x8c\xe1\xf8\x81\x6f\xe3\x4d\x1f\xe0\x5f\
\xed\x48\xea\xb0\xea\xba\xb2\xa1\xb6\xf0\x87\xc4\x89\x40\x0a\x2e\
\xe5\x55\x52\x34\xfb\xd9\x70\xa2\x64\xdb\x24\x33\x38\x56\x54\x66\
\x91\xb6\x79\xd7\xc6\xff\x00\xd9\xb7\x54\xd1\x3c\x63\x1e\x83\xf1\
\xcf\xc3\x3f\xf0\xa8\x7e\x23\x5e\xb3\x0b\x0f\x14\xdb\x22\xcd\xe1\
\xbf\x15\x15\xee\xd2\xc6\xc6\x21\x26\x30\x5b\x2c\xac\xa0\x82\xfb\
\x32\xb1\xd6\xf4\xf6\xc9\x3a\x15\x65\x0c\xac\x30\x41\x1c\x1a\xf4\
\x5f\x86\xff\x00\xb5\x16\xb9\xe0\x7f\x07\xc9\xe1\x1f\x10\xe9\xba\
\x6f\xc4\x5f\x87\x97\x4a\xb1\xdc\x78\x63\xc4\x03\xce\x81\x50\x74\
\xfb\x3c\xa4\x17\x81\x97\xf8\x08\x0c\xa8\x79\x55\x0d\xc8\xf8\xfc\
\x5f\x0c\x57\xa1\x2f\x6b\x97\xcb\x9a\x2b\xec\xb7\x69\x2f\x28\x4f\
\x66\xbf\xb9\x34\xd7\x69\x47\x43\xeb\xb2\xac\xd2\x14\xa0\xf0\xf5\
\x92\x74\xe5\xbc\x64\x9c\xa1\x2f\x37\x14\xd3\x8c\xbb\x4e\x9b\x8c\
\x97\x9a\xba\x3e\x67\xd5\x7f\x63\xff\x00\x19\x78\x2e\xf5\x60\xd4\
\xbf\xb3\x22\x56\xe6\x19\xd6\x67\x68\x6e\x54\x8c\x86\x46\x0b\xc8\
\x23\x9c\x1c\x1c\x76\xa9\xec\xbe\x00\x5f\xc2\xc1\x6e\x6f\xac\xe3\
\xee\x4c\x6a\xcf\xfc\xc0\xaf\xaf\x3c\x17\xfb\x3e\xe9\x7f\x10\xb4\
\xd9\xe4\xfd\x9d\x7c\x47\x73\xaa\x05\x8d\xe7\xbb\xf8\x47\xe2\xe9\
\x94\x6a\xd0\x2a\x82\xce\x74\xb9\x9d\xbc\xbb\xd8\xc0\x0c\xdb\x03\
\x89\x82\xa6\x58\xbb\x30\x4a\xf2\xe8\x20\xd3\x7c\x67\x75\x24\x36\
\x2b\x36\x8d\xab\x45\x23\xc3\x36\x9b\x7b\xb9\x76\x4a\x84\x89\x23\
\xf9\x80\x68\xdd\x4a\xb0\x28\xe3\x20\x82\x0e\x08\xc5\x74\xe5\xb9\
\xa4\x27\x7a\x55\xd3\x52\x8e\xe9\xa6\x9a\xf5\x5d\x17\x9a\x6e\x2f\
\x74\xec\x63\x8a\xc9\x30\xf5\x1f\x3e\x5c\xdd\x9f\xd8\x93\x4d\xaf\
\xf0\xca\xc9\x49\x76\xba\x8c\xba\x59\xbd\x4f\x36\xd1\x7e\x18\x69\
\xfa\x29\x56\x60\xf7\x92\x8e\x8d\x27\xdd\xff\x00\xbe\x7f\xc7\x35\
\xd3\x5b\x69\x1b\xd4\x16\xc2\x22\xf0\x38\xfe\x55\xad\x77\xa3\xc9\
\xa2\xdd\x34\x37\x90\x49\x0d\xca\xf5\x8d\xc6\x3f\x1f\x71\xee\x2a\
\xbc\xf2\x17\x6f\xf3\xc5\x7d\x4d\x39\x53\x51\x52\x8f\x5e\xc7\x89\
\x2c\x3c\xe9\xb7\x19\xab\x35\xd1\xe8\xfe\x65\x73\xb6\x25\xd9\x18\
\xda\xbe\x95\x5e\x56\xcd\x4f\x27\xde\xfc\xe9\x9e\x5f\x1c\x50\xe4\
\xd8\xe3\x12\xb9\x5c\xd6\x74\x9a\xce\xad\xe0\xbd\x51\xf5\x2d\x2e\
\xdd\xb5\x2b\x79\x80\xfb\x76\x9a\x24\x09\x24\xbb\x46\x04\xb0\x96\
\x21\x44\xa1\x70\xa5\x58\x80\xea\xaa\x32\xa5\x46\x75\x4a\x6e\xa8\
\xdd\x33\xfe\x14\x46\x52\x8c\xb9\xa1\xb9\xc3\x9a\x65\x38\x6c\x7e\
\x1a\x58\x4c\x54\x79\xa1\x2d\xff\x00\x46\xbb\x35\xd0\xea\xbe\x10\
\x7c\x6f\x87\x53\xd6\x2d\xfc\x41\xe1\x1d\x72\xfb\x4a\xd7\xb4\x79\
\x08\x17\x16\x93\x49\x65\xa8\xe9\xb2\x1e\x19\x18\x7c\xb2\x46\x48\
\xc8\x2a\x70\x18\x12\x39\x06\xbd\x4b\x54\xf1\x07\x82\x3e\x3f\xbb\
\x8f\x1f\x69\xb1\xf8\x3f\xc4\xf7\x07\x23\xc6\x9e\x18\xd3\xd5\x22\
\xb9\x72\xd9\x2f\xa9\x69\x51\xed\x8a\x6c\xe5\x8b\x4d\x69\xe4\xcb\
\x9c\x12\x93\x1e\x0f\xcc\x1e\x29\xf8\x7d\x65\xe2\x4d\x4a\x3d\x45\
\x64\xba\xd2\xb5\xbb\x75\xd9\x06\xab\x60\xfe\x4d\xd4\x60\x7f\x09\
\x38\x2b\x22\x7f\xb1\x20\x65\xf6\x1d\x6a\xe6\x89\xf1\xa7\x57\xf8\
\x7f\xb6\xdf\xc6\x96\xf1\xdd\x69\xaa\x30\xbe\x21\xd3\xa0\x63\x0a\
\x8f\x5b\xa8\x06\x5e\x1f\x77\x4d\xf1\xf7\x25\x05\x75\xba\xd4\xab\
\x35\x2a\xde\xec\xd6\x8a\x4b\x46\xbc\xaf\xdb\xc9\xde\x2f\xaa\x3f\
\x0d\xce\x38\x03\x33\xca\x94\xa5\x80\xff\x00\x68\xc3\xee\xe0\xd5\
\xda\xff\x00\xb7\x56\xef\xfb\xd0\xb4\xbd\x0f\x47\xf8\xbd\xf0\x07\
\xc5\x1f\x04\xb4\xeb\x5d\x57\x52\x8f\x4f\xd6\x3c\x29\xa9\x48\x21\
\xd3\xfc\x4f\xa1\xdc\xfd\xbb\x46\xbe\x72\x33\xe5\x89\x80\x06\x19\
\x86\x0e\x60\x9d\x63\x98\x60\xe5\x31\xcd\x70\xfe\x76\xf1\x9c\x8a\
\xf5\xdf\x85\xbf\x18\xf5\x4f\x01\x89\x35\x2f\x0c\xea\xd0\x36\x9f\
\xad\x40\x12\xea\x1d\xb1\xdf\x69\x9a\xd5\xb9\xfe\x09\xe0\x70\xd0\
\x5c\xc4\x72\x78\x75\x60\x3a\x8c\x1e\x6a\xdf\x88\xbe\x1a\x7c\x3e\
\xf8\xd7\x31\x9f\x41\x9a\xcf\xe1\x2f\x8a\x66\x39\x6d\x3e\xf2\x69\
\x67\xf0\x9e\xa0\xe7\x1f\xea\xa7\x6d\xf7\x1a\x69\x3f\x31\xdb\x37\
\x9d\x00\xe3\xf7\x90\x28\xc5\x76\x7b\x6a\xd4\x55\xab\xae\x68\xff\
\x00\x34\x57\xfe\x95\x1d\x5f\xce\x37\x5d\x5a\x8a\x3e\x02\x58\x1c\
\x3e\x23\x5c\x33\xe4\x97\x58\x49\xff\x00\xe9\x32\xd1\x7c\xa5\x67\
\xb2\x4e\x4c\xf1\x37\xf9\x8e\x6a\xbb\xf0\xa6\xb6\x3e\x26\xfc\x3b\
\xf1\x37\xc1\x4f\x14\x47\xa2\xf8\xbf\x43\xbe\xf0\xf6\xa5\x34\x22\
\xe6\xdd\x6e\x02\xb4\x37\xd0\x1e\x93\xdb\xcc\x85\xa2\xb8\x84\xf6\
\x96\x17\x74\x3d\x98\xd6\x21\x9f\x70\xed\xf3\x56\xf1\xa9\x19\xc5\
\x4e\x9b\x52\x4f\x66\xb5\x47\x9d\x57\x0d\x3a\x53\x70\xa9\x16\x9a\
\xdd\x35\x66\xbe\x4c\x8a\x74\xdd\xba\xa9\xcf\x00\x93\x3b\x86\xe1\
\xce\x45\x5e\x97\xbf\xfb\x55\x04\x83\x03\xde\xae\xe1\x08\xf6\x3a\
\x6f\x01\xfc\x72\xf1\x0f\xc3\x9f\x0d\x6a\x5a\x1c\x37\x0b\xa8\x68\
\x1a\xa5\x85\xc6\x9f\x2e\x9f\x74\x4b\x24\x09\x34\x4d\x1b\x34\x2d\
\xf7\xa3\x60\x18\x90\x06\x50\x9e\xaa\x6b\xcb\x3c\x33\xe0\x6b\x2f\
\x07\x59\xac\x76\xb0\xe1\xf6\x85\x69\x4f\x32\x38\xfa\xfa\x7b\x0e\
\x2b\xa6\x90\x71\x9a\xab\x72\xdb\x7f\x3a\x74\xf0\xf0\x8d\xda\x5b\
\xee\x7b\x54\x71\xf8\x85\x4b\xd8\xf3\x3e\x5e\xc6\x7c\xd1\xd6\x7c\
\xe7\x15\x7a\xed\xb2\xf8\xfc\x2b\x3e\x6e\x95\xb2\x49\x02\x93\x65\
\x07\x6f\x9d\xbe\xa6\xa2\x7c\x0f\x51\x4f\x94\xfc\xcd\xf8\xd4\x2e\
\xe4\x13\x58\xc9\x2b\x9d\x54\xe4\xd0\xc6\x93\x03\xd2\xab\xcb\x25\
\x2c\x8f\x97\xaa\xd2\xbe\x05\x63\x23\xd0\xa7\x26\x12\xc9\xc5\x55\
\x95\xc6\x29\x24\x97\x2b\xf8\x55\x59\x26\xac\xa4\x91\xd9\x49\x92\
\x4a\xfc\x55\x69\x66\xc1\xa6\xcd\x3e\x01\xfa\x55\x3b\x8b\x9c\x9a\
\xc8\xfa\x4c\x24\xda\x43\xae\x65\xc2\xe2\xb3\xe6\x9a\xa6\xb6\x8a\
\x7d\x5b\x53\xb5\xb1\xb3\xb7\xb9\xbe\xd4\x2f\xe6\x4b\x7b\x5b\x5b\
\x68\x9a\x69\xee\xa5\x73\xb5\x23\x8d\x14\x16\x77\x62\x40\x0a\xa0\
\x92\x48\x00\x57\x43\xa8\xf8\x2f\x43\xf8\x6b\x3b\xaf\x8e\x35\x09\
\xee\xb5\x88\x89\x07\xc2\xba\x05\xd4\x4f\x7d\x13\x74\xdb\x7b\x7b\
\xb6\x4b\x7b\x22\x39\xcc\x4a\xb7\x17\x0a\xca\xc9\x24\x30\x12\x1c\
\x67\x53\x11\x18\x3e\x57\xbb\xd9\x2d\xff\x00\xaf\x3d\x97\x56\x7d\
\x16\x1a\x33\xa9\xf0\x9c\xf7\x84\x7c\x1b\xac\x7c\x45\xd6\xa4\xd3\
\xf4\x1d\x36\x6d\x4e\xea\xde\x13\x75\x73\xb1\x96\x38\x2c\x2d\xd4\
\x80\xd7\x17\x13\x39\x58\xad\xe0\x42\xc3\x74\xd3\x3a\x46\x80\xe5\
\x99\x47\x35\xb5\x2c\xbe\x10\xf8\x64\x70\xbf\x63\xf8\x8f\xe2\x44\
\xe3\x0b\xe7\x45\xe1\x9d\x35\xfd\xc8\xf2\xe7\xd4\x64\x5e\x7e\xef\
\x93\x6c\x19\x41\xdd\x7b\x13\x10\x72\xfc\x63\xf1\x1f\x57\xf8\x81\
\xa4\x43\xa3\xf9\x3a\x7e\x83\xe1\x6b\x79\xc5\xcd\xbf\x87\xb4\x78\
\xde\x0d\x36\x39\x94\x10\xb3\x48\x1d\xde\x5b\x99\xc0\x66\x02\x7b\
\x99\x25\x98\x2b\x6d\x0e\x13\x0a\x2b\x68\xfe\x18\x92\xed\x80\x8e\
\x3e\xfd\x4f\x41\x59\x4b\x9e\x6a\xf5\x5f\x2a\xec\x9f\xe6\xff\x00\
\x45\x6f\x56\x8f\x5a\x95\x2b\x68\xb5\x62\x78\xcb\xc5\x5a\xe7\xc5\
\x2d\x6a\xdf\x52\xf1\x16\xa5\x2e\xa5\x71\x69\x00\xb5\xb4\x43\x1c\
\x70\x5a\xe9\xd6\xe0\x92\x2d\xed\x6d\xe2\x55\x86\xda\x00\x49\x22\
\x18\x11\x23\x5c\x9c\x28\xad\xcf\x05\x78\x15\xaf\x64\x49\xae\x54\
\xc7\x6a\xa7\x38\xc6\x1a\x5f\x6f\xa7\xbd\x6b\x78\x7f\xc1\xd6\xf6\
\x05\x64\x90\x2c\xd2\xf6\x27\xa2\xfe\x15\xd2\xc0\xbc\x7f\x9e\x2b\
\x0a\x98\xa8\xc6\x3c\x94\x55\xbf\xae\x87\xa5\x4b\x07\xaf\x35\x4f\
\xb8\xb9\x1b\x64\xfe\x1c\x55\xa8\x4e\x47\xe3\x55\x20\x46\x63\x5a\
\x10\x45\xeb\x5c\x70\xb9\xde\x49\x19\xe2\x9c\x0e\x0d\x03\x8a\x70\
\x19\xff\x00\xf5\x57\x44\x62\x20\x38\xf6\xfc\xea\x37\x3f\x4f\x6e\
\x69\x5f\x96\xff\x00\xeb\x53\x24\xff\x00\x3c\x56\xe0\x46\x4e\x45\
\x35\x9b\x03\x1f\xca\x89\x0e\x4e\x7d\x3d\xaa\x32\xdb\x7f\xfd\x55\
\x6a\x44\x49\xdc\x19\xb6\xad\x30\xb6\x0d\x04\xee\x3f\xfd\x6a\x63\
\x9c\x71\xfd\x28\xe6\x24\x18\xe4\xfd\xea\x6b\x9f\xf7\x68\xc7\xf9\
\xc5\x35\xc6\x3b\xf5\x3e\x95\x3c\xcc\x06\xe3\xe9\xf9\xd1\x9c\x7f\
\xfa\xe8\xc7\xf9\xc5\x35\xc7\xcb\xff\x00\xd6\xa3\x51\x8e\x3c\xfa\
\x53\x58\xf3\x43\x1e\x69\xa7\x9e\x7f\x2a\x0c\xe5\x21\x49\xdb\xd6\
\x98\x4e\xe3\x43\x1d\xc6\x9a\xcf\xb7\xfc\x28\x31\x1d\x48\xc7\x02\
\x90\xca\x05\x31\xa5\x38\xa4\x17\x15\xdb\x26\xa3\x62\x0f\xf5\xa0\
\x9c\x8a\x6e\x3f\xce\x28\x5a\xec\x66\xc3\x1f\x4f\xce\x98\xdf\x31\
\xfd\x29\x5c\x71\xfe\x78\xa0\x52\x94\xec\x4f\x30\xd0\x30\xb4\xd2\
\xdd\xe9\xd2\x1e\xd5\x1c\x87\x27\x1f\x9d\x62\xe5\xd5\x92\x37\xa9\
\xcd\x35\xdb\x02\x9c\x4e\x2a\x36\x39\x39\xac\xc0\x46\x6d\xa2\xa2\
\x73\xf2\xe7\xda\x9c\xc7\x27\x86\xff\x00\xeb\x53\x5c\xff\x00\x0d\
\x64\xf6\x33\x3e\xe6\x8b\xa7\xad\x4a\xaf\x8e\xbf\xfe\xba\x8a\x03\
\xc7\xe7\x52\x57\xaa\x7f\x3f\xf2\x8e\x57\xdd\x9f\x4a\x6c\x8f\xf3\
\x7e\x82\x90\xbf\xcb\x8a\x69\x6c\x0e\xd4\x23\x78\xd3\x10\x9c\x74\
\xeb\xdc\xd3\x3b\x7f\xb3\x4a\x5b\x27\xf9\x9a\x6e\xed\xdf\x4a\x6c\
\xde\x31\x1a\xcf\x8f\xf7\xa9\xb9\x39\xeb\x4a\xfc\x1e\xb9\x35\x1c\
\x8d\x8e\x29\x1d\x11\x40\xef\xdb\xf3\xa6\x74\x19\x34\xb8\xc0\xe6\
\x98\xc7\x26\x83\x68\xc4\x70\x6c\x9f\x61\x51\xbb\xf7\xa0\x9c\x0a\
\x61\x39\x3e\xf4\x1b\x46\x20\x4f\xff\x00\xae\x98\xe7\x71\xf6\xa1\
\x8e\xee\x29\xac\xdb\x45\x07\x45\x38\x89\x23\x70\x45\x27\x4a\x4e\
\xb4\xc7\x39\x6a\x0e\x98\xc4\x18\xee\x3f\xca\x98\xe7\x9c\x53\x87\
\x5a\x66\xee\x33\x53\x23\x68\xa1\x92\x9e\x3f\x1a\x61\x39\x1f\xfd\
\x7a\x19\xb7\x73\xfd\x29\xac\x70\xbd\x7a\xfb\x54\xd8\xde\x31\x1a\
\xe3\x2b\x4d\xc6\x4d\x39\xcf\x1d\x7f\x0a\x6d\x73\x9a\x0d\x27\x6d\
\x49\xbb\x2b\x9a\x68\x6c\x9a\x2a\x79\x8b\xb2\x32\x7c\x49\xe0\xab\
\x3d\x77\x50\x1a\x84\x72\x5c\x69\xba\xca\xc6\x22\x5d\x4a\xc8\x84\
\xb8\x64\x1f\x75\x25\x0c\x0a\x4d\x18\xc9\xc2\x4a\xac\x17\x24\xae\
\xd6\xf9\x86\x6c\xfe\x2a\xbe\xf0\x8a\x7f\xc5\x45\x0c\x2b\x66\xbf\
\xf3\x17\xb2\x46\xfb\x10\x1e\xb3\x21\x2c\xf6\xbd\xc9\x2c\x5e\x20\
\x00\xcc\xc0\x9d\xb5\xd4\x31\xa1\x24\x64\x70\xca\xc5\x59\x4f\x04\
\x1e\x45\x65\xca\xd3\xbc\x74\x7f\x87\xdd\xfd\x33\x78\x54\x7b\x4b\
\x54\x55\x8e\xe9\x6e\x22\x8e\x45\x64\x92\x39\x14\x3a\x3a\xb6\xe5\
\x75\x23\x20\x82\x38\x20\x8e\x73\xde\x9d\xe6\x06\x3d\x79\xac\x3b\
\x8f\x02\xae\x97\x3b\xdc\x68\x37\x0b\xa3\xcb\x23\x17\x92\xd4\x47\
\xe6\x69\xf7\x0c\x4e\x49\x68\x41\x1e\x5b\x12\x49\x2f\x11\x42\x58\
\xee\x71\x26\x31\x4d\xb6\xf1\x61\x82\xf2\x2b\x3d\x56\xd9\xb4\x9b\
\xd9\x9b\x64\x41\xdf\xcc\xb7\xba\x6f\x48\x66\xc0\x0e\x4f\x38\x46\
\x09\x26\x01\x3e\x58\x1c\x9b\x8c\xee\xec\xf4\x3a\xa3\x14\xf5\x89\
\xb8\xcd\xb7\xeb\x4c\x63\x81\xf3\x1a\x8c\xdc\x53\x1a\x6f\x9b\xb7\
\xe2\x6b\x40\x25\x32\x13\x4c\x77\x0b\xf5\xa6\x96\xcf\x56\xaa\x77\
\x9a\xd4\x56\x93\xf9\x2a\xb2\x5c\x5d\x63\x3f\x67\x84\x6e\x90\x0e\
\xc4\xe4\x80\x80\xfa\xb9\x50\x7d\x73\xc5\x03\x49\xb2\xd3\xbe\xe3\
\x8e\xe7\xa5\x67\x36\xa6\x6e\xe6\x68\x6c\xa3\xfb\x5b\xab\x15\x76\
\x0d\xb6\x18\xc8\xea\x19\xf0\x79\x1d\x30\xa1\x88\x3d\x40\xeb\x52\
\xc7\xa3\xcf\xaa\x7c\xda\x84\x8a\xb0\xb7\xfc\xba\xc0\xc7\x61\x1f\
\xed\xbe\x01\x7f\xa0\x0a\xb8\x24\x10\xdd\x6b\x52\x0b\x64\xb7\x85\
\x51\x55\x63\x8d\x00\x55\x50\x30\x14\x0e\x83\xdb\xe9\x41\xbc\x61\
\xdc\xcd\xb6\xf0\xf0\x92\x45\x92\xf2\x41\x75\x2a\x10\xca\x36\xed\
\x8a\x32\x3a\x15\x4e\x79\x1e\xac\x59\x87\x62\x07\x15\xa4\xa8\x05\
\x38\x74\xa6\xbb\x60\x53\xb9\xb4\x50\xd9\x64\xc0\xa8\xde\x4c\x83\
\x43\x36\x4f\xeb\x4c\x90\xe3\xf1\xa4\x74\x45\x08\x5b\xea\x07\x7f\
\x7a\x46\x97\x34\x85\xb3\x4d\x2f\x8e\x95\xd0\xa2\xb7\x3a\x23\x1b\
\x2b\xb1\xca\x30\x7f\xfa\xd4\xc7\x61\x9c\xd2\x6e\xc7\x5a\x61\x7c\
\x8a\x99\x46\xfa\x93\x3a\x91\x8a\xbb\x12\x59\x73\xc6\x3a\x54\x2c\
\xcc\xc7\x8a\x94\x43\xbb\xd6\x9f\xe5\xed\x1e\x9f\x4a\x8e\x5e\xc7\
\xcf\xe3\x33\xfa\x74\xf4\xa5\xab\x2b\x08\x37\x75\xe7\xfa\x53\xf6\
\x60\x7f\x4a\x91\x99\x54\x7f\x9e\x6a\x37\x93\x27\xd7\xda\xaa\x30\
\xd4\xf9\x5c\x5e\x65\x56\xbb\xbc\xd8\xd9\x08\x5e\xd5\x09\x97\x8e\
\xe6\x9d\x37\x19\xfa\x55\x59\x9b\x69\xab\xb1\xe7\xf3\x36\x2c\xd7\
\x1d\x6a\xbc\xb3\x7b\x13\xc7\xe7\x43\xbe\x49\xf9\xa9\xa8\xbb\x9f\
\x3e\xf4\xd6\x81\x13\x72\xea\xd6\x2f\x0b\xdb\xda\x5d\xc1\xf6\x5d\
\x41\x2e\x81\x30\xdc\x87\x57\x8f\x72\xed\xdc\xbe\x5e\x77\x23\x29\
\x61\xc4\x81\x4e\x08\x3b\x70\x45\x74\x5f\x07\x7c\x5d\x26\xbb\xe3\
\x09\xad\x75\x3b\xc6\x91\xae\xa1\xdb\x68\xaf\x85\x40\xe1\xb2\x55\
\x40\xe0\x12\xb9\xe9\xd7\x6d\x70\x8d\x64\xb2\x6e\x2a\xc1\x1f\x1d\
\x48\xe0\xfd\x6a\x8c\xaf\x35\x8d\xda\xac\x8b\x24\x32\xae\x1d\x18\
\x1c\x74\x3c\x32\xb0\xf7\xee\x0f\x51\x5e\x26\x71\x97\xac\x6e\x16\
\xa6\x1a\x4e\xce\x4a\xd7\xed\xd5\x7f\xc1\xfd\x0f\xae\xe0\xde\x24\
\xa9\x90\xe7\x58\x6c\xe2\x94\x39\xd5\x19\x5d\xc5\xbb\x26\x9a\x6a\
\x4a\xfd\xda\x6e\xcd\xa7\x67\x67\x67\x6b\x3f\xae\xbc\x33\xa3\x79\
\x13\xa1\xe9\xb7\x9a\xfa\xa3\xe1\x42\x98\x3c\x0d\x61\x6a\xbf\x24\
\x31\x86\x70\x83\x85\x05\xd8\xbb\x1c\x7a\x92\x49\x27\xb9\x26\xbe\
\x12\xf8\x31\xfb\x45\x59\xce\x91\x58\xf8\x92\xea\x3b\x39\xd4\x05\
\x4b\xe7\x18\x86\x61\xff\x00\x4d\x08\xfb\x8d\xfe\xd1\xf9\x4f\xfb\
\x3d\xfd\x8f\xe2\x27\xfc\x14\xd7\xc1\x5f\x07\x7c\x32\x2c\xbc\x2f\
\x6b\x71\xe3\x8d\x79\x62\xd8\x89\x10\x7b\x5d\x36\xdd\xba\x66\x49\
\xdd\x77\x3e\x3a\xe2\x15\x60\xd8\x23\x7a\x75\xaf\xe5\xcc\xf3\x81\
\xf3\xea\xd8\x9f\xa9\x52\xa1\x29\x3b\xee\xbe\x1b\x77\xe6\x76\x49\
\x7a\xb5\xdb\x73\xfd\x0c\xe2\x2f\x16\x38\x4f\x34\xc8\x68\xe6\x18\
\x5c\x54\x54\x5b\xbb\x84\x9a\x55\x22\xd2\xd6\x2e\x1a\xca\xeb\xc9\
\x34\xf7\x4d\xab\x32\xaf\xfc\x16\xe3\x44\x6b\xff\x00\xd8\xd7\x43\
\x97\x08\x62\xb3\xf1\x9d\x9c\x92\xab\xff\x00\x18\x6b\x2b\xe8\xf0\
\x3d\x4e\x5c\x1c\x7a\x02\x7b\x1a\xf8\x13\xc0\x9f\xb4\x7e\xb9\xa1\
\xe8\x76\x7a\x0f\x88\x23\x5f\x1b\x78\x57\x4f\x88\x5b\xda\x69\xda\
\xa4\xcd\xf6\x8d\x2a\x2e\xcb\x61\x77\x83\x2d\xa0\x19\x24\x46\x37\
\xdb\x96\x39\x78\x24\xc0\x15\xb9\xf1\xcb\xe2\xef\xc4\x3f\xda\xfb\
\xc7\xd0\xde\x78\x92\xfa\xeb\x5b\xbc\x8f\x79\xb1\xd3\x2d\x23\x31\
\x58\x69\x88\x7e\xff\x00\x93\x16\x48\x8d\x70\x06\xe9\x1c\xb3\x90\
\xa3\x7b\xb6\xd0\x46\x46\x9b\xf0\x6e\xc7\x45\x98\x3e\xaf\x75\x1e\
\xab\x70\xa3\x9b\x4b\x29\x59\x6d\x63\x3e\x8f\x38\xc1\x93\x1d\xc4\
\x58\x53\xc1\x59\x58\x57\xf4\x3f\x00\xf0\xbc\xf2\x1c\x92\x19\x76\
\x36\x51\x9d\x4e\x69\x49\xf2\xde\xd1\xe6\xb6\x89\xef\xa5\xbe\x2d\
\x37\xb7\x9b\xfe\x27\xe3\xae\x22\xa1\x9c\x66\xb2\xc6\xe1\x93\x8c\
\x2c\xa2\xaf\xbb\xb7\x5b\x7e\x9a\x9d\x37\x89\x2c\x74\xfb\x7b\x7d\
\x2b\x53\xd1\x6f\xe4\xd4\xb4\x2d\x7a\xd9\xae\xac\x9a\xe1\x16\x3b\
\xcb\x52\x92\x3c\x52\xdb\x5c\x20\x24\x09\x23\x91\x18\x07\x42\x52\
\x44\x28\xeb\xb4\xb3\x45\x1e\x54\xaf\xb8\x7e\x35\x6f\x57\xbf\x93\
\x54\xbb\xf3\xa6\xf2\x55\x95\x16\x24\x48\xa1\x48\x22\x85\x14\x61\
\x51\x23\x40\x11\x14\x0e\x8a\xa0\x0f\xc4\x9a\xcf\x9a\x4c\x1e\xb5\
\xf5\x91\x4d\x2b\x33\xe0\x64\xd5\xee\x88\x6e\x47\x5f\xee\xf4\xaa\
\x52\xa9\x84\xf1\xd3\xd2\xac\xcd\x36\x7f\x2a\xad\x2b\xe4\x1a\x56\
\x34\x8b\x22\x79\x7a\xfa\xd3\x5d\xf7\x0e\x7d\x3b\xd6\x9f\x87\x3c\
\x23\x7d\xe2\xd1\x7d\x2d\x9c\x30\xad\xa6\x97\x1a\xcf\xa8\xdf\xdd\
\x5c\x47\x6b\x63\xa5\xc4\xc7\x6a\xc9\x73\x73\x2b\x2c\x30\x21\x62\
\x14\x19\x19\x77\x31\x0a\x32\xc4\x03\xc8\x78\xcb\xf6\x92\xf0\xcf\
\xc3\xf6\x7b\x5f\x05\xda\xda\x78\xe3\x5d\x43\x83\xaf\xea\x96\x4c\
\x34\x3b\x33\xeb\x69\x61\x32\xab\xdd\xb0\x38\x22\x4b\xd4\x48\x88\
\x2c\xad\x67\x20\xdb\x25\x47\x33\x72\xe4\x82\xbb\xfc\xbd\x5f\x4f\
\xcd\xf4\x4c\xf4\x70\xd8\x3a\x95\xb5\x8e\x8b\xb9\xd6\x0d\x0e\x1d\
\x1f\xc2\xf0\xf8\x87\xc4\x1a\x9d\x9f\x85\xfc\x31\x3b\x32\xc3\xa8\
\xdf\x86\x66\xd4\x59\x0e\x1a\x3b\x2b\x74\x06\x5b\xb9\x03\x7c\xa7\
\xca\x53\x1c\x6c\x57\xce\x92\x15\x3b\xc7\x0b\xe2\x3f\xda\xd6\xf3\
\x4c\x93\xec\xbf\x0c\xed\x6f\xbc\x23\x1a\xfc\xad\xe2\x3b\x97\x53\
\xe2\x4b\xce\xdb\xa2\x91\x09\x4d\x35\x4f\x50\x96\xa5\xa6\x5d\xce\
\x8d\x77\x32\x1d\xb5\xe5\xde\x25\xd7\xb5\x8f\x88\xde\x28\xb8\xd7\
\x7c\x49\xab\x6a\x3a\xe6\xb3\x76\xaa\x92\xde\xdf\x4e\xd3\x4c\xc8\
\xa3\x08\x80\xb7\xdd\x8d\x17\x0a\xa8\xb8\x54\x50\x15\x40\x00\x0a\
\x8d\x24\x8e\x0f\x95\x46\xe6\xf6\xad\xbe\xaf\x04\xb9\xb1\x0e\xfe\
\x5d\x3f\xe0\xfc\xf4\xf2\x47\xbd\x87\xc1\xc2\x1f\x0a\xbb\xee\x3f\
\x4d\xd2\xa3\xb3\x5c\x80\x32\x49\x66\x3f\xde\x24\xe4\x92\x7d\x4f\
\xad\x5c\xfb\x5f\xf0\xc6\x32\x7d\xba\x0a\x8e\xda\xd6\x4b\x9f\xbd\
\xf2\xaf\xa0\xad\x4b\x1d\x2c\x2f\x5e\x2b\x2a\xd8\xeb\xbb\x40\xef\
\xa7\x85\x5b\xc8\xaf\x69\x65\x25\xc3\xee\x6f\x9b\xdb\xd2\xba\x0d\
\x1f\x44\x9a\xfa\xea\x1b\x7b\x78\x26\xb9\xb8\x99\xb6\x47\x14\x28\
\x5e\x49\x1b\x3c\x00\xa0\x64\x9f\x61\x57\xe2\xf0\xa2\xe8\x90\xa3\
\xea\x72\x1b\x3f\x31\x43\xa5\xb8\x5d\xd7\x32\x03\xc8\x3b\x3f\x81\
\x4f\x04\x17\x23\x20\xe5\x43\x54\x93\xf8\x8e\x4f\xb2\xc9\x6b\x67\
\x1a\xe9\xd6\x73\x2e\xc9\x16\x36\xcc\xb7\x0b\xdc\x4b\x27\x56\x07\
\xba\x8d\xa8\x70\x0e\xdc\xf3\x53\x47\x0b\x3a\x9e\xf4\xb6\x38\xf1\
\x99\xb6\x1b\x0a\xb9\x57\xbd\x2e\xcb\xf5\x7d\x3f\x33\x4a\x3d\x3b\
\x4d\xf0\xac\x9f\xf1\x32\x91\x35\x6b\xf5\x3f\xf2\x0f\xb4\x9b\xfd\
\x1e\x12\x3f\xe7\xbd\xc2\x92\x0f\x6c\xc7\x09\x27\x05\x81\x96\x27\
\x5d\xa6\xbe\xbb\xe2\x2d\x43\xc5\x16\xd1\xc3\x75\x26\xdd\x36\xd5\
\xf7\xc1\x61\x02\xf9\x56\x76\xcc\x78\xca\xc6\x3e\x5d\xf8\xe0\xc8\
\xd9\x91\xb1\xf3\x33\x1e\x6b\x21\x36\xa2\xe0\x7e\x55\xb1\xa2\xbe\
\x7c\x39\xab\x71\xf3\x29\x89\x87\xb7\xdf\xcd\x77\xc2\x9c\x28\xab\
\xa5\xdb\xf1\x67\x87\x81\xf6\xb9\xce\x29\xe1\xaa\x4f\x95\x72\xd4\
\x92\x49\x69\xee\x42\x53\xb6\xeb\x7e\x5b\x5f\xa1\xed\xff\x00\x0a\
\x6d\x92\x6f\xd9\xd7\xc3\x2c\x54\x6e\x1a\xb6\xaa\xa3\xf0\xfb\x21\
\xfe\xb5\x75\xa3\xf2\xff\x00\x97\x15\x9f\xf0\x62\x6f\x37\xf6\x75\
\xf0\xff\x00\xfb\x3a\xd6\xaa\x3a\xff\x00\xb3\x64\x7f\xad\x69\x4b\
\x8c\xb5\x11\x56\x8f\xcd\xff\x00\xe9\x4c\xfb\x8c\x92\x36\xc0\x52\
\xf4\xfd\x59\x24\x13\x28\x8b\x6c\x9f\x34\x67\xf3\x5f\xa5\x47\x75\
\x6c\x6d\xa4\xeb\xb9\x5b\x90\x47\x43\x4d\xf3\x39\xdb\x9f\xd2\x9f\
\x1c\xdb\x17\x63\x7c\xca\xdf\xc3\xfe\x14\x58\xf5\x0a\x2e\xfc\x7f\
\xf5\xe9\xd6\xf0\x35\xc2\xee\xce\xc8\xc7\x05\xdb\xf9\x01\xdc\xfb\
\x7f\x2a\xb5\x35\x9c\x56\xed\xb9\xfe\x76\xed\x1f\x40\x3f\xde\x3f\
\xd0\x7e\x94\xc9\x19\x9d\xb2\xc7\x3c\x60\x0c\x60\x28\xf4\x03\xb5\
\x55\xac\x03\xe3\x75\x86\x12\x91\x29\x55\x3c\x31\x3f\x79\xfe\xa7\
\xfa\x0e\x3e\xbd\x69\x8c\xf8\x5f\xc2\x86\x7c\x9f\x4f\xc2\x9a\xc7\
\xe5\xa9\x01\x37\x03\x41\x6c\x8e\x29\x8c\xc7\xe9\x4d\x3c\xd2\x34\
\x45\xcb\x5b\xa5\xd8\x22\x98\xfe\xef\xf8\x5b\xfb\x9f\xfd\x6a\x2e\
\x61\x68\x4e\x1b\xea\x0f\x63\x54\xc3\xf3\xd6\xac\xda\xde\x05\x4f\
\x2e\x5d\xcd\x17\x63\x8f\x9a\x3f\x71\xfe\x15\x1b\x00\xcd\xfb\x5a\
\x9a\xd2\x03\xfc\x27\xf1\xa9\x2f\x21\xf2\x08\xe4\x32\xb0\xca\xb0\
\x3c\x35\x55\x79\xb8\x35\x65\xc4\x9b\xcd\xcf\xaf\xe1\x51\xbc\x9f\
\xad\x42\xd3\xe0\x72\x42\x8e\xf5\xe8\x1f\x03\x7f\x66\x0f\x18\x7e\
\xd0\x5a\x6d\xe6\xb3\xa5\xc3\xa7\xe8\x3e\x0b\xd2\x49\xfe\xd5\xf1\
\x87\x88\x2e\x86\x9f\xa0\xe9\x6a\x0e\x1b\x75\xcb\x0c\x48\xe0\x90\
\x3c\xb8\x83\xb6\x48\xc8\x50\x73\x5c\xd8\xac\x75\x1c\x35\x37\x56\
\xb4\x94\x62\xba\xbf\xeb\x7f\x2d\xcd\xe9\xc5\xb3\x84\x88\x18\xee\
\x61\x9a\x39\x66\xb7\xba\xb7\x95\x25\xb7\x96\x16\x29\x34\x52\xab\
\x02\x8c\x8c\xbf\x30\x70\xd8\x20\xa9\xc8\x38\xc7\x35\xeb\xff\x00\
\xb7\x1c\x32\x58\xfe\xd5\xcb\x73\xa8\x5b\xad\xb7\x8d\x35\x2f\x87\
\xfe\x1b\x7f\x1c\xa1\xc2\xc8\xba\xfb\xc5\x2c\x97\x4d\x22\x00\x04\
\x73\xc9\x6c\x34\xd7\x90\x00\x3e\x62\xdf\xde\x62\x75\x2c\xfe\x3b\
\xfc\x3d\xfd\x95\x26\xf2\xfe\x0e\xd9\xc9\xe3\xcf\x1e\x43\x95\x3f\
\x11\xbc\x4d\xa7\x08\xac\xf4\xc7\xe8\x5f\x48\xd2\xdf\x70\x56\x1d\
\x56\x7b\xac\xb2\x90\x70\x8e\x8d\x5e\x27\x23\x5d\x6a\x5a\x95\xe6\
\xa1\x7d\x75\x75\xa8\x6a\x5a\x95\xc4\x97\x97\x97\x77\x52\xb4\xd3\
\xdd\xcf\x23\x16\x92\x59\x1d\x89\x67\x76\x62\x58\xb1\x24\x92\x49\
\xaf\x37\x0b\x4e\xae\x33\x1b\x0c\x6c\xa0\xe1\x4e\x0a\x49\x73\x69\
\x29\x73\x5b\x78\xef\x18\xab\x5e\xd2\xd5\xbb\x3b\x2b\x6b\xd1\x2b\
\x46\x0e\x2b\x73\xa4\xd3\xbc\x72\x5a\xc9\x6c\xb5\x4b\x54\xd5\x2c\
\x47\x01\x25\x24\x4b\x0f\xbc\x6f\xd5\x7e\x9d\x28\xbf\xf0\x62\x6a\
\x30\xc9\x73\xa2\x4e\xd7\xf0\xc6\x32\xf6\xef\x85\xba\x80\x7b\xaf\
\x46\x1e\xe3\xf0\xcd\x73\xae\xdb\x93\x8a\x9a\xce\xf9\xad\xe4\x46\
\xf3\x25\x8e\x48\xce\x63\x9a\x37\x29\x24\x47\xd8\x8f\xf2\x7b\xf1\
\x5d\x75\xf2\xee\x5b\xcf\x08\xf9\x65\xbd\xbe\xcb\x7e\x6b\xa7\xaa\
\xb3\xef\x7d\x8e\xec\x3e\x68\xa7\x05\x47\x30\x8f\xb4\x82\xd1\x3b\
\xda\x71\x5f\xdd\x97\x54\xbf\x96\x57\x8f\x6e\x5d\xca\xd2\x36\x1d\
\x94\xab\x2b\x29\xc1\x52\x30\x41\xf7\xa8\x9d\xd7\x15\xd1\x5e\xf8\
\xa6\xcf\x59\x2b\x17\x88\xed\xf6\xc8\x40\x11\xea\xd6\x89\x86\x1e\
\x9e\x6c\x6a\x3f\x55\x07\xfd\xd1\xd6\xa8\xeb\x5e\x0b\xbc\xd3\x6d\
\x96\xea\xd9\xe3\xd4\xec\x64\x1b\xa3\x9e\xd8\x87\x56\x1f\x86\x7f\
\x42\x71\xdf\x15\xcb\x47\x34\x84\x26\xa9\x63\x57\xb3\x97\x4b\xfc\
\x2f\xfc\x32\xd9\xfa\x3b\x3f\x23\xa9\xf0\xfd\x4a\xd4\xde\x23\x2c\
\x97\xb6\x82\xd5\xa4\xad\x38\xaf\xef\x43\x57\xff\x00\x6f\x47\x9a\
\x3e\x66\x4e\xfd\xa6\x9a\xed\x8a\x68\x91\x64\x39\xcf\xb6\x29\x42\
\x99\x0e\xd5\x5c\xf6\x02\xbd\x5a\x8d\x25\x73\xc0\x95\xfb\x6a\x45\
\x20\xdc\xd4\xfb\x1d\x3e\xe3\x52\xbe\x8e\x0b\x38\xa5\x9e\xe2\x43\
\xf2\x24\x6b\x96\x6a\xdf\x8f\xc0\xeb\xa7\x5b\xa5\xd6\xb9\x70\x74\
\xd8\x64\x1b\xa3\xb6\x55\xdf\x79\x70\x3f\xd9\x4e\x8a\xbf\xed\x39\
\x03\xeb\x49\x79\xe2\x5f\x2e\xc9\xad\x34\xcb\x65\xd2\xec\x9c\x61\
\xd6\x37\x2d\x35\xc0\xff\x00\xa6\x92\x75\x6f\xf7\x46\x17\x9e\x86\
\xbc\xdf\xad\xca\xad\xe3\x86\x5c\xde\x7f\x65\x7c\xfa\xfa\x2f\x9b\
\x47\xaf\x1c\x95\xd1\x4a\xa6\x63\x2f\x67\xd7\x93\xfe\x5e\x3f\xfb\
\x77\xec\xaf\x39\xd9\xf5\x51\x91\x99\xe1\xef\x87\x3a\x0f\xc2\x6d\
\x66\xe3\x50\x8d\xe6\xfe\xd3\xb8\x2c\xf3\x69\x1a\x6d\xc9\x8f\x4b\
\x92\x52\x3e\xfd\xca\xa9\xda\x64\x07\x92\x61\xda\xe4\x8c\x33\x90\
\x78\xab\xa3\xfc\x6e\x82\xcf\x53\x87\x4f\xf1\x35\xbc\x7a\x05\xf5\
\xc3\xf9\x70\x5c\x12\x7f\xb3\x6f\xd8\xf4\x11\x4a\xc4\xec\x73\xff\
\x00\x3c\xa5\x21\xfb\x29\x90\x7c\xc6\x64\x8b\x7f\x0a\x38\x1e\xd4\
\x5d\x69\xd6\xfa\x8d\x84\xd6\xb7\x50\x41\x75\x6b\x72\x86\x39\xa1\
\x9d\x04\x91\xca\xa7\xaa\xb2\x91\x82\x0f\xa1\x15\xd9\x81\x95\x7c\
\x33\x72\x73\x72\xbf\x47\xb7\xc9\x6c\xbf\x37\xd5\xb3\xe0\x78\xbb\
\x85\xf2\xcc\xee\x2a\x2a\x92\xa3\x28\xde\xd2\x8a\x5c\xcd\xbb\x6b\
\x39\x35\x79\xed\xb3\xb2\x5a\xf2\xa8\xdd\x9e\xc1\xe0\x9f\x8c\x37\
\x9e\x1e\xf0\xb4\xbe\x19\xd5\x2c\x74\xdf\x17\xf8\x1e\xe6\x63\x3d\
\xc7\x86\x75\xb4\x79\x6c\x44\xa4\x30\x33\x5b\xb2\x32\xcb\x67\x71\
\x86\x38\x9a\xdd\xe3\x7c\xfd\xe2\xc3\x2a\x70\xf5\xef\xd9\x4a\xcb\
\xe2\x5b\xc9\x79\xf0\x76\xfa\xf7\x54\xbc\xda\xd2\xcd\xe0\x5d\x62\
\x64\xff\x00\x84\x82\x00\xab\xb9\x8d\x8c\xc1\x52\x2d\x4e\x31\x87\
\xc2\xa0\x8e\xe8\x00\x07\x90\xfc\xbd\x79\x06\x85\xe1\xbd\x4b\xe1\
\xbb\x7f\xc5\x39\x74\xf7\x9a\x5a\x8e\x34\x4b\xfb\x86\x68\xe2\x1e\
\x96\xd3\x9c\xbc\x5e\xc8\xfb\xd3\xa0\x1e\x58\xe6\xba\xdf\x04\xfc\
\x4f\xd1\x7c\x77\x7f\x2e\x9e\x8f\x2d\x96\xb5\x62\x04\xb7\x1a\x5d\
\xea\x79\x37\xd6\xb8\x3c\x3e\xcc\x9d\xcb\x9e\x92\x46\x59\x0f\x66\
\xaf\x43\xda\x53\x9c\xbd\xa5\x17\xec\xea\x3d\xf4\xd2\x5e\xab\x44\
\xfd\x55\xa5\xe7\x6d\x0f\xc2\x33\x8e\x1f\xcc\xb2\x8f\xdd\xe3\xe9\
\xfb\x6a\x0b\x69\x2b\xe8\xbc\x9d\x9b\x8f\xf8\x64\x9c\x3b\x26\xf5\
\x38\x55\x9d\xa3\xba\x9a\xde\x68\xe4\xb7\xba\xb6\x91\xa1\x9a\x19\
\x50\xc7\x24\x32\x29\x21\x91\xd4\x80\x55\x81\x18\x20\x80\x41\x18\
\x34\xe2\x77\x76\xaf\xa6\xf5\xcf\x88\xfa\x1f\xc7\x38\x63\xb5\xf8\
\xb5\xa3\xdd\xf8\xaa\xe2\x38\xd6\x08\x3c\x5d\xa7\x4a\xb6\xfe\x2c\
\xb1\x51\xb4\x0d\xf3\xbe\x63\xd4\x51\x55\x70\x23\xbc\x0c\xe0\x12\
\x12\x68\xab\xcc\x3e\x2a\x7e\xc9\xfa\xe7\x81\x3c\x2d\x79\xe2\x8f\
\x0b\xea\x56\xbf\x11\xbc\x0b\x62\xa1\xee\xf5\x7d\x26\xdd\xe1\xbc\
\xd1\x54\xe7\x1f\xda\x36\x0d\x99\xad\x3e\xe9\xfd\xe0\x32\x5b\x9e\
\x36\xce\xc4\xe2\xb6\xa7\x8f\x49\xa8\x62\x17\x23\xef\xbc\x5f\xa4\
\xb4\xd7\xca\x49\x37\xd2\xfb\x9e\x22\xcb\xe1\x56\x2e\xa6\x0e\x5c\
\xeb\x76\xb6\x92\xf5\x8e\xb7\x5e\x69\xb5\x6d\xda\xd8\xf2\xbb\xa1\
\x8f\x6f\xff\x00\x5d\x67\xdc\x1e\x3f\xa5\x6a\x69\x6f\x0e\xad\x3a\
\x8d\xc2\x48\xc8\x27\xe5\x6e\xbc\x71\x56\x66\xf0\xaa\xcb\x9f\x2d\
\x8e\xdc\xf0\x0d\x7a\x4a\xa5\xb4\x39\xa3\x4d\x9c\xa5\xd3\x60\xe7\
\xf3\xaa\x17\x0d\x8a\xe9\x6e\x3c\x32\xc2\xf9\xe1\x66\xc6\xd5\xdd\
\xc7\x35\x56\x6f\x08\xae\x71\xe7\x1d\xdf\xee\xd1\xed\x34\xb1\xd3\
\x18\xb3\x95\x99\x30\x5b\xf1\xaa\xb3\x36\x3f\x0a\xdc\xbf\xd2\x7e\
\xcd\x72\xd1\xee\xdd\xb4\xf5\xf5\xa6\xdc\xf8\x56\x20\x8b\xe6\x4d\
\x26\x58\x6e\xf9\x54\x71\x53\x29\x1d\x54\xe9\xb3\x99\x91\xb8\xcf\
\x5e\x71\x55\x26\x7d\xc3\x83\x5d\x2c\xbe\x14\xb6\xc6\x3e\xd1\x71\
\xff\x00\x7c\x8a\xa7\x71\xe1\x9b\x50\x71\xf6\x99\xb3\xe9\xb0\x7f\
\x8d\x73\xca\x67\xa1\x4e\x0c\xe6\x66\x93\xf5\x15\x4e\x79\x76\x9f\
\x4a\xd3\xf1\x3e\x9d\x1e\x95\xe5\x18\xe6\x92\x4f\x30\xb6\x77\x26\
\xdd\xb8\xc7\x7c\xfb\xd2\xf8\x5f\xe1\xf6\xa5\xe3\x3d\x2e\xe3\x54\
\x59\xb4\xfd\x17\xc3\x76\x33\x7d\x9e\xf3\xc4\x1a\xbc\xad\x6f\xa5\
\xd9\xcb\xb7\x77\x95\xbd\x55\xe4\x9a\x7d\xbf\x30\xb7\xb7\x49\x6e\
\x19\x43\x32\xc4\xc1\x49\x18\xd4\xad\x08\x2e\x69\xbb\x23\xd4\xc2\
\xe1\x6a\x54\x92\x8c\x15\xd9\xcf\xde\x5e\xac\x2a\xcc\xec\x14\x28\
\xce\x49\xae\x8a\xdf\xe1\x7b\xe9\x9a\x15\x9e\xb5\xe3\x0d\x51\x3c\
\x13\xa0\xea\x50\x8b\x9b\x13\x35\xb7\xda\xb5\x8d\x66\x16\x19\x57\
\xb1\xd3\xf7\xa3\xcb\x1b\x0c\xed\xb8\x99\xed\xed\x58\xab\x28\xb8\
\xde\x02\x18\xee\x7e\x28\xe8\x5f\x0e\xe6\xd9\xe0\x4b\x06\xd6\x35\
\x68\xfa\xf8\xab\xc4\x56\x11\xb3\xc2\xdd\x33\x61\xa7\x31\x92\x1b\
\x7c\x64\x81\x3d\xc1\x9e\x6e\x23\x92\x31\x67\x20\x22\xb8\xbb\xa1\
\x79\xe2\x3d\x7a\xf3\x56\xd5\x2f\x6f\xb5\x4d\x5b\x52\x99\xae\x2f\
\x2f\xaf\x6e\x1e\xe6\xea\xf2\x56\xfb\xd2\x4b\x2b\x92\xee\xe7\xbb\
\x31\x24\xfa\xd7\x1c\xaa\x54\xab\xf0\xfb\x8b\xbb\xf8\x9f\xa2\xd9\
\x7c\xee\xff\x00\xba\xb7\x3e\xd3\x03\x93\xf2\x24\xeb\xea\xfb\x2f\
\xd5\xff\x00\x97\xde\x75\x5a\xa7\xc6\x59\x6c\xf4\xdb\xbd\x23\xc0\
\xba\x6c\xbe\x0a\xd1\xef\xa1\x7b\x5b\xdb\xaf\xb5\x7d\xab\x5e\xd6\
\x61\x70\x55\xe3\xb9\xbe\x08\x85\x61\x75\x2c\xad\x6f\x6c\x90\x42\
\xe9\xb4\x4a\xb3\xb2\x89\x0f\x2b\xa3\xf8\x71\x63\x45\x8e\x38\xc2\
\xaa\x80\x15\x54\x74\xad\x4d\x37\x46\xe0\x64\x6d\x1e\xf5\xbb\x63\
\x6a\xb6\xca\x36\xaf\xe3\x59\x7b\x5a\x74\x55\xa0\xb5\x7b\xf5\x6f\
\xd5\xbd\x59\xf4\xd4\xb0\xad\xe9\xb2\x2b\xe9\x3e\x18\x44\xc3\x49\
\xf3\x63\xf8\x6b\xa3\xb0\xb5\x58\x80\x55\x5d\xa1\x7b\x55\x7b\x71\
\x96\xad\x2b\x2b\x66\x9d\x82\x85\xcb\x7b\x0a\xe2\x9d\x49\xd4\x7a\
\x9e\x9d\x3a\x6a\x1b\x16\x2d\x57\x90\xb5\xa3\x67\x68\xd2\x1e\x05\
\x4f\xa6\xe8\x05\x00\x32\x7a\x74\xad\x58\x6c\xc4\x43\x80\x7a\x56\
\x90\x87\x73\x7b\x32\xbd\xbd\x86\xc1\xeb\xc5\x4f\xb3\x67\xf0\xd4\
\x9b\x4a\x8e\x94\x37\xdd\xad\x6d\x62\x48\xdc\x7c\xbf\x8d\x46\xcd\
\x81\xff\x00\xd7\xa9\x1b\x81\x51\x3b\x0c\xf6\xfc\xab\x68\xec\x03\
\x19\xb0\x3b\xfe\x75\x1b\xb6\x7f\xaf\x34\xe7\x7f\xf3\x8a\x89\xdf\
\x1e\x9f\x95\x51\x2d\xd8\x63\x1d\xcd\xff\x00\xd7\xa8\xd9\xb2\x7f\
\xfa\xf4\xf6\x7d\xbe\x9f\x95\x30\xb0\x1f\xfe\xaa\x64\x8d\x76\xc7\
\x1f\xd6\x9b\x9f\xf3\x9a\x33\xf4\xfc\xa8\x27\x03\xb7\xe5\x48\x3d\
\x44\x2d\x8f\xff\x00\x5d\x23\x3f\x1c\xd0\xc6\x80\x31\x4c\xc6\x52\
\x1b\xb9\x80\xfe\x1a\x6e\xe2\xd5\x21\x3b\x45\x47\xd0\x50\x4f\x33\
\x10\xfb\xd3\x1b\x93\xed\xfc\xe8\x27\x77\x5a\x6b\x36\xd1\xef\x41\
\x20\xcd\xb0\x53\x68\xa6\xb3\xed\xa0\x01\x9f\xe5\xa8\xd8\xee\x6f\
\xfe\xbd\x05\xb3\xe9\x47\x5f\xff\x00\x55\x06\x77\x0c\xe7\xff\x00\
\xd7\x4d\x63\xc7\xde\xa1\x8f\x3d\xa8\xdd\xcd\x67\x29\x74\x44\xb6\
\x20\x39\xa6\xb3\x76\x5a\x57\x7c\x1f\xeb\x51\xb3\x6d\x1e\xf5\x99\
\x20\xdf\x28\xe3\xbd\x37\xa0\xa3\xad\x35\x9b\x00\xd4\xc8\x04\x90\
\x86\x1e\xff\x00\xca\x99\x21\xa7\x13\xdc\xd4\x67\x93\x59\xc8\x52\
\x0a\x89\xdf\x92\x78\xa7\xbb\x60\x54\x4f\xe9\x59\xc9\x90\x7d\xd3\
\x09\xc8\xfc\x6a\x43\x27\x35\x5e\x13\x81\xff\x00\xd7\xa9\x09\x51\
\xda\xbd\x63\xf0\x95\x4c\x91\x9b\x03\xbf\xe7\x51\x96\xc9\xa6\xee\
\xdc\x7d\xa8\x2d\x91\x8e\xd4\x1b\x46\x20\xe4\x7f\x8f\xbd\x33\x7f\
\xcb\xef\x48\xe7\x2d\xd3\xa7\xbd\x30\xbe\x07\x1d\x68\x36\x8c\x45\
\x67\xc1\xf7\xa8\xc1\xcf\xf5\xa3\x6e\x45\x23\x3e\x6a\x79\x8d\x63\
\x10\x66\xdd\xf4\xa6\x93\x4a\x4e\xd1\x51\x17\xdc\x7d\xa8\xe6\x36\
\x8c\x45\x27\x34\xd6\x7c\x52\x33\x60\xf4\xa6\x0e\x05\x1c\xc6\xf0\
\x8e\xa2\xe3\x02\x98\xe7\xe6\xa1\xe4\xdd\x4d\xce\x07\xf4\xa3\x98\
\xeb\x8c\x44\x77\xf4\xa6\x62\x94\xf3\xf8\xd0\xcd\xb6\x97\x31\xb4\
\x62\x23\xb7\xf0\xd3\x1b\xa7\x14\x84\xfd\x3a\xd2\x37\xca\x3b\x52\
\x35\x8c\x44\x3c\x0d\xbc\xd4\x6c\x72\xdf\x4a\x57\x38\x1f\xa7\x5a\
\x62\x9c\x7a\x54\xcb\x44\x6d\xd0\x47\x39\x6a\x63\xbe\xd1\x4e\x7e\
\x7f\x3a\x69\xc2\x8a\xc4\xa5\x11\xaa\x3e\x6c\xe6\x8d\xe4\x9e\x3a\
\x53\x5b\xd4\xff\x00\x2a\x19\xf6\x8a\x2c\x8d\x14\x45\x67\x39\xa0\
\x36\xee\x3d\x2a\x22\xdb\x9a\x94\x9d\xaa\x7f\xce\x6a\x79\x4e\x88\
\xd3\x1e\xcd\x81\x50\x5f\x5a\x45\xa8\xd9\xcd\x6f\x71\x0c\x57\x10\
\x4e\xbb\x64\x8a\x54\x0f\x1c\x8b\xe8\xca\x78\x23\xd8\xd2\xf9\x9c\
\xf4\xc5\x38\x38\xcd\x2e\x53\x78\xc6\xc6\x0f\xfc\x22\xf7\x1a\x59\
\xc6\x9b\x7d\x24\x31\x7f\xcf\xb5\xda\x9b\x98\x54\x7f\xb0\x4b\x09\
\x17\xd3\x1b\x99\x40\xe0\x20\xa9\xed\xe1\xd5\xa4\x56\x2f\x67\x63\
\xb4\x75\x29\x76\xec\x3f\xf4\x50\xc5\x6b\xb7\x35\x5a\x5d\x12\xc6\
\x6d\x5a\x1b\xe9\x2c\xac\xe4\xbe\xb7\x52\x91\x5c\xb4\x0a\x66\x89\
\x4e\x72\x15\xf1\xb8\x03\x93\xc0\x3d\xcf\xad\x34\x9a\x37\x56\x7b\
\x90\x2e\x8d\x35\xc0\xff\x00\x48\xb8\x65\x5c\xf2\x96\xf9\x8f\xf3\
\x7f\xbd\xf8\xa9\x5a\xb5\x69\xa7\xc3\xa7\x41\xe5\x5b\xc7\x1c\x31\
\xe7\x3b\x51\x42\x82\x4f\x53\xf5\xf7\xa9\xd9\xb7\x9e\x7a\x53\x19\
\xb1\x9e\xc3\xf9\xd5\x14\xa2\x1c\x03\xc7\xeb\x4d\x32\x7e\x3d\xa9\
\xa5\xb7\x7b\x0a\x33\x83\x41\xa2\x88\xe3\x26\x07\xbd\x31\x9b\xf3\
\xa4\x67\xc0\xf7\xa6\x34\x98\xa0\xda\x31\x03\xc0\xf5\xc7\x5a\x61\
\x7c\x8a\x6b\xc9\x81\xeb\x51\xb4\xbb\x8d\x6c\xa0\x69\xb0\xe7\x1c\
\xd4\x65\xb6\xfd\x68\xfb\xe7\xe5\xa7\x08\x78\xad\x14\x4f\x3b\x1d\
\x9c\x50\xc3\x46\xd5\x1e\xbd\x96\xe4\x63\x73\x7a\xe3\xd6\x9e\x23\
\xc5\x3c\x26\x0f\x5f\xd2\x91\x9e\x9f\x27\x73\xe2\x31\xd9\xe5\x5c\
\x4b\xb6\xd1\xec\x23\x30\x55\xa8\x65\xb8\xc7\xf4\xa4\xb9\x97\x2b\
\xc5\x47\x65\x65\x75\xab\xde\xad\xbd\xad\xbd\xc5\xd5\xc3\x2b\x38\
\x8a\x08\x9a\x59\x0a\xaa\x97\x62\x15\x41\x27\x6a\xab\x13\x8e\xc0\
\x9a\x5c\xa9\x2b\xbd\x8f\x3e\x32\x72\x69\x2d\x41\xa4\xcd\x21\x56\
\x61\xf2\xab\x7d\x71\x5e\x1f\xe3\x6f\xda\xee\x3b\xd9\x5e\xd7\xc1\
\xf0\xac\xd1\xa9\x28\xda\xad\xdc\x27\x0c\x7f\xe9\x8c\x2c\x01\xe3\
\xfb\xd2\x8f\x51\xe5\x8c\x02\x78\xb9\x3c\x63\xa9\x6b\xd7\x8b\x71\
\xa8\x6a\x57\xd7\x93\x67\x21\xa5\x99\x8e\xcf\xf7\x46\x70\xa3\xd8\
\x00\x2b\x86\x58\xea\x69\xfb\xba\x9e\xf5\x0e\x1f\xaf\x38\xf3\x55\
\x7c\xbe\x5b\xbf\x9a\xe9\xf9\x9f\x51\x0f\xfe\xb5\x43\x71\x6a\x59\
\x32\xb5\xe6\x5f\x08\xfe\x2f\x7d\xa7\x51\x87\x47\xd5\x2e\xd6\x49\
\xa7\x04\x5a\x49\x23\xfc\xee\x40\xce\xc2\x7a\xb1\xc7\x20\xf5\xe3\
\x1e\x95\xea\x91\xc9\xbf\xf1\xae\xaa\x75\x15\x48\xf3\x44\xf1\x71\
\x58\x69\xe1\xea\x72\x4b\xfe\x1c\xca\x78\xd8\x39\xff\x00\x1a\x7c\
\x43\x20\x7b\x75\xab\xf3\x41\xb9\x4f\xf9\xc5\x57\x30\xec\xcf\xb5\
\x33\x38\xb1\xa0\xe3\xa5\x29\xb8\xc4\x7e\x5c\x91\xc7\x34\x24\xe7\
\xca\x90\x12\xb9\xf5\xe0\x82\x0f\xba\x90\x7d\xe9\x8e\xfb\x4d\x37\
\xad\x65\x3b\x3d\x0e\xca\x72\x71\xd5\x16\x21\xd2\x6c\xef\x40\x10\
\x5d\x7d\x95\xbf\xe7\x8d\xdb\x00\x0f\xfb\xb2\x80\x17\xfe\xfb\x08\
\x07\xa9\xa9\xe4\xf0\x15\x8d\xa9\x12\x5f\x5e\x42\xc0\xf2\x21\xb3\
\x75\x9a\x46\xff\x00\x81\x8c\xa2\xfe\x64\x8f\xee\x9a\xa0\x1b\x8e\
\x69\xed\x75\xc7\xf8\x56\x5c\x8f\xa3\x3b\x69\x62\x2d\xd1\x5f\xfa\
\xe9\xfd\x2f\x22\xde\xa1\xab\x2c\x1a\x53\xe9\xf6\x30\xc5\xa7\xe9\
\xce\x43\x49\x04\x3f\x7a\xe0\x8e\x8d\x2b\x9f\x9a\x42\x3a\x80\x7e\
\x55\x39\xda\xab\x5c\xfd\xcb\xe2\xac\xdd\xdc\xe3\x35\x9b\x77\x36\
\x5f\xeb\xdf\x35\x70\xa6\x96\x88\xd7\xda\xca\x5b\x95\xae\xa6\xc1\
\xaa\x53\xbf\x1f\x8d\x4d\x77\x22\xc4\xa6\x47\x65\x55\x50\x49\x66\
\x38\x00\x54\xbe\x3b\x1a\x37\xc1\x68\x52\x6f\x88\x1a\x95\xc6\x83\
\x71\x2c\x62\x7b\x7d\x02\xd6\x01\x71\xe2\x0b\xe5\x61\x94\x3f\x66\
\x66\x55\xb4\x89\x81\x52\x26\xba\x68\xf7\x23\x6f\x8a\x3b\x8c\x6c\
\x2e\x5c\xb1\x76\x7b\xf4\x5d\x5f\xc8\xeb\xc3\x50\xa9\x5a\x5c\xb4\
\xd5\xca\xba\x2e\x83\x7d\xe2\x9d\x6a\xdb\x4b\xd3\x2c\x6f\x75\x4d\
\x4e\xf5\xb6\x5b\xda\x59\xc0\xd3\xcf\x39\x00\x92\x11\x10\x16\x6c\
\x00\x49\xc0\xe0\x02\x7b\x56\x4f\x8e\xfe\x28\xf8\x27\xe0\xeb\x49\
\x05\xed\xd5\xbf\x8f\xbc\x4d\x1e\x40\xd1\xb4\x4d\x40\x1d\x26\xc9\
\xc7\x4f\xb6\xea\x51\x16\x59\xbb\x66\x1b\x12\xfb\x94\xb0\x37\x56\
\xf2\x2e\x2b\xcc\xfe\x29\x7e\xd3\x9a\xf7\xc4\x9d\x16\xf3\xc3\xfa\
\x2d\x9c\x5e\x07\xf0\x5d\xf2\x88\xae\x34\x9d\x3e\x73\x2d\xd6\xaf\
\x18\x39\x03\x51\xbd\x2a\xb2\x5d\xf2\x15\x8c\x41\x62\xb5\x0c\xa1\
\xd2\xde\x36\xe4\xf9\xfd\xbe\x9f\x1d\x9c\x3f\x36\xd5\x55\xfc\x31\
\x5a\x43\x0b\x29\x2e\x6a\xcf\x95\x76\x4f\x5f\x9b\xe9\xe8\xbe\xfe\
\x87\xd2\xe1\x72\x98\x43\x5a\x9e\xf3\xfc\x3f\xe0\x9d\x2f\xc5\x1f\
\x8c\x5e\x29\xf8\xde\x2c\xed\xf5\xdb\xe8\xa2\xd1\x34\xb9\x0c\xba\
\x6e\x85\xa7\x42\x2d\x34\x8d\x31\x88\xda\x5e\x2b\x75\xe1\xa5\x2b\
\x85\x6b\x89\x4b\xdc\x48\x00\xf3\x25\x72\x33\x58\x0a\x90\xd8\x27\
\xcd\xf8\x0f\x5a\x85\xf5\x06\x98\xec\xb7\x5f\xf8\x19\xfe\x82\xae\
\x69\x5e\x1a\x92\xe6\x5d\xf2\x6e\x66\xcf\x53\x58\xd5\xc6\xd2\xa4\
\xbd\x9d\x05\xf7\x6c\x7b\xd0\xa2\xde\xe4\x51\x99\xb5\x07\xda\x80\
\xa4\x7f\xa9\xad\xbd\x27\xc3\xac\x8b\xff\x00\xd6\xad\x6d\x2b\xc3\
\x41\x02\xfc\xbf\xa5\x74\xda\x4f\x86\x8c\x98\xc2\xfe\x95\xe6\x3e\
\x7a\x8e\xf2\x67\x64\x29\x28\xad\x0c\xbf\x0d\x78\x2e\xe7\x5d\xd4\
\x61\xb3\xb5\x8e\x36\x9a\x5d\xc7\x74\x92\x2c\x71\xc4\x8a\xa5\xde\
\x47\x76\xc2\xa2\x22\x2b\x33\x31\x20\x2a\xa9\x27\x81\x5a\xa7\x57\
\xb3\xf0\xdb\xf9\x7a\x24\x9f\x6a\xb8\x4e\x1b\x56\x92\x32\x9b\x8f\
\xad\xbc\x6c\x01\x8d\x7d\x24\x71\xe6\x9c\x02\x04\x27\x2b\x5d\xbe\
\x85\xe1\x06\xd1\xbc\x1d\xe2\x8d\x4d\x97\x6f\xd8\xb4\x1b\xcc\x71\
\xff\x00\x3d\x63\xfb\x3f\xfe\xd6\xaf\x29\x86\x5f\xdd\xfe\x15\xeb\
\x65\xf8\x38\xc9\x3a\x92\xd7\x53\xe4\x78\x93\x1d\x56\x8d\x45\x87\
\x83\xb2\x6a\xef\xbe\xef\xfc\x89\xe4\x72\x5d\x99\x99\x9a\x47\x25\
\x9d\x98\xe4\xb1\x3c\x92\x4f\x72\x6b\x6b\x46\xf0\x77\xf6\xbf\xc3\
\x7f\x12\x78\x84\xdd\x98\x47\x87\x6e\xb4\xfb\x61\x6f\xe5\x6e\xfb\
\x4f\xda\x8c\xe0\x9d\xfb\x86\xdd\x9e\x47\x4c\x1d\xdb\xbb\x63\x9c\
\x46\xb3\xbc\x9b\x46\x9f\x50\x4b\x1b\xe9\x34\xdb\x69\x92\xda\x6b\
\xd4\xb7\x76\xb6\x86\x57\x04\xa4\x6d\x2e\x36\xab\xb0\x56\x21\x49\
\xc9\x0a\x48\x07\x15\xdb\x78\x30\xf9\x9f\xb2\xff\x00\xc4\x86\xfe\
\xe6\xad\xa1\x7f\x3b\xda\xac\xd7\x11\x3a\x34\xa3\x2a\x4e\xcd\xd4\
\xa7\x17\xb6\xd2\xa9\x18\xb5\xf3\x4d\xaf\x2b\x9e\x5f\x0f\xe0\x69\
\xe2\xb1\x13\x85\x75\x74\xa9\x56\x9a\xe9\xac\x28\xce\x71\x7f\x29\
\x45\x3f\x3b\x59\xe9\xa1\xc5\xac\xc0\xf7\xad\x7d\x19\xc7\xf6\x0e\
\xa9\xcf\x58\x95\xbf\x2d\xdf\xe3\x5e\xb3\xfb\x34\xfe\xcf\xde\x16\
\xf8\x99\xfb\x03\x7e\xd4\xbf\x10\xf5\x9b\x2b\x8b\xaf\x13\x7c\x2d\
\xb7\xf0\xb0\xf0\xe4\xc9\x79\x2c\x51\xd9\x3d\xf6\xa5\x24\x37\x2e\
\xd1\xa3\x05\x94\xb4\x51\xaa\x81\x20\x60\xa0\x92\x00\x6c\x11\xe1\
\xb6\x1a\xa4\x90\xdb\xc8\xaa\xdf\x2c\xe9\xb1\xc6\x33\x90\x69\xc6\
\xb4\x6b\xce\xa5\x38\x5e\xf4\xe4\x93\xbf\x7b\x46\x5a\x7c\x9a\xf9\
\x9b\x64\x98\xc8\xe5\x78\xca\x78\xca\xca\xf1\x94\x2a\x2b\x2d\xfd\
\xe8\x4e\x9f\x5b\x2d\xdd\xf7\xd8\xfa\x07\xe0\x84\x9f\xf1\x8e\xba\
\x19\xff\x00\xa8\xde\xab\xff\x00\xa2\xec\x6b\x65\xb2\xc4\xd6\x1f\
\xc0\xef\x9b\xf6\x7a\xd1\x71\xdb\x5d\xd5\x3f\xf4\x5d\x8d\x6f\x79\
\x63\x3f\x37\xf2\xab\x8a\xba\xd7\xbb\xfc\xd9\xf7\x79\x1c\xaf\x97\
\xd2\xf4\xfd\x58\xc4\x88\xb9\xf7\xeb\xec\x28\x69\x44\x3c\x46\x72\
\xd8\xe5\xfd\x3e\x94\xb2\x3e\x57\x1d\xbd\x2a\x16\x39\x6a\xbb\x58\
\xf5\x49\x23\x9d\x53\xef\x2e\xe5\x3d\x47\xf9\xef\x4e\x64\x00\x6e\
\x43\xb9\x3d\x7b\x8f\xad\x43\x8a\x9b\x4c\xd4\xa6\xd1\xaf\xe3\xb8\
\xb7\xf2\x7c\xe8\xf3\xb7\xcd\xb7\x8e\x74\xe4\x11\xca\x48\xac\x87\
\x82\x71\x90\x70\x70\x46\x08\x06\x93\xbd\x89\xb1\x18\x65\x7e\x55\
\xb7\x73\x8e\x0d\x04\x7c\xad\xd7\xa7\x7a\xb9\x7f\x7b\x36\xab\x2f\
\xda\x2e\x26\x7b\x87\x93\xab\xb7\x61\xe8\x00\xe1\x40\xf4\x00\x01\
\x54\xe5\x3b\x41\xa3\x97\xb8\xe2\x43\x21\x39\x14\x99\xc7\xa5\x23\
\xbe\x0e\x7f\x2a\x86\x49\xbf\xcf\xa5\x3e\x54\x6a\x8b\x1b\xbd\xd6\
\xa3\x32\xe0\x55\x76\xb8\xe3\xfc\x2a\xbc\xb7\xdf\xe9\x10\xc2\x8b\
\x24\xb7\x17\x12\x2c\x30\xc3\x1a\x97\x92\x69\x18\xed\x54\x45\x1c\
\xb3\x31\x20\x00\x06\x49\x20\x0a\x89\x4a\x31\x57\x65\x72\xb3\x4e\
\x1d\x47\xc9\x1b\x1f\xe7\x89\x8f\x2b\xe8\x7d\x45\x6b\xfc\x3e\xf8\
\x5f\xe2\x3f\x8c\xfe\x37\xb3\xf0\xdf\x82\xf4\x3d\x4b\xc5\x5a\xe5\
\xff\x00\x30\x59\x69\xf1\x6f\x93\x6e\x40\x2f\x21\xe1\x62\x45\x24\
\x6e\x92\x42\xa8\xb9\xe5\x85\x7a\x4e\x8d\xfb\x1f\xe9\xff\x00\x0a\
\x74\xfb\x6d\x67\xe3\xd7\x89\x2e\xbe\x1f\x5a\xcf\x10\xba\xb5\xf0\
\x66\x97\x12\x5d\xf8\xd3\x56\x8c\xe0\xae\x6d\xd8\xf9\x7a\x74\x6e\
\x33\x89\x6e\xc8\x39\x56\x5f\x2c\x1c\x1a\xa9\xf1\x03\xf6\xab\xd4\
\x35\x9f\x07\xdd\x78\x2f\xc0\x7a\x2d\xaf\xc2\xcf\x86\xd7\x2b\xb6\
\xe3\x43\xd1\xee\x1d\xee\xf5\xce\x08\xf3\x35\x3b\xe6\xc4\xf7\xae\
\x43\x11\xb5\x8a\xc4\x17\x0b\xb0\xe3\x27\xc5\x79\x84\xb1\x2f\x93\
\x00\xb9\xbb\xcd\xdd\x41\x7a\x3d\xe4\xfc\xa3\xa7\x79\x23\x68\x47\
\xab\x35\xee\xfc\x0b\xf0\xb7\xf6\x4f\x9c\xff\x00\xc2\x61\x75\xa7\
\xfc\x6c\xf8\x8d\x6e\x78\xf0\xb6\x8b\x7a\xc9\xe1\x4d\x0e\x50\x3a\
\x6a\x17\xc9\xf3\xde\xca\x8d\x8c\xdb\xdb\xe2\x3c\xa3\xa4\x8e\x41\
\x06\xb8\x4f\x8d\xff\x00\xb4\x17\x8d\xbf\x69\x8d\x4a\xc6\x6f\x18\
\x6a\xc9\x36\x9d\xa4\x00\xba\x4e\x87\xa7\xdb\xad\x8e\x8b\xa1\xc6\
\x06\x15\x2d\x6d\x13\xf7\x71\x85\x5f\x94\x31\xdd\x21\x5c\x02\xed\
\x8a\xe4\xc6\x8f\x1d\xa4\x28\xd0\xaa\x88\x70\x00\xc0\xfb\x9e\xd4\
\xe0\x38\xad\xf0\xb9\x5c\x29\xcd\x57\xac\xfd\xa5\x4f\xe6\x7d\x3f\
\xc2\xb6\x8f\xcb\x5e\xed\x97\xed\x52\xd8\x6c\x10\xac\x43\x81\xf5\
\xa9\x87\x14\xcf\xbb\x4d\x12\xfb\x57\xa7\xcc\xcc\x9c\xee\x28\x18\
\xc7\x5a\x76\x73\x4c\x32\x64\x7a\x52\xab\xee\x21\x54\x16\x66\xe0\
\x00\x3a\xd3\x4a\xe4\xf3\x8e\x49\x54\x2f\x97\x27\xfa\xb6\xef\x8e\
\x52\xa4\xb3\x5b\xef\x0a\x5d\x79\x96\x53\x49\x6e\x27\xc3\x10\xb8\
\x68\xa7\x1d\x89\x53\x95\x6f\xa9\x19\x14\x7f\x67\x38\x3f\xbe\x74\
\x8b\xd5\x4f\x2c\x3f\x01\xfd\x6a\xdd\x9d\xd0\xb5\xb3\x6b\x73\x75\
\x75\xf6\x76\x39\x31\xed\x05\x01\xf5\x00\x9e\x3f\x0a\x8a\x94\x61\
\x52\x2e\x15\x12\x69\xf4\x6a\xe8\xce\x9e\x26\xad\x1a\x8a\xb5\x09\
\x38\xc9\x6c\xd3\x69\xaf\x46\xb6\x2e\xc7\xe2\x4d\x3f\x55\x3f\xf1\
\x38\xd0\xa1\xb8\x97\xbc\xd6\x93\x1b\x77\x6f\xa8\x39\xcf\xe7\x8f\
\x6a\x9a\x4f\x19\x59\xe9\x31\xed\xd0\xb4\x78\x34\xd9\xba\x7d\xaa\
\x79\x3e\xd5\x70\xbf\xee\x64\x05\x5f\xae\x18\xfa\x62\xb3\x7e\xc8\
\xac\xb9\x85\x95\xd7\xd3\xa1\xa8\x4d\xb1\x73\x80\xa7\x3d\xb1\x5e\
\x3a\xc8\xb0\x90\x7e\xe4\x5d\xbb\x73\x4b\x97\xff\x00\x01\xbf\x2f\
\xe1\x63\xe9\xbf\xd7\x0c\xd6\x4a\xee\xa2\xe7\xfe\x7e\x48\x2a\x9f\
\xf8\x31\x47\x9f\xe7\xcd\x7f\x32\xac\xcf\x25\xd5\xc4\x93\x4c\xf2\
\x4d\x34\xa7\x73\xbb\xb1\x66\x73\xea\x49\xe4\xd3\x84\x00\x28\x67\
\xf9\x47\x61\xdd\xaa\x47\x2b\x6e\xd8\xe1\xa4\xf4\xea\x16\xab\x3b\
\xb3\x39\xc9\xe7\xb9\xf5\xaf\x4e\x11\x50\x56\x47\xcf\xca\xb4\xa4\
\xdb\x6e\xed\x92\x33\x02\x30\xa3\x03\xd2\x97\x21\xbd\xbf\x0a\x8f\
\x78\x03\x9e\x69\xa0\xd5\xca\x2d\xea\x67\xca\x5a\x81\x3c\xc9\x80\
\x5c\x55\x2f\x18\xfc\x32\xb0\xf1\xc2\xdb\x7f\x69\xc3\x0c\x9f\x63\
\x6f\x32\xd6\xee\x39\x1a\x2b\xbb\x27\xfe\xf4\x32\xa1\x0f\x1b\x7b\
\xab\x0c\xf7\xcf\x4a\xbd\xa1\x4b\xff\x00\x13\x28\xc7\x66\xcf\xf2\
\x35\x38\x8e\x49\xae\x84\x7b\x89\x51\x53\xca\xad\xa8\x3a\x69\xc6\
\xcf\x54\x64\xd8\xea\x9e\x26\xf0\x13\x6d\xbb\xdf\xe2\xfd\x21\x7a\
\x5c\xdb\xaa\x26\xab\x6c\x3f\xe9\xa4\x43\x6a\x5c\x01\xfd\xe8\xb6\
\xc9\xdb\xcb\x73\x96\xae\xf7\xe1\x8f\xc5\xd9\x6c\x75\x4b\x5f\x11\
\x78\x47\x5e\xbb\xd3\xf5\x2d\x3e\x42\xb1\x5f\x69\xf7\x0f\x6f\x75\
\x69\x27\x46\x46\x23\x0f\x1b\x63\x86\x46\x00\x90\x70\x47\x6a\xe3\
\x3c\x43\x07\xd9\x59\x44\x6c\x54\xf7\xc1\xac\x5d\x77\xc2\x30\xea\
\x50\xc7\xa8\xda\xdc\x5d\x69\x3a\xdc\x6a\x15\x35\x1b\x42\x16\x62\
\xa3\x38\x49\x14\x82\xb3\x47\xfe\xc4\x81\x87\x71\x83\xc8\xda\x95\
\x46\x95\xa5\xaa\xec\xff\x00\x2f\xf8\x73\xf3\x3c\xfb\xc3\x9c\x35\
\x79\x7d\x67\x2d\x7e\xc6\xa6\xf6\x5f\x0d\xfe\x5a\xc7\xe5\xa7\x91\
\xee\x9e\x23\xf0\xd7\x80\x3f\x68\x9b\xb6\x9b\xc4\x76\xf6\xff\x00\
\x0d\xfc\x61\x31\x27\xfe\x12\x8f\x0e\xe9\xa0\x69\x77\xf2\x1c\x7c\
\xda\x86\x97\x16\xd4\x52\x7e\x6c\xcf\x65\xe5\xb6\x58\xb3\x43\x33\
\x57\x95\xfc\x6c\xf8\x1b\xe3\x0f\xd9\xe2\xc6\xce\x4f\x12\x5a\xda\
\xdc\xe8\x9a\xa4\x86\x2d\x2f\xc4\x9a\x4d\xcf\xdb\xb4\x4d\x5c\x82\
\xdc\x43\x72\xa0\x01\x26\x14\x93\x0c\xa2\x39\x94\x0f\x9a\x35\xae\
\x6f\x4f\xf8\xe7\x79\xe0\x75\x58\xfc\x65\x6b\x1d\xbd\xaf\xdd\x5d\
\x6e\xc9\x19\xac\x5b\xd0\xcc\x9c\xbd\xb1\xf7\x62\xd1\xff\x00\xb6\
\x3a\x57\xba\x7c\x31\xf8\xcf\xab\x78\x23\x46\xb8\x97\x41\xd4\x2d\
\x6e\x34\xad\x72\x20\xba\x86\x9f\x75\x04\x5a\x8e\x8f\xae\x43\xd9\
\x2e\x6d\x65\x0f\x05\xc2\x60\xf0\x59\x49\x19\xca\x95\x38\x35\x74\
\xe9\xb8\x7f\xba\x49\x5b\xf9\x25\xb7\xc9\xea\xe3\xe9\x67\x1b\x68\
\xa2\xb7\x3f\x2d\xcc\x23\x88\xc1\x57\xf6\x19\xcd\x27\x19\x74\x9c\
\x52\xd7\xcd\xed\x19\xfa\xdd\x4b\xbb\x7b\x1f\x3a\xdb\x5e\xac\x97\
\xdf\x7b\x39\x8b\x93\x50\x3d\xc9\x7d\x6d\x97\x3f\x2f\x61\x5e\xe7\
\xe2\xdf\x81\x3e\x01\xf8\xc9\xa8\xc9\xa8\x78\x36\xf2\xc3\xe1\x47\
\x8a\xa4\x4f\xde\xe8\x1a\xad\xd4\xd2\xf8\x5f\x52\x93\xe5\xe6\xd2\
\xf6\x42\xf3\x69\xec\xc7\x71\xf2\xae\x8c\x96\xe0\x91\xfe\x91\x02\
\x8d\xb5\xe1\xff\x00\x10\xfc\x01\xe2\xbf\x81\x7e\x3d\x83\x4d\xf1\
\xc7\x86\xf5\x6f\x0b\xde\x5e\xa9\x92\xcd\xaf\x22\xff\x00\x45\xd4\
\xa3\xc7\xfa\xdb\x5b\x85\x2d\x05\xd4\x47\xb4\x90\x3b\xa1\xec\xd5\
\xd3\x4f\x1d\x09\x4b\xd9\xcd\x38\x4f\xf9\x5e\xff\x00\x2e\x92\x5e\
\x71\x6d\x77\xd4\xbf\xa8\xb9\x43\xdb\x51\x6a\x70\xfe\x68\xf4\xf5\
\x5b\xc5\xf9\x34\x9f\x6d\x0e\x7f\x5a\x97\xfe\x26\x72\x7b\x1a\x75\
\xd5\xd8\x5b\xdb\x70\xdd\x0a\xf3\x55\x75\x3b\x95\x97\x52\x91\x83\
\x2f\x5a\xa7\x7f\x77\xf6\x8d\x72\xc6\xd6\x20\xd3\x5c\xdd\x4a\x90\
\x5b\xc1\x12\x99\x25\x9e\x46\x21\x55\x11\x47\x2c\xcc\x48\x01\x40\
\x24\x93\x81\x5b\x54\xa8\xa3\x16\xd9\x74\x68\xb7\x64\x89\x2e\x2e\
\x85\xb2\xfc\xd5\x0e\x8b\xa1\x6a\x5e\x36\xd6\xe6\xb1\xd2\x6c\xa4\
\xd4\x2e\xa2\x80\xdc\xcc\x15\x96\x38\xad\x21\x53\x87\x9e\x79\x5c\
\xac\x70\x40\x99\x1b\xe6\x95\x92\x34\x07\x2c\xca\x39\xae\x87\xc7\
\x3e\x10\xd2\x7e\x10\xde\x88\x7e\x20\x4f\xa8\x47\xae\x44\xd9\xff\
\x00\x84\x2f\x47\x9a\x35\xd6\x94\xf7\x5d\x42\x76\x57\x8f\x4b\xc7\
\x39\x8e\x48\xe6\xbb\x04\x00\xd6\xb1\xa3\x89\x97\xcf\xbe\x29\x7c\
\x57\xd6\xfe\x22\xe8\x29\xa5\xbc\x3a\x6f\x87\x7c\x2b\x05\xc2\x5c\
\x43\xe1\xdd\x16\x27\x83\x4f\x59\x54\x10\x93\x4d\xbd\x9e\x6b\xb9\
\xd7\x2c\x16\x7b\xa9\x26\x95\x43\x32\xab\xaa\x61\x07\x93\xf5\xa9\
\x55\xfe\x06\xdf\xcc\xf6\xf9\x7f\x37\xca\xcb\xce\xe7\xd7\xe5\x7c\
\x35\x56\xab\xe7\xaf\xee\xae\xdd\x7f\xe0\x7c\xfe\xe3\x5b\xc7\xba\
\xbf\x83\x7e\x1e\x43\x65\xb5\xa0\xf8\x8d\xe2\x2d\xac\xc6\x38\xda\
\x6b\x6f\x0c\xd8\x12\x70\x43\x48\xa6\x3b\x9d\x42\x41\xc8\xc4\x66\
\xde\x05\x64\x52\x24\xbc\x8d\x8a\xd7\x9a\x78\xc7\xc5\xba\xd7\xc4\
\xbd\x66\x0b\xdf\x10\x6a\x12\x6a\x13\x59\xc5\xf6\x7b\x48\xbc\xb8\
\xe0\xb5\xd3\xe1\xce\xef\x26\xda\xde\x25\x58\x6d\xe2\xdc\x49\xf2\
\xe1\x44\x40\x49\x3b\x72\x4d\x4b\xe2\x00\x3c\x8b\x1f\xf6\x61\x23\
\xff\x00\x1e\xaa\x30\x61\x8f\xd2\x93\x70\xa5\xef\x37\xcd\x2e\xef\
\xf4\xe8\xbe\x5f\x3b\x9f\x77\x86\xcb\xe9\x50\x8f\x25\x18\xd9\x7e\
\x7e\xac\x75\xa5\x80\x3b\x7f\xc2\xb5\x2c\xed\xd2\x31\xee\x3b\xd5\
\x58\x0f\xdd\xab\x56\xdd\x6b\x8a\xae\x25\xcb\x63\xd0\xa7\x45\x22\
\xfc\x5d\x7f\x4a\xd0\x82\x3c\xf1\x4e\xf0\xc7\x84\xaf\x35\xf7\x56\
\x86\x3d\xb0\x8f\xbd\x2b\xf0\xa3\xe9\xeb\xf8\x57\xa1\x78\x7f\xc1\
\x16\xba\x20\x56\xff\x00\x5d\x30\xff\x00\x96\x8f\xd8\xfb\x0e\xd5\
\x9c\x60\xde\xe7\x74\x29\xb7\xa9\xcf\xe8\x1e\x12\xb8\xbb\x2a\xf2\
\xaf\x95\x19\xe4\x64\x7c\xcd\xf8\x57\x57\xa7\xe8\xd0\xd9\x26\x11\
\x71\xea\x7b\x9a\xbc\xb0\x85\x1f\x8d\x04\x01\x5d\x11\x8d\xb6\x35\
\xe5\x48\x8f\xca\x09\x46\xec\x52\xb3\x66\x98\xcd\x93\x5a\xad\x08\
\x7a\x83\xb6\x4f\x5a\x8d\xd8\x93\x8a\x73\x36\xdf\xad\x44\xef\xff\
\x00\xd7\x35\x4b\x52\x44\x7e\x47\xff\x00\x5e\xa1\x73\x81\xde\x96\
\x47\xc7\xf4\xa8\x98\xe4\x37\xad\x6a\xbb\x04\xb6\x11\xb9\x39\xe6\
\xa3\x63\x93\x9e\x69\x5f\x91\xda\xa3\x6f\xa8\xa6\x66\x34\x8f\xad\
\x33\x24\xfa\xd2\xb6\x07\xa5\x35\x80\x07\xb5\x02\x02\x31\xfd\xea\
\x69\x39\x34\xe7\x6e\xdf\x9d\x36\x83\x37\x2b\x80\xe6\x86\x38\x14\
\xd2\x76\xd3\x5c\xee\x3d\x3f\x5a\x66\x4f\x70\x03\x8a\x8d\xce\x5a\
\x9c\x64\xc7\x6a\x6e\x72\x6a\x79\x90\x05\x46\x7e\xf1\xa9\x0b\x6d\
\xa8\xdd\xb2\xd5\x3c\xc8\x06\xb3\x62\x99\x8a\x52\x77\x37\xe9\x45\
\x4b\x97\x63\x3b\xdc\x69\x5f\x73\x46\x30\xb4\x33\xe0\xd2\x33\xe7\
\x8a\x1c\x9b\x26\x42\x75\x34\x84\x71\x4b\x9c\x53\x5d\xf2\x31\x52\
\x48\xdc\xe6\xa3\xea\x69\xce\xdc\x62\x9b\xd3\xe9\x49\xb0\x0c\xd4\
\x65\xb7\x73\x4a\xe7\x71\xf6\xa8\xd9\xf7\x0e\x2b\x3b\x80\x87\x96\
\xa0\x9c\x0a\x69\x20\x53\x59\x89\x1f\x85\x43\x64\xb4\x05\xb7\x1a\
\x85\x9b\x82\x7d\xaa\x47\x6d\xbf\x8d\x46\xfc\x47\xf8\x62\xb2\x93\
\x24\xfb\x9a\x1e\x53\xd6\x9c\x06\x29\x90\x9c\x7e\xb4\xf0\xdb\x87\
\xf4\xaf\x5f\x53\xf1\x2e\x50\x63\x81\xc7\xff\x00\xaa\x98\x5d\x89\
\xa7\x91\xb4\x66\x98\xc3\x3c\xe2\x8b\x1a\xa1\x1b\x3b\x69\x84\xe0\
\x53\xd8\xed\x1f\xd2\x9a\x3a\x52\xe5\x66\xb1\x48\x8d\x8e\xee\x79\
\x02\x9b\xbb\x03\xff\x00\xad\x52\x49\xd2\x98\x40\x02\x9f\x29\xac\
\x50\xc7\x6d\xc7\xbd\x46\x5f\x9e\x7f\x9d\x39\x80\x19\xa4\x6c\x7a\
\x75\xe6\x8e\x53\xa2\x30\x4c\x63\x16\xdb\xeb\x4d\x7c\xfb\xe3\xf9\
\xd3\x88\xc9\xa6\xb9\xed\x47\x29\xd1\x18\xa1\xb8\xcf\xf8\x53\x58\
\x30\xe4\xd3\xc1\xcd\x35\x9f\x77\x4e\x95\x27\x44\x62\x86\x13\x81\
\xc7\x5a\x69\x0d\xef\x4e\x20\x53\x59\xb9\xff\x00\xeb\xd0\x6b\x14\
\x86\xe6\xa3\xdc\x4f\xad\x39\x9c\x2d\x31\x88\x5f\xff\x00\x5d\x06\
\xb1\xb7\x41\x18\x36\xef\xfe\xbd\x35\xd7\x91\xd7\xf3\xa0\x9c\xff\
\x00\x77\xf3\xa0\xb6\xd1\xd7\xe9\x49\xa2\x92\x1a\x7a\x9f\xe5\x51\
\x95\x66\x6e\x6a\x42\x79\xa6\xb3\xf3\xc5\x27\x14\xcb\x44\x6c\x5b\
\x3f\x2d\x31\x91\x98\xf3\xfc\xea\x41\xf3\x7e\x74\xbd\x2a\x79\x11\
\xd1\x4c\x8c\x46\x40\xe9\x51\x90\xc4\xd4\xce\xf8\xff\x00\x3d\x2a\
\x33\x8f\x6f\xce\x8f\x66\x8e\x98\xa1\xbb\x70\x29\xbc\xd3\x8b\xae\
\x29\xa4\xe6\xab\xd9\xa3\x44\x87\x0d\xca\x3f\xc2\x8d\xc4\xd2\x26\
\x40\xa4\x66\xd8\x2a\x7d\x99\xa2\x42\x33\xb6\x69\xa7\x8e\x69\x73\
\x93\x9a\x6b\x3f\x6f\xd6\xb3\x36\x8a\x03\x25\x35\xdf\x34\x85\x80\
\xa6\x48\xc0\x8e\xd5\x3d\x4b\x49\x21\x4b\x10\x38\x1f\xad\x44\xe5\
\x89\xff\x00\x13\x43\x49\xcf\x6a\x74\x16\x8f\x70\x03\x7d\xd5\xf5\
\xf5\xad\xa3\x73\x2a\xf8\xaa\x34\x61\xed\x2a\xca\xcb\xcc\x87\x6b\
\x31\xe8\xd9\xec\x33\x53\x45\xa7\xc8\xff\x00\x79\x48\xf6\xcd\x68\
\x5a\xd9\xac\x03\xfd\xaf\x53\x4e\x60\x07\xd6\xba\x23\x1e\xa7\xc4\
\xe6\xbc\x53\x29\x7b\x98\x4d\x17\x77\xbf\xcb\xb1\x9e\xd0\xf9\x78\
\x18\xc7\xe3\x4d\xdd\x8e\x6a\xc5\xec\x0b\x32\x1d\xde\xb5\x96\xef\
\x35\xb3\x7c\xbf\xbe\x4f\x46\xfb\xc3\xe8\x7b\xfe\x3f\x9d\x74\x2d\
\x8f\x8d\x95\x67\x37\x79\x6e\x5a\x63\xb8\xd4\x64\x31\x3c\x8f\xd6\
\xa2\x8a\xf9\x2e\x46\x01\xc3\x2f\x55\x23\x0c\x3f\x0a\x9e\xd1\xe3\
\x96\xe1\x16\x69\x84\x11\xb1\xc3\x49\xb0\xb6\xcf\xc0\x73\x8f\xa6\
\x4f\xb1\xe9\x45\xba\x9a\x53\x6e\xf6\x0b\x0d\x1e\xe7\x56\xba\xf2\
\x2d\xe3\x12\x49\x82\xc7\x2c\xaa\xa8\xa3\xab\x33\x31\x0a\xaa\x3b\
\xb3\x10\x07\x72\x2b\xb1\xf0\x2c\x36\x3a\x75\xda\xe9\xf6\x37\x0d\
\x71\x75\x74\x41\xba\xbb\x45\x2a\xb3\x05\x3b\xfc\xb4\xc8\x0c\x23\
\x05\x41\xe4\x02\xec\x01\x20\x61\x40\xe6\x35\xfb\xbb\xad\x2e\xd2\
\x1b\x16\x87\xec\x76\x57\x1f\xbe\x52\x8c\x1d\x6f\xca\x9f\xbe\x64\
\x1c\x49\xb4\xf0\x00\xf9\x50\xe7\xe5\x0c\x58\x93\xc1\xde\x26\x3e\
\x18\xf1\x14\x37\x86\x3f\x3a\x35\x0c\x8e\x9d\x09\x56\x18\x24\x7b\
\xf7\xaf\x07\x88\x30\xd5\xb1\x19\x75\x6a\x78\x7f\x89\xc2\x4a\x2a\
\xf6\xbb\xb6\x97\x7e\xbf\x2e\xfe\x5f\x61\xc1\xf8\xea\x18\x3c\xeb\
\x09\x5b\x17\xa5\x38\xd4\x83\x9b\x69\xbb\x45\x49\x73\x59\x6f\xb5\
\xee\xd2\x6e\xdb\x2e\xfb\x1f\x1d\x7f\x62\xdf\x0e\xfc\x79\x13\x6a\
\x31\xe3\xc3\xfe\x27\x90\x6e\xfe\xd4\xb7\x88\x32\xdd\x37\x6f\xb4\
\x47\xc7\x99\xfe\xf8\x21\xfa\x7c\xc4\x00\xb5\x8d\xfb\x11\x7f\xc1\
\x0f\x3c\x71\xf1\xd3\x5a\xbc\xd5\x3e\x26\x6b\x50\xf8\x2f\xc1\x3a\
\x7d\xd3\x5b\x43\xfd\x8f\x3c\x57\x7a\x97\x88\x76\xe3\x2f\x6e\xcc\
\x0a\x5b\xc3\xce\x3c\xc9\x91\xa4\xdc\xa5\x7c\x91\xf7\x87\xba\xf8\
\x57\x5e\xb5\xd7\x6c\x92\xe2\xd6\x45\x92\x36\x38\xf7\x53\xfd\xd2\
\x3b\x11\xe9\xfd\x2b\xee\x0f\x80\x96\xb1\xe9\x1f\x05\xb4\x1f\x99\
\x63\x81\x6c\x4d\xe4\xb2\x3b\x05\x58\xc3\x96\x95\x99\x98\xf0\x00\
\xc9\xc9\x3c\x00\x2b\xf9\x6f\xfd\x68\xce\xf2\xda\x53\xc0\x73\x38\
\xf4\xf7\x97\xbd\x1e\xe9\x5f\x6f\x9d\xed\xd2\xc7\xf7\xc7\x17\x70\
\x7f\x0e\xe6\x94\xa8\xe7\x74\x21\x19\x39\xb4\xf9\xa0\xfd\xca\x89\
\xa6\xee\xed\xa3\x7e\x6a\xcd\xf5\xbf\x4f\x99\xff\x00\x6d\x0f\x87\
\x1f\x0c\x7f\xe0\x9e\x3f\xb1\xa4\x3e\x14\xf8\x69\xf0\xd3\xc2\x27\
\xc4\x3f\x14\xb5\x8b\x6f\x07\xda\xdc\xea\x91\x35\xe5\xe4\x8d\x2a\
\xbc\x92\x5d\xcd\x74\xc4\xce\xed\x1f\x95\x88\x80\x70\x91\xcf\x34\
\x4c\x14\x2a\xb2\x9f\x87\x2c\x75\x3b\x4b\x9f\x28\x59\xdc\xc9\x78\
\xac\xa0\xbe\xe8\xbc\xa6\x8f\xd3\x8d\xc7\x23\x18\xe4\x1e\xa7\xa7\
\x73\xee\xbf\xf0\x57\x9f\xda\xaf\xc2\x3f\x1f\xfc\x4f\xf0\xff\x00\
\x47\xf0\x36\xbd\xfd\xb8\x3c\x0f\x35\xfd\xe5\xf6\xa5\x62\x5b\xec\
\x9f\x68\x9b\xec\xcb\x08\x82\x61\x81\x29\x41\x0c\x84\xba\x65\x3f\
\x78\x9b\x5d\x8e\xe0\xbf\x29\xf8\x5f\x5b\xbe\xb4\xd5\xad\xd3\x4f\
\xb5\x5b\xfb\xb7\x05\x23\xb6\x31\xb3\xf9\xd9\x1c\x8c\x29\x07\x8e\
\xb9\x04\x63\x19\xe9\x9a\xfd\xcb\xc3\x5c\x2e\x27\x0f\x94\x2a\xf8\
\xbe\x6f\x69\x55\xb9\x3e\x6b\xdf\x7b\x2b\xdf\xba\x49\xf9\xdc\xfe\
\x51\xf1\x37\xea\x58\x8c\x7a\xa1\x85\x51\xb5\x35\x6f\x76\xd6\x4f\
\x7b\x69\xa7\xaf\x66\x7a\x31\x56\xc7\xb7\xd6\xa3\x75\xc8\xab\xda\
\xd7\xd9\xe2\xbe\x65\xb5\xf3\x3c\x90\x8a\x71\x20\x01\x91\x8a\x82\
\xcb\xc1\x60\x76\xb6\x54\x30\x38\x60\x01\xc0\xce\x06\x7c\x93\x60\
\xff\x00\x9e\x2b\xf4\x4e\x6b\xab\x9f\x90\xca\x9d\x9d\x88\x66\x84\
\x63\x91\x9a\x85\xa2\xe7\xe5\xe3\x9a\x99\xa7\xe6\xab\xbc\xc0\xff\
\x00\x21\x53\xcb\x72\xe2\x38\xb8\xcd\x41\x24\x9b\x7f\xc6\x91\xa7\
\x0b\xfe\x35\x63\xc3\x5e\x18\xd5\x3c\x7b\xaf\xa6\x95\xa1\xe9\xf7\
\x5a\xb6\xa3\x24\x6f\x31\x86\xdd\x37\x79\x71\x20\xcc\x93\x48\x7e\
\xec\x71\x22\xe5\x9e\x47\x21\x11\x41\x66\x65\x00\x9a\x96\xe3\x04\
\xe4\xdd\x97\x99\xbd\x28\xca\x52\xe5\x8a\xbb\x32\xef\x25\xce\x79\
\xfd\x6a\x6b\x2f\x0d\xc9\x77\xe1\xbb\xcd\x7a\xfa\xf3\x4e\xd0\x3c\
\x2f\xa7\x4c\x2d\xef\x35\xdd\x56\x56\x86\xc2\x09\x48\xdc\x20\x52\
\xaa\xd2\x5c\x5c\x15\xf9\x85\xbd\xbc\x72\xce\xca\x0b\x08\xca\xab\
\x30\xc1\xf8\x85\xf1\xff\x00\xc0\x3f\x05\xcc\xd6\xb6\x67\x4d\xf8\
\xb1\xe2\xf4\xf9\x7c\x8b\x3b\xb9\x17\xc2\x7a\x53\xf7\xf3\xae\xe1\
\x64\x97\x52\x91\x4e\x46\xcb\x37\x8e\xdb\x3b\x59\x6e\xee\x17\x74\
\x47\xe7\xdf\x89\x7f\x14\xbc\x4d\xf1\xbf\xc4\x30\x6a\xbe\x2c\xd6\
\x26\xd5\xae\x2c\xe2\x36\xf6\x30\x88\xa3\xb6\xb2\xd2\xe1\x27\x71\
\x82\xd2\xd6\x15\x48\x2d\xa1\xdd\xcf\x97\x0a\x22\x93\x92\x41\x24\
\x93\x9d\x37\x2a\xbf\x06\x91\xee\xf7\x7e\x8b\xf5\x76\x5d\x52\x68\
\xfa\xcc\x16\x43\x27\x69\xe2\x5d\x97\x6e\xbf\x3e\xdf\x9f\xa1\xe9\
\xde\x38\xfd\xb0\x24\xf0\xfc\xcd\x6b\xf0\xbe\x0b\xcd\x1e\x44\x3f\
\xf2\x36\x6a\x31\x22\xeb\x8e\x7f\xbd\x67\x12\xb3\xc7\xa6\xe3\x82\
\x24\x8d\xe5\xba\x0c\xbb\x96\xe2\x20\xc6\x21\xe1\xeb\xa5\x96\xb8\
\x9a\x79\xa4\x79\x67\xb8\x91\xa6\x9a\x59\x18\xbc\x93\x3b\x1c\xb3\
\xb3\x1c\x96\x62\x49\x24\x9e\x49\x24\xd1\x7f\xab\x5b\xe9\x9f\x2b\
\x1d\xf2\xf6\x8d\x79\x63\xfe\x1f\x8d\x67\x93\x79\xaf\xbe\x18\xf9\
\x30\xff\x00\xcf\x35\xef\xf5\x3d\xea\xa5\x8a\xa3\x86\xd2\x3a\xcb\
\xaf\x56\xfd\x5f\xe9\xb2\xe8\x8f\xa8\xa3\x87\x50\x8f\x2c\x15\x91\
\x72\x7d\x6a\x1b\x6f\xdd\xc3\xfb\xe9\x3d\xbe\xe8\xfc\x69\xb6\xba\
\x7c\xfa\xac\xc1\xa4\x66\x6c\x74\x03\xee\x8a\xd2\xd1\x3c\x23\xb7\
\x6e\xe5\xfc\x31\x5d\x76\x8b\xe1\x85\x5c\x7c\xbf\xa5\x70\xd5\xad\
\x52\xb3\xd7\x6e\xc7\x64\x60\x91\x93\xa1\xf8\x5b\x1b\x7e\x5a\xea\
\xb4\xaf\x0e\xed\xc7\xcb\x5b\x5e\x1e\xf0\x74\xb7\xb3\x2c\x71\xc6\
\xcc\xcd\xe8\x3a\x57\xa2\x78\x73\xe1\x9c\x56\x08\xb2\x5d\x61\x9b\
\xae\xd1\xd0\x56\x94\xb0\x7d\xce\xba\x74\xdb\x38\xff\x00\x0e\x78\
\x16\xe2\xf9\x81\x58\xbe\x5f\x53\xc0\xae\xef\x41\xf0\x4a\x58\x00\
\x59\x41\x6c\x56\xfa\x59\x25\xac\x78\x55\x50\xa3\x8e\x05\x39\x17\
\x69\xfc\x2b\xa1\xd2\x8c\x56\x87\x4f\x2a\x8e\xc5\x4f\x19\xdb\x1b\
\x4f\x82\x5e\x3e\x60\xbb\x42\xe8\x8a\x07\xe3\x7d\x68\xbf\xd6\xbe\
\x66\xfb\x4f\x96\xa0\x6e\xe7\x1d\x33\x5f\x4f\x7c\x44\x7c\x7c\x11\
\xf1\xf7\xfb\x5a\x2c\x63\xff\x00\x27\xec\xcd\x79\x4e\x99\x6e\x24\
\xfd\x8f\xb5\xa7\xc0\x66\x5f\x15\xda\xff\x00\xe9\x33\x7f\x8d\x69\
\x4f\x14\xe8\x41\x59\x5f\x9a\x49\x7d\xf6\x57\x3e\x5b\x32\xc9\xd6\
\x61\x8d\xa9\x79\xf2\xfb\x3a\x13\xa9\xb5\xef\xc9\x77\x6d\xd5\xaf\
\xb5\xf5\xb7\x66\x7a\xc7\xc3\xb3\x8f\xf8\x22\x27\xc5\x76\x2d\xf3\
\x3f\xc6\x1d\x12\x30\x3d\x71\xa7\xb1\xfe\xa7\xf2\xaf\x27\xf0\x0c\
\x6d\x2f\xec\xa7\xf1\x34\xe3\xee\xea\xfa\x00\xeb\xfe\xd5\xed\x62\
\xd9\x7c\x58\xf1\x15\x97\xc0\xcb\xdf\x87\x10\xdf\x2c\x7e\x0f\xd4\
\xb5\xf8\xbc\x4f\x75\x66\x2d\xd3\x7c\xd7\xd1\x5b\xb5\xbc\x6e\x64\
\xc6\xfd\xab\x1b\x30\xd8\x08\x52\x4e\x48\x24\x0c\x74\x9e\x03\x4d\
\x9f\xb2\xa7\xc5\x05\xfe\xf6\xad\xe1\xf3\x8f\xf8\x15\xf5\x79\x98\
\xfc\x3c\xe9\xd1\xf7\xbe\xd5\x7a\x52\xf9\x7b\x4a\x6b\xf4\x38\xb8\
\x6e\xb4\x27\x8a\xa9\x6f\xb3\x86\xc4\x2f\x9f\xb0\xab\xfe\x67\xb2\
\xfe\xc7\x08\x60\xff\x00\x82\x42\xfe\xdc\x67\x07\x73\xb7\x81\x63\
\x1e\xf9\xd5\xe4\x03\xf9\xd7\xca\x16\xd1\x3a\x44\x3e\x5e\xd8\xeb\
\x57\x2c\xe6\x9a\xde\xc2\xe2\xda\x3b\x8b\x88\xed\x6f\x0a\x1b\x88\
\x52\x56\x58\xae\x36\x1d\xc9\xbd\x41\xc3\x6d\x24\x91\x90\x70\x4e\
\x46\x29\xa5\x55\x45\x7b\xb8\x5c\x0b\xa3\x52\xb5\x46\xef\xed\x24\
\xa5\xe9\xee\xc6\x36\xff\x00\xc9\x6f\xf3\x3e\x27\x19\x8e\x55\x61\
\x4e\x09\x7c\x11\x6b\xd7\xde\x6f\xf5\x3e\x80\xf8\x08\x59\xbf\x67\
\xad\x2f\x2b\xf7\x75\xdd\x50\x75\xff\x00\xa6\x56\x26\xb7\x66\xdd\
\x9e\x9f\xad\x54\xf8\x43\xe1\x6b\x8f\x0e\xfe\xcd\x5e\x0f\xba\xb8\
\x5d\xb1\xf8\x8e\xf7\x55\xd5\x6d\x79\xfb\xd0\x89\x62\xb4\xdd\x8f\
\x79\x6d\x26\x03\xfd\xda\xb9\x31\xf9\xbf\x1a\xce\x32\x4d\x69\xdd\
\xfe\x6c\xfd\x7b\x86\xf5\xcb\x69\x37\xdb\xf5\x64\x05\x79\x34\xcd\
\x8c\x4f\x4e\x33\x52\x39\xf9\x9a\xa3\x2d\x9e\xd8\xa3\x98\xf6\x99\
\x1e\x1b\x3d\x3f\x5a\x76\x09\x14\xe2\x72\x39\xa8\xd9\xf8\xa3\x98\
\x09\x61\x98\xc1\x90\x0e\x55\xba\xad\x24\xdf\x38\xf9\x79\xfe\x95\
\x5c\xb7\x3f\xad\x02\x7f\xa7\xb5\x1e\xd1\x20\x1b\x31\x20\xfb\x55\
\x3b\xbb\x85\x85\x77\x31\x00\x7d\x6b\xb2\xf8\x3f\xf0\x53\xc5\xdf\
\xb4\x57\x8a\x27\xd1\x7c\x13\xa0\xdd\x6b\x97\x76\x91\xf9\xf7\xd3\
\x2b\x2c\x36\x7a\x54\x20\x12\x66\xba\xb8\x90\xac\x50\x46\x02\xb1\
\xcc\x8c\x33\xb4\x85\x0c\x78\xae\xda\x3b\xff\x00\x85\x7f\xb3\x85\
\xe3\xc7\xa4\xc3\xa0\xfc\x7c\xf8\x83\x6f\x90\x75\x4b\xa8\xdd\xbc\
\x01\xa1\xca\x0f\x58\x22\xf9\x25\xd6\x9c\x60\xfc\xee\x62\xb5\x22\
\x45\x65\xde\xca\x45\x79\xb8\x8c\xd2\x10\x9f\xb1\xa2\xb9\xea\x7f\
\x2a\xe9\xe6\xde\xd1\x5e\x6f\xe5\x73\xa6\x14\xd5\xae\xce\x5f\xe1\
\x3f\xec\xcb\xae\x7c\x4c\xf0\x7a\xf8\xc7\x5b\xd4\xb4\xdf\x87\x3f\
\x0c\x44\xc2\x19\x3c\x61\xe2\x15\x74\xb5\xba\x63\xb8\xf9\x5a\x7d\
\xba\x8f\x3b\x51\x9c\xaa\x48\x44\x76\xea\xc0\x98\xd8\x33\xa1\xae\
\xbf\x4e\xfd\xa0\xf4\x6f\x80\x31\x4d\x67\xf0\x47\x47\xbd\xd0\x75\
\x09\x23\x68\x2e\xbc\x7f\xaf\x2c\x37\x1e\x28\xbc\x56\x42\x92\x2d\
\x9a\x2e\x60\xd2\xe1\x6d\xce\x31\x0e\xf9\xd9\x4a\x6e\x98\x32\xd7\
\x9e\x7c\x46\xf1\xb7\x88\xfe\x36\xf8\xeb\xfe\x12\x8f\x1b\xf8\x83\
\x53\xf1\x67\x88\x44\x3f\x66\x8e\xf2\xfd\xd7\x16\x70\xf0\x7c\x8b\
\x68\x50\x2c\x36\xd0\xe4\x03\xe5\x40\x88\x99\xe4\xa9\x62\x49\xcd\
\x64\xc3\x7a\x0f\x5a\xc5\x65\xf3\xae\xf9\xf1\xed\x4b\xfb\x8b\xe0\
\x5e\xb7\xd6\x7f\x3b\x47\xfb\xbd\x43\x99\x2d\x91\x1c\xc2\x4b\xcd\
\x42\xea\xee\xea\x5b\x8b\xcb\xcb\xd9\x5a\xe2\xe6\xe6\xe2\x53\x34\
\xd7\x32\xb1\xcb\x49\x23\xb1\x2c\xee\x4f\x25\x98\x92\x4f\x53\x4e\
\x03\x14\xa3\xfc\xe6\x96\xbd\x65\xca\x95\x92\x22\x55\x1b\xdc\x92\
\xde\xe9\xad\xcf\xdd\xdc\x8c\x30\xca\x7a\x30\xa7\x5c\x42\xa2\x3f\
\x32\x36\xca\x74\xe4\x72\xa7\xd0\xd4\x20\xd3\xa3\x99\xa1\x6c\x8d\
\xa4\x30\xc3\x29\xe8\xc3\xd0\xd0\x9a\x33\x72\x22\x93\x2c\x3d\xbe\
\xb4\xd3\x91\xf7\xb8\xab\x30\xe9\xcd\x7c\x19\xa1\xf9\x61\x53\xf3\
\x34\x87\x6a\xc7\xed\x9e\xff\x00\x41\xc9\xf4\xa9\x51\x23\xb5\x6f\
\xdd\x8f\x36\x4f\xf9\xea\xeb\xc0\xff\x00\x75\x7f\xa9\xe7\xd8\x55\
\x59\x13\xcd\x72\x08\xec\x1b\x62\xbc\xdf\xba\x8d\x86\x57\x8f\x99\
\xbe\x8b\xd7\x1e\xe7\x03\xde\xa4\x17\x3e\x42\x95\x85\x3c\xa5\x3c\
\x16\xce\x5d\xbe\xa7\xfa\x0c\x53\x59\xda\x56\x2c\xcc\xcc\xcd\xd4\
\x93\x92\x69\x8c\x73\xf2\xfe\x74\x2b\x74\x01\x0b\x71\x42\x86\x27\
\xa5\x20\xe4\xd4\xea\x02\x72\xdf\x95\x69\x14\x26\xd1\x25\xb2\xb1\
\x3d\x76\xaf\x73\x4e\x93\x53\x68\x91\x97\x6b\x34\x64\x63\x20\xfc\
\xf8\xff\x00\x3d\xaa\x17\x9f\x3f\xce\x98\x5b\x72\xf6\xc5\x1c\x88\
\x96\x3c\xdb\x2d\xc4\x66\x48\x5b\x7a\xaf\xde\x1f\xc4\xbf\x51\x50\
\x3a\x11\x9e\x3f\x1a\x50\x3c\xb6\x12\x46\xcc\xac\xbd\x18\x1e\x95\
\x30\xd4\x63\x94\xe2\xe1\x7c\xb6\xff\x00\x9e\xa8\x3a\xfd\x47\xf8\
\x56\x6e\x9a\x4e\xe5\xa9\x58\xa6\xca\xc3\xee\x8a\x72\xc6\xce\x3e\
\xef\xeb\x56\xa7\xb5\x68\xd1\x64\xca\xc9\x1b\x74\x75\x39\x53\x4d\
\x8c\x67\xa5\x0d\x22\x94\x91\x26\x9f\xa5\x48\xf2\x09\x3c\xc1\x1e\
\xc3\x9c\x83\xd2\xae\x35\xcc\x76\xa3\xf7\x67\xcc\x90\xf5\x6e\xc2\
\xa8\x97\xc2\xe3\xd3\xb5\x34\xbe\x39\xce\x2b\x3e\x54\x69\xcd\xa1\
\xa1\x04\x2d\x75\x61\x2b\x33\x47\xb6\x43\x86\x2c\xc0\x90\x7e\x9d\
\x45\x51\x93\x43\x90\xc5\xb5\x24\xdd\x1f\xd3\xa5\x42\xcd\xb9\xbf\
\xad\x21\x39\x34\xe2\x92\xd0\x39\x97\x62\x95\xce\x99\x34\x32\xf9\
\x5d\x58\x7a\x1c\x8c\x57\x3b\x77\xe1\x5b\xcf\x04\x6a\x4d\x71\xe0\
\xcb\xe8\x74\x5b\xc6\xfd\xe5\xce\x9f\x24\x66\x4d\x2e\xf8\x9e\xa5\
\xe2\x18\xf2\x9c\xff\x00\xcf\x48\x8a\x9e\xe4\x3d\x75\x8e\xa4\x74\
\xe3\xde\xa9\xc9\x08\x8c\x36\xde\xac\x79\x63\xd4\xd2\x8a\x49\xe8\
\x79\xf8\xec\x1e\x1f\x17\x49\xd1\xc4\xc1\x4a\x2f\xa3\x45\x2d\x07\
\xe3\x9c\x17\xda\xbc\x3a\x67\x88\x2c\xe4\xf0\xbe\xb9\x71\xf2\x43\
\x04\xf2\x07\xb5\xbf\x61\xff\x00\x3e\xd7\x03\xe4\x94\xf7\xd9\xf2\
\xc8\x33\xca\x0e\xb5\xdb\xf8\x6f\xf6\x82\xf1\x4f\xc2\xbd\x32\xf3\
\x4f\xd0\xb5\xfb\xab\x5d\x1e\xf8\x96\xbb\xd1\xee\x62\x8e\xfb\x49\
\xbc\x63\xd4\xcd\x63\x70\x92\x5b\x4a\xdc\x7d\xe7\x8c\x91\xd8\xd7\
\x07\xae\xe8\x76\xba\xee\x9f\x35\x9d\xf5\xad\xbd\xf5\x95\xc8\xdb\
\x2c\x17\x11\x89\x62\x94\x75\xe5\x58\x10\x7f\x1e\xf5\xca\xbf\xc3\
\xab\xdd\x25\x3c\xbd\x13\x5e\xbc\xb3\xb7\x1c\x2d\x96\xa2\x87\x51\
\xb7\x8c\x7a\x23\x33\xac\xeb\xec\x0c\xac\xa3\xb2\x81\xc5\x69\x2c\
\x4c\x67\x0f\x65\x88\x82\x9c\x7d\x17\xe2\x9e\x8f\xd7\xf0\x3f\x2e\
\xc7\x78\x77\x3c\x3d\x6f\x6f\x93\xd4\x71\xfe\xeb\x6d\x35\xe9\x25\
\xf9\x3f\xbc\xed\xfc\x51\xfb\x53\xb5\xdd\xf6\xe9\x3e\x18\xfc\x09\
\x67\x8c\x6d\x0f\x07\x81\xe1\xb1\x53\xee\x63\xb6\x78\xa2\xcf\x1f\
\xdc\xae\x4b\xc5\xdf\xb5\x6f\x8c\x26\xb5\xb8\x8f\x49\xba\xf0\xff\
\x00\x81\x61\xba\x85\xad\xe6\x1e\x0b\xf0\xed\x8f\x86\xe7\x9e\x16\
\x04\x3c\x32\xdd\x59\xc3\x1d\xdc\xd1\x38\x24\x34\x72\xcc\xe8\xc0\
\xe0\xae\x38\xae\x7e\xfb\xc0\x5e\x28\xb8\x76\x25\x3c\x39\x27\x3f\
\x7c\x5e\xcf\x1e\x7f\xe0\x3e\x43\x7f\x33\x5c\xef\x88\xfe\x09\xf8\
\xc3\x5a\x4d\xb0\xdf\x78\x66\xc7\xdc\xc9\x3c\xe4\x7d\x3f\x76\xa3\
\xf3\x06\xb8\x6a\x51\xc2\x7d\x9a\x57\xb7\x4b\x37\xf7\x5f\x44\x75\
\xe5\xf9\x0e\x71\x19\xa7\x5b\x4e\xee\xeb\xf4\x77\x39\x58\xb5\x1d\
\x3b\xc3\x3a\x56\x64\x68\x6d\x6d\xe2\xe1\x78\xc0\xf6\x00\x7f\x41\
\x58\xd6\xff\x00\x10\xed\x35\x4b\x9b\xa8\x5d\x99\x20\x98\xa9\x85\
\x9c\x1f\x90\x8e\xb9\xf4\x07\xfa\x56\xc5\xc7\xec\x6f\xe2\x9d\x42\
\xe3\xce\xb8\xf1\x06\x87\x71\x27\x4c\xbb\x4e\x31\xf4\x1e\x5e\x07\
\xe1\x53\xc3\xfb\x1f\xf8\x8a\x3e\xba\xaf\x87\x8f\x1f\xdf\x9f\xff\
\x00\x8d\x57\x1d\x6c\x4e\x32\x72\x5c\x90\x69\x2f\xc4\xfb\x8a\x38\
\x29\xd3\x5a\xea\x62\xeb\xf7\x0a\x22\xb7\x1b\xb3\xb5\x48\xe9\xd6\
\xa9\xdb\xdc\x46\x3f\x8b\xf4\x35\xdb\x5b\x7e\xca\xfe\x20\x86\x35\
\x57\xd5\xb4\x33\x1a\x9e\x14\x3c\xc4\x0f\xa7\xee\xeb\x7b\xc3\xbf\
\xb3\x34\x36\xb2\x2b\xea\xba\x9c\x97\x4b\x9f\xf5\x36\xd1\xf9\x6a\
\x7e\xae\x49\x38\xfa\x00\x6a\x65\x1a\xd3\x77\x6a\xc6\xfe\xc6\x5d\
\x8e\x07\xc3\xda\x55\xcf\x89\x2f\xc5\xad\x84\x13\x5d\xce\x70\x4a\
\xa2\xf0\x9e\xec\x7a\x28\xf7\x24\x0a\xf4\xef\x08\x7c\x17\x5d\x34\
\x2c\xda\xa6\xdb\x89\xba\x88\x54\xfe\xed\x0f\xb9\xfe\x23\xfa\x7d\
\x6b\xb7\xd1\x74\x2b\x3f\x0e\xd8\x2d\xad\x8d\xb4\x36\x96\xeb\xce\
\xc8\xd7\x1b\x8f\xa9\x3d\x49\xf7\x39\x35\x65\xd6\xba\xa9\xd0\x4b\
\x56\x69\x18\xa8\xef\xb9\x4e\x3b\x35\xb7\x8d\x51\x55\x51\x54\x00\
\x14\x0c\x01\xf8\x54\x98\xda\x3a\x53\x98\xe0\xf2\x6a\x36\x3c\x75\
\xad\xe3\x1e\xc6\x9e\xd1\x8d\x76\xf5\xe6\xa1\x76\xa9\x1c\x8f\x6f\
\xce\xa1\x6d\xb9\xed\xf9\xd6\xbe\xcd\x11\xcd\x71\x19\xff\x00\xfd\
\x42\x98\xcf\x4e\x72\xa4\xf6\xfc\xea\x37\xc6\x7f\xfa\xf4\x72\x22\
\x46\xb4\x95\x11\x97\xeb\xf9\x52\x90\x33\xdb\xf3\xa6\x32\x80\x7f\
\xfa\xf5\x4a\x29\x00\xd7\x90\xff\x00\xb5\x51\x3c\x9f\x5a\x74\x8c\
\x3f\xc9\xa8\xdb\xee\xff\x00\xf5\xe9\x89\xe8\x31\xa4\xe3\xbd\x31\
\x9c\x9f\x5a\x73\x60\x8f\xfe\xbd\x47\x81\xed\xf9\xd0\x4f\x30\x9e\
\x66\x69\x0b\x93\xfd\xef\xc2\x86\x5c\x76\x1d\x7d\x69\xa0\x0f\xf2\
\x69\x92\xde\x82\x92\xd8\xa6\x6f\x61\x52\x13\x51\xb7\x2d\x41\x8d\
\xc6\x93\x81\x92\x29\xa5\xce\x78\x18\xa7\xb7\xdd\xe6\x98\x3f\x3a\
\x09\xe6\x60\x3a\x53\x24\x6c\xf1\x4f\xa6\x4a\x31\xcf\x35\x9f\x22\
\x0e\x66\x30\x9c\x0e\xe7\xf1\xa6\xb3\xb1\xfa\x53\x89\xcd\x33\x38\
\xa4\xe3\xa1\x1c\xc2\x72\x29\x84\x30\xfe\xf7\xe7\x52\x67\x26\x98\
\xcd\xb8\xe2\xa3\x62\x24\xf5\x1b\xcf\xf9\x34\xd7\x73\xd3\x14\xe2\
\xdb\x47\xad\x35\x9b\x1c\xd0\x2e\x66\x35\x9c\xe7\x9f\xca\x9a\xcf\
\xc7\xf7\x68\xea\x69\xac\x71\xf5\xa4\xd9\x22\x33\x60\xf1\x4d\x67\
\x38\xe7\xf2\xa5\xe8\x69\x92\x1c\x37\x7a\x86\x1a\x8d\x66\x39\xee\
\x07\xd6\x98\xce\x48\xe0\x53\xfa\xd4\x6a\x6a\x03\x51\x33\x8e\xd4\
\xdd\xe4\xb1\xc7\xf2\xa9\x18\xe1\x6a\x33\xd2\xa2\x4c\x9e\x61\x09\
\x25\xa9\x92\x3f\x1e\xdd\x6a\x42\x76\x8a\x86\x41\x84\x6f\xa5\x62\
\xf5\x0b\x9f\x73\x42\xd9\x14\xf0\x70\xdc\x54\x51\x9d\xa2\x9c\x5f\
\x3f\xfd\x7a\xf6\x95\xd9\xf8\xad\xac\x48\x4e\x7b\xd2\x13\x9a\x40\
\x38\xdc\xd4\xd6\x6d\xff\x00\x4a\xa2\xa2\x80\x9d\xcd\x4d\xdd\x81\
\xbb\xf2\x14\xac\x33\xd7\xa5\x46\xef\x9e\x68\x36\x8c\x44\x66\xc7\
\x3d\xe9\x99\xdd\xde\x82\xd9\x34\xd7\x3c\x63\xf3\xa0\xda\x31\x14\
\xfe\x82\x98\xc4\x93\x4a\x4f\xcb\x4d\x2d\xb6\x83\xaa\x31\x11\xdb\
\x6f\x1f\xad\x34\x0c\x8a\x4c\xe7\x9e\x68\x77\xfe\x11\xd6\x83\x68\
\xa1\xa4\xee\x34\x16\xdb\x4d\xde\x14\xe2\x9a\xcd\xb8\xff\x00\x5a\
\x3d\x0d\xa2\x84\xc6\x4d\x31\xcf\x3c\x53\x99\xf2\x70\x3f\x3a\x8d\
\xdb\x65\x2b\x23\x40\x63\xb4\x7b\xd4\x67\xe6\x3f\xfd\x6a\x39\x3e\
\xbf\x9d\x35\x9b\x1c\x73\x9a\x83\x68\xec\x0e\x76\x8f\xfe\xb5\x14\
\x9b\x70\x29\x18\xf1\xf5\xa7\x6b\x94\x90\x8e\xd9\xe2\x9a\x5b\x14\
\xa4\xed\x15\x1b\x75\xef\x55\x6e\x86\xd1\x8d\xc5\x0d\x96\xfd\x28\
\x2f\x9a\x4e\x83\x18\xfc\x69\xae\xdf\xc3\x4e\xc7\x44\x50\xb9\xc8\
\xa6\x3f\x3c\x52\x96\xc0\xc7\xf9\x14\x84\xed\x15\x36\x46\xc4\x6c\
\xf8\x38\xc7\x4a\x0b\x91\xd8\x7a\xf1\x48\x00\x2f\x48\x71\xbe\x95\
\x8d\x22\x3f\xcc\x38\xe9\x51\xbb\xe0\xfb\xd3\x99\xb6\x8a\x8f\x38\
\xa9\x34\x40\xed\x9e\xb8\xa6\x3b\xfc\xbe\xd4\x3b\xe6\xa2\x76\xc7\
\xf4\x15\x15\x0d\x50\xae\xf4\xc0\xf8\x34\xd7\x6c\x9c\xd4\x13\x4a\
\xc1\x7b\xf4\xac\x53\xd4\x52\xb9\xa5\xa7\xdb\x89\x9f\x7b\x76\xe0\
\x0a\xbc\x62\x2a\xb9\xfb\xc3\xd0\x57\x75\xf0\xcf\xe0\xe6\x8b\xf1\
\xcf\xc0\x3a\x3a\xf8\x37\x58\x8f\x4d\xf8\x8d\x0c\x7f\x66\xbd\xf0\
\xb6\xb7\x76\x96\xf1\x78\x91\xc4\x85\x52\x7d\x2e\xe9\xb1\x1f\x9a\
\xe3\x6e\xeb\x49\xca\x36\xed\xe6\x36\x60\x02\x9e\x2b\x55\xb5\xbe\
\xf0\xbf\x88\x2f\x34\x8d\x63\x4f\xbe\xd1\xf5\x8d\x3d\xfc\xab\xbb\
\x0b\xeb\x77\xb7\xb9\xb5\x7e\xbb\x5e\x37\x01\x94\xe3\x07\x90\x32\
\x08\x35\xd1\x42\xa4\x67\x27\x0d\xa4\xb7\x4f\x47\xeb\x6e\xa9\xf4\
\x6a\xe9\xf7\xbd\xcf\xcb\x73\xc9\xe2\x27\x5d\xd4\x9b\xe6\x85\xda\
\x4d\x3b\xc7\x4e\x9e\x4f\xba\x7a\xfc\xac\x41\xf6\x80\x73\xeb\xdc\
\x77\xa6\xb4\xd8\xff\x00\x3c\xd2\xdd\x2c\x77\x23\x9f\x95\x87\x46\
\x1d\x45\x51\x99\xe4\xb5\xfb\xc3\xcc\x8f\x1f\x79\x47\xf3\x1f\xe1\
\x5d\x91\x56\x3c\x49\x6a\x4b\x3c\x99\xaa\xa5\x77\x9a\x1a\xe9\x64\
\xe5\x4e\x69\xa2\x6c\xff\x00\x76\xa8\x8b\x6a\x41\x71\x66\xb7\x1b\
\x4b\x0d\xac\xbf\x75\x94\xe1\x97\xe8\x6a\xbe\xe9\xb4\xf6\xcc\x8a\
\x66\x8b\xfb\xea\x3e\x61\xf5\x1d\xfe\xa3\xf2\xab\xea\x42\xaf\xbf\
\x4a\x7e\x3f\x95\x4f\x31\xd1\x4c\xb3\xe1\xbf\x17\xcd\xa4\xdb\x49\
\x0c\x7f\x65\xbe\xd3\x6e\x98\x34\xf6\x57\x29\xe6\xda\xdc\x11\xc6\
\xe2\xb9\x05\x5c\x0c\x81\x22\x15\x91\x72\x70\xc3\x35\xa0\x3c\x27\
\x61\xe2\x3f\xde\x68\x37\x1f\x67\xba\x6f\xbd\xa5\x5f\xce\xa1\x89\
\xff\x00\xa6\x13\x9d\xab\x20\xff\x00\x62\x4d\x8e\x38\x50\x65\x3c\
\xd7\x39\x71\xa5\xa9\x95\xa4\x85\xbc\x99\x4f\x24\x81\xf2\xb7\xd4\
\x74\xfc\x7a\xd2\xc3\xaa\x35\xab\x6d\xb9\x5f\x2f\x3c\x06\x1c\xa3\
\x7e\x3f\xe3\x59\xce\x29\xf9\x1e\x85\x1a\x92\x8f\x9a\x37\xb4\x7f\
\x10\x6a\x9e\x02\xd7\x24\x58\xfe\xd1\xa7\xdf\x5b\xb6\xcb\x8b\x6b\
\x98\x76\xb0\x23\xf8\x64\x8d\xc7\xf3\x19\x1d\xb1\x57\xbe\x31\xfc\
\x73\xf1\xa7\xc6\x9f\x0b\xda\xf8\x77\x5a\xd7\xa7\xff\x00\x84\x72\
\xd5\x12\x34\xd2\x2c\xd4\x5b\x59\xb8\x5c\x6d\xf3\x15\x79\x98\x82\
\x01\x1e\x61\x6c\x11\x91\x83\x4d\xd3\xfc\x7f\x71\x1d\x94\x56\xf7\
\x51\xd9\xea\xd6\x90\x0d\x91\xc3\x7f\x00\x9c\x42\xbf\xdd\x8d\xcf\
\xcf\x18\xf6\x46\x5a\x9e\x6f\x89\x2d\x65\x1e\xdd\x2f\x49\xd1\xb4\
\x36\xff\x00\x9e\xb6\x70\xb3\x4f\xf5\x12\xca\xcf\x22\xff\x00\xc0\
\x19\x6b\xc7\xad\x94\xe1\xea\x57\x58\x89\xd3\x8b\x9a\xda\x4d\x26\
\xd7\xa3\xb5\xcf\xaa\xc2\xf1\x36\x36\x8e\x0d\xe0\x69\x56\x9c\x69\
\x37\x77\x05\x26\xa2\xdf\xa5\xed\xf8\x6a\x71\x50\x7c\x02\xb6\xb1\
\x89\x66\xd6\xee\x24\xd2\x6d\xd8\x6e\x10\x2a\x6f\xbc\x98\x7b\x46\
\x48\xda\x0f\xf7\xa4\x2a\x31\xc8\x0d\xd2\x97\xed\xfa\x6f\x87\x21\
\x92\xcf\x4a\xb1\x8f\x4a\xb5\x94\x6c\x77\x66\xf3\x27\xba\xf4\xf3\
\x65\x20\x67\x90\x0e\xd0\x15\x33\xc8\x5c\xf3\x56\xaf\x75\x26\xba\
\x95\x9d\xdd\x99\x98\x96\x66\x63\x92\xc4\xd6\x75\xd1\x59\x55\x95\
\x86\xe5\x23\x04\x11\xc1\xae\xe5\x4f\xb9\xe6\xd4\xc6\x4e\x7a\x3d\
\x88\x66\xba\xce\xea\xad\x35\xc7\x06\xa2\x9e\xc1\xad\xc7\xfa\x3b\
\x7c\xbf\xf3\xcd\x9b\x81\xf4\x3d\xbe\x9d\x3e\x95\x5a\xe6\xe5\x6d\
\x60\x69\x25\x6f\x2d\x54\x64\x96\x20\x05\xab\xd5\x6e\x63\xbe\xc4\
\xd2\xdc\x52\x69\x16\x57\xde\x29\xd7\xec\xf4\x7d\x1f\x4f\xbf\xd6\
\x35\x8d\x4a\x5f\x26\xce\xc2\xc2\xd9\xee\x6e\xae\xdf\x04\xec\x8e\
\x24\x05\xdd\xba\xf0\xa0\x9e\x0d\x74\x9e\x27\xf8\x75\xa4\xfc\x15\
\xf0\xcd\x8f\x88\xbe\x32\x78\x8a\x6f\x86\xda\x1e\xa5\x08\xba\xd3\
\x74\x95\xb2\xfb\x67\x8b\x3c\x47\x11\xdd\xb5\xec\x74\xc2\xf1\x95\
\x85\x8a\x10\x2e\xae\xde\x0b\x71\xb8\x15\x69\x4f\xc8\x7c\x1b\xe2\
\xff\x00\xfc\x14\x1b\xc4\x3e\x28\xf0\xf6\xa1\xe1\x3f\x85\x9a\x53\
\xfc\x21\xf0\x16\xa5\x03\x5a\x6a\x09\x63\x79\xf6\x9f\x12\x78\x9e\
\x26\x55\x57\x5d\x4f\x55\x0a\x92\x3c\x4f\x82\x4d\xa5\xba\xc3\x6a\
\x03\x90\x62\x90\x8d\xe7\x92\x38\x8a\x95\xdf\x2e\x12\x3c\xdd\xe4\
\xf4\x8a\xf9\xf5\x7e\x4a\xfe\x6d\x1f\x49\x97\xf0\xed\x6a\xc9\x54\
\xaf\xee\x47\xf1\x7e\x8b\xf5\x7f\x89\xea\xbf\x14\xfc\x4d\xe0\x4f\
\xd9\xa2\xe6\xe2\xcf\xc7\xda\xe4\x9e\x24\xf1\x85\xab\x18\xdf\xc1\
\x1e\x0e\xbe\x82\x6b\x9b\x39\x01\x20\xa6\xa3\xaa\x95\x96\xd2\xc9\
\x81\x1c\xc5\x0a\x5e\x4e\x0f\xcb\x24\x70\x13\xbc\x7c\xf5\xf1\x9f\
\xf6\xa8\xf1\x7f\xc7\x4d\x16\x6f\x0f\xb2\xe9\xbe\x11\xf0\x2c\x93\
\x24\xdf\xf0\x8a\xf8\x7d\x24\xb7\xd3\xe6\x64\x39\x8e\x4b\xb7\x91\
\xde\xe2\xfe\x55\x3c\xac\x97\x72\xca\x50\x93\xe5\x88\x94\xed\x1e\
\x6d\xa7\xe8\xf0\xd8\x40\xab\x1c\x6b\x1a\x20\xc0\x00\x60\x00\x2a\
\xb6\xa5\xe2\x5d\xae\xd0\xd8\xc5\xf6\x89\x7a\x6f\x3c\x46\x9f\x8f\
\xf1\x7d\x07\xe7\x5b\x4b\x0b\x47\x0e\x95\x5c\x44\xb9\xa5\xe7\xb2\
\x7f\xdd\x8e\xcb\xc9\xeb\x2f\x33\xec\x30\x78\x0a\x14\x15\xa8\x46\
\xde\x7b\xbf\xbf\xfc\xac\x8b\xcc\xf6\xfa\x3d\xb7\x99\x2b\x2c\x71\
\xaf\x00\x9e\xff\x00\x41\xdc\xd6\x7c\xda\xdd\xd6\xae\xde\x5d\xaa\
\xb5\xbc\x5d\x37\x9f\xbe\xdf\xe1\xfc\xe9\x34\xaf\x0a\xdc\xea\xb7\
\x22\xe2\xf2\x46\x9a\x4f\x7e\x8a\x3d\x00\xe8\x2b\xae\xd2\x3c\x2e\
\xb1\x05\xf9\x7a\x7b\x57\x99\x88\xc6\xd5\xac\xed\x0f\x75\x7e\x27\
\xa3\x1a\x69\x6a\xce\x7f\x46\xf0\x9f\x21\x99\x4b\x31\x39\x24\xf5\
\x3f\x5a\xeb\x74\x5f\x0c\x85\xc6\x17\xf4\xe9\x5b\x3a\x4f\x87\x37\
\x10\x02\xd7\xa0\x78\x3b\xe1\x3d\xc6\xa2\x8b\x24\x8a\x60\x87\xae\
\xe7\x1c\x9f\xa0\xa7\x87\xc2\x37\xa9\xbc\x60\xe4\xfd\xd3\x93\xd0\
\xfc\x30\x64\x65\x55\x4e\x7b\x71\x5e\x85\xe1\x5f\x85\x92\x4a\xab\
\x25\xd7\xee\x63\xfe\xef\xf1\x1a\xec\x34\x2f\x06\xda\x78\x7e\x35\
\xf2\xa3\xcc\x9f\xdf\x61\xf3\x56\xc0\x8b\x15\xea\x53\xa3\x18\x9d\
\x50\xa0\x96\xac\xa7\xa5\x68\x96\xfa\x4c\x02\x38\x63\x11\x8e\xfe\
\xa7\xeb\x56\xc2\xe0\xff\x00\x9e\x69\x49\xc0\xa8\xdd\xf7\x0f\x41\
\x5b\x5c\xe8\x24\xcf\x34\xd6\x1c\x93\xf8\x54\x5e\x60\xf4\x6a\x50\
\xf8\x27\xad\x67\x2b\x75\x14\xb6\x2b\xfc\x42\xf9\xbe\x0b\x78\xe0\
\x7f\x7b\x47\x5f\xd2\xf2\xd8\xff\x00\x4a\xf0\x9d\x2f\xc6\x17\x90\
\x7c\x3b\xb9\xf0\xd2\xf9\x1f\xd9\xb7\x97\xd1\xea\x12\x65\x3f\x79\
\xe6\xa2\x14\x18\x6c\xf4\xc3\x72\x31\xd8\x57\xbc\x78\xe0\xac\xbf\
\x09\x7c\x60\xbf\xde\xd1\xe4\x3f\xf7\xcc\x91\xb7\xfe\xcb\x5f\x39\
\x5a\x1d\x91\xaf\xbd\x69\x85\xa7\x19\xad\x55\xec\xef\xf3\x3f\x3c\
\xe2\x6c\x75\x7c\x3e\x33\xf7\x13\x71\xe6\xa7\xca\xed\xd6\x32\x6d\
\x49\x3f\x26\xb4\x64\x86\x3d\x83\xe5\xfc\x6a\xfd\x97\x8a\x35\x0d\
\x3b\xc3\x7a\x96\x8f\x6f\x72\x63\xd3\x75\x89\x20\x96\xf2\x0d\x88\
\xc2\x76\x80\xb9\x88\xee\x20\xb2\xed\x32\x3f\xdd\x23\x39\xe7\x38\
\x18\xcd\xb9\xbd\x4b\x48\x99\xe4\x65\x44\x1c\x92\x4f\x02\xbd\x63\
\xe1\x97\xec\x9b\xac\x78\xa9\x21\xbe\xf1\x55\xc4\xde\x0d\xd1\xe4\
\x01\xd2\x19\x2d\xbc\xdd\x5a\xf5\x08\xc8\x31\xdb\x31\x5f\x29\x0f\
\x18\x92\x76\x4c\xab\x06\x8d\x26\x00\x8a\xed\x9c\x61\x6b\x54\x57\
\xeb\x6d\xf5\x5a\xad\x3b\xa7\xaf\x96\xe7\xc3\xac\x65\x4a\x37\x9c\
\x26\xe3\x74\xd3\x69\xdb\x49\x26\x9a\xf4\x69\xb4\xd7\x54\xda\x3c\
\xb7\x4d\xd3\xae\xfc\x41\xab\xdb\x69\xba\x75\x9d\xe6\xa5\xa8\x5e\
\x48\x22\xb6\xb3\xb4\x85\xa7\xb8\xb9\x7f\xee\xa4\x6a\x0b\x31\xf6\
\x00\xd7\xb8\x7c\x32\xfd\x93\xed\x34\x09\x23\xd4\x7c\x77\x24\x77\
\xb7\x4a\x43\x43\xe1\xcb\x2b\x8d\xd1\x83\xd7\xfd\x36\xe6\x36\xc0\
\x1d\x3f\x73\x03\x16\x39\x21\xa5\x85\x94\xab\x7a\xe7\x87\xbc\x3f\
\xe1\xdf\x87\x3a\x43\x69\xbe\x0d\xd0\xff\x00\xb0\x6c\xe7\x87\xc9\
\xbc\xba\x9a\xe4\xdd\x6a\x9a\xa8\xea\x7e\xd3\x73\xb5\x72\xa4\x81\
\xfb\x98\x92\x28\x7e\x55\x3e\x59\x7c\xb9\xea\xbe\x17\xfc\x0b\xf1\
\x07\xc5\xc8\xf5\x0b\x8d\x26\xde\xce\xcf\x44\xd0\xd3\xcd\xd6\x35\
\xfd\x52\xe9\x34\xfd\x17\x43\x8f\xa9\x92\xea\xee\x42\x23\x88\x01\
\xce\x32\x5c\x8e\x42\xb5\x61\x88\xc5\x46\x9d\x3f\x69\x59\xf2\x47\
\xcd\xaf\xc5\xff\x00\x97\xde\x79\x3f\x58\xab\x5a\xa7\xb1\xc2\x45\
\xc9\xbe\xcb\x5f\x92\xff\x00\x33\xc7\xbe\x2c\xfc\x4a\xb3\xf0\xee\
\xaf\x0c\x9a\x8c\x72\x79\xb7\x91\x00\x82\xd6\xde\x34\x8e\x38\xe3\
\xc2\x2a\x2a\xa9\x55\x44\x55\x0a\xaa\x8a\x02\xaa\xa8\x00\x00\x00\
\xae\x47\xfe\x17\x57\x87\xe4\x6f\xde\x5c\x5c\x43\x9f\xf9\xe9\x03\
\xf1\xff\x00\x7c\x83\x59\xff\x00\xb6\xdf\x8d\xbe\x1e\xdc\x78\xcb\
\x45\xb1\xf0\x0f\x8d\x2f\x3c\x75\xfd\x99\x6b\x34\x5a\xc6\xaa\x9a\
\x4b\xe9\xfa\x53\x4c\x59\x0a\xa5\x91\x95\xbc\xf9\x91\x7f\x78\x1a\
\x59\x23\x8d\x5b\x08\x50\x30\x62\x47\x87\x5c\x6b\x0d\x2d\x81\xba\
\x0b\x2f\xd9\x01\xdb\xe7\x84\x3e\x50\x39\xc6\x37\xfd\xdc\xfe\x35\
\x8d\x17\x1a\xb0\x55\x20\x9d\xba\x5d\x34\xed\xe8\xec\xd1\xfa\x0e\
\x4b\x9d\x63\xf2\xec\x24\x30\x72\x51\x7c\xb7\xf3\xdd\xb7\xba\x76\
\x7b\x9f\x49\xe9\x7e\x3f\xd1\x35\x96\x55\xb7\xd5\xb4\xd9\x19\xb8\
\x09\xf6\x85\x59\x0f\xfc\x04\x90\x7f\x4a\xd8\x78\x1a\x23\x86\x0c\
\xa7\xae\x08\xaf\x86\x3c\x65\xad\xad\xc6\xa1\x24\x6d\x2a\x9d\xaa\
\x36\xc7\x9e\xa0\xf7\xc7\xe7\xcd\x75\xdf\x04\x7e\x30\xea\x1e\x02\
\xf1\x66\x9a\xb7\x1a\x9e\xa9\xfd\x86\xb2\x05\xba\xb5\x46\xf3\xd0\
\x46\x41\x04\xac\x4c\xca\xa5\x86\x41\x00\x32\xe7\x18\xdc\x3a\xd4\
\x5b\x9a\x5c\xbd\x4f\xd0\x70\xb9\xc3\x9d\x38\xce\xb4\x6d\x75\xd3\
\xfa\xfd\x4f\xad\x24\xc8\x1f\x8d\x57\x96\x4c\x7f\x3a\xe6\x74\x5f\
\x8b\xb6\x7a\xcc\x4b\x23\x47\x88\xdb\x9f\x32\x16\xdc\xa3\xea\xa7\
\x91\xf9\x9a\xf6\x3f\x84\x5f\x05\xfc\x39\xe3\xcf\x04\x49\xe3\x2f\
\x17\x7c\x44\xf0\xff\x00\x84\xfc\x15\x6b\x74\xd6\x8f\x6f\x63\x22\
\xea\x9e\x27\xd5\x26\x51\x93\x05\xae\x9c\x87\x74\x64\xf0\x3c\xeb\
\x93\x1c\x68\x1d\x5f\xe7\x5e\xb8\x63\x6a\x7d\x52\x3c\xf5\xb6\xd9\
\x59\x5d\xb7\xd9\x25\xbb\x3d\x2c\x2e\x33\x0f\x89\x7c\xb4\xa4\xaf\
\xdb\x67\xf7\x1c\x06\x8b\xa7\x5f\xf8\xbb\xc4\x76\x3a\x2e\x8b\xa7\
\xdf\xeb\x5a\xd6\xa4\xfe\x55\x9e\x9f\xa7\xdb\xbd\xcd\xd5\xd3\xf5\
\xc2\x46\x80\xb3\x60\x72\x70\x38\x00\x93\x80\x09\xaf\x6a\xd4\x7f\
\x67\x7f\x05\xfe\xca\xc0\x5d\x7c\x77\xd6\xa6\xd5\x3c\x5a\xa8\x25\
\xb7\xf8\x59\xe1\x1b\xe4\x97\x55\x66\x23\x2a\x35\x6d\x41\x0b\x43\
\xa7\xc4\x78\xdc\x91\x97\x99\x91\xb7\x46\x49\x52\xb5\x57\x55\xfd\
\xad\x2f\x3c\x17\xe1\xdb\xcf\x0b\xfc\x11\xd0\x24\xf8\x49\xe1\xbb\
\xd5\xf2\x6f\xb5\x88\xee\x7e\xd3\xe3\x0f\x11\x27\x1c\xdd\xea\x40\
\x03\x02\x92\xaa\xe2\x0b\x41\x1a\x46\xc5\x80\x76\x52\x45\x79\x1e\
\x8f\xe1\x4b\x7d\x21\x59\xb6\x0d\xd2\x33\x48\xe7\xbb\x33\x1c\xb3\
\x13\xdc\x92\x49\x24\xf2\x49\xcd\x79\x31\xa3\x8e\xc6\x4a\xf5\x25\
\xec\x69\xf6\x5a\xcd\xfa\xbd\xa1\xe8\xaf\x2f\x34\xce\xfe\x58\xc1\
\x6b\xab\x3b\x8f\x8a\xff\x00\xb4\x7f\x8c\x3e\x3e\x78\x56\x1f\x0b\
\xcd\x6f\xa3\xf8\x1b\xe1\xad\xac\x9e\x6d\x9f\x81\xbc\x2f\x09\xb3\
\xd1\xd1\xbe\x52\x24\xba\xe7\xcc\xbe\x9c\xec\x46\x69\x6e\x19\x81\
\x75\xde\xa9\x19\x24\x57\x2b\x69\xa7\xad\xbc\x5b\x51\x46\x17\xae\
\x29\xca\xd8\x1d\x38\xf6\xa7\x24\xac\x8d\xb9\x78\x3f\x4e\xb5\xeb\
\x61\xf0\xb4\x70\xb0\xe4\xa1\x1e\x55\xf9\xf9\xb7\xbb\x7e\x6f\x53\
\x29\x4a\x4c\x69\x5d\xbf\x9d\x46\xdc\x35\x5a\x91\x56\xe2\x32\xf1\
\x8c\x32\xf2\xc9\xe9\xee\x2a\x9c\xad\xb7\x35\xb1\x9b\x63\x5e\x6d\
\xa6\xa3\x69\x77\x1e\x86\xa3\x9a\x7d\x83\x2c\x7a\x7b\xf4\xad\x6f\
\x05\x68\xd0\xf8\x86\xeb\x7d\xe6\x9f\xe3\xcb\x9d\x3f\x20\x79\xde\
\x1d\xf0\xdf\xf6\xb1\xf7\xc9\x79\xa1\x45\xed\xfc\x4c\x7d\xa8\x94\
\x94\x55\xcc\xe5\x23\x3e\x34\x69\xa5\x8e\x38\xd5\xa4\x92\x42\x15\
\x55\x57\x2c\xc4\xf0\x00\x1e\xa6\xad\x25\xac\x76\x6d\xfb\xc2\xb7\
\x13\x7f\x71\x1b\xf7\x69\xf5\x61\xf7\xbf\xe0\x3c\x7b\x9a\x7f\x87\
\x74\xeb\xad\x36\x5b\xe8\x75\x0b\x5b\x8b\x1b\xf6\xd3\xe5\x31\x24\
\xd1\x34\x4c\xac\x00\x2f\x80\xc0\x1e\x63\x12\x0f\xc6\x99\x14\x58\
\x8f\xfa\xd5\x27\xd5\x04\x57\x72\x49\x2e\x24\xb9\xdb\xe6\x1e\x14\
\x61\x40\xe1\x57\xe8\x3a\x0f\xc2\x95\xe3\xfd\xd6\xe5\xe9\x8e\x47\
\xa5\x44\x46\x69\xcb\x33\x23\x65\x78\x3f\xce\x8e\x63\x4b\x2e\x84\
\x2e\xf9\x1f\xe7\x9a\x68\xcc\x8d\xb5\x41\xa9\xde\x15\x98\x96\x1f\
\xbb\x5e\xfe\x9f\x85\x30\xf2\xbb\x55\x76\xa7\x7f\x53\xf5\xad\x23\
\x14\xb5\x00\x05\x62\xe1\x70\xcd\xeb\xd8\x52\x6f\x39\xff\x00\x1a\
\x46\x5d\x94\xde\x9e\xb4\xf9\x99\x36\xec\x38\x9d\xc7\x9a\x43\xc1\
\xa4\x66\xe3\xf4\xe6\x9b\x8c\xd2\x12\xd1\x8a\xb3\x98\xce\x7a\x83\
\xd4\x54\x92\x44\xb2\x26\xf4\xf9\x97\xe9\xd2\xa2\xa7\x40\x4c\x6e\
\x59\x7f\x11\xeb\x55\xcc\x34\xec\x32\x39\xa5\xb1\x93\x74\x2f\xb7\
\x3f\x79\x4f\x2a\xdf\x51\x57\x6d\xee\xa2\xd4\x06\xdd\xa2\x19\x8f\
\x6f\xe1\x6f\xa7\xf8\x55\x79\x62\x12\xae\xe5\xe1\x87\x51\xeb\x50\
\x05\xde\xa7\xb1\x07\xa7\x70\x68\xb2\x63\x92\x4d\x16\xe6\x63\x1b\
\x6d\x3f\x78\x71\x8a\x88\xb6\x69\xf7\xf2\xb7\xd8\xd5\x9b\x1e\x72\
\xae\x32\x78\xcf\xd6\xa5\xd4\x61\xd3\xc1\x8d\xac\x26\xbc\x9b\x72\
\x86\x91\x67\x88\x28\x88\xe3\x95\x0c\x0f\xcd\x83\xdf\x68\x15\x8c\
\x96\xb6\x32\x8d\x46\x9d\x8a\xbc\xb1\xfc\x69\x49\x11\x0f\xf6\xbd\
\x33\x4d\x69\x36\xfd\xdf\xcf\xd2\xa3\x67\xc5\x1a\x1a\xdd\x8f\x67\
\xcf\x3f\xe4\x54\x4d\xcd\x37\x78\xf7\xfc\x29\xa6\x5c\xd1\x62\x6f\
\xdc\x8e\x51\xb4\xd5\x79\x13\x6f\xfc\x06\xac\x4c\x72\x3f\x1a\xac\
\xe3\x1e\xbd\x6b\x2e\x4e\xc2\x68\x61\x41\x9f\xf3\xcd\x18\x18\xe9\
\xfa\x50\x41\xf7\xfc\xe9\x19\xb6\x8f\xfe\xbd\x5d\x9d\xac\x81\x68\
\x2e\xce\x73\x40\x5c\x7b\xf3\x4d\xf3\x3f\x1f\xad\x21\x39\xf5\xac\
\xb9\x58\x36\xc7\x37\xdc\xe2\x98\xc3\x27\xa5\x0c\xcc\x47\xb5\x35\
\x9b\x03\x8f\xc6\x9a\x8f\x73\x09\x48\x6b\xfc\xa3\xf9\xd4\x32\xc9\
\xba\x9d\x23\xf5\xa8\x1d\xb0\x7b\xff\x00\x8d\x57\x21\x02\x75\xeb\
\xfc\xaa\x36\x38\xff\x00\xf5\x52\xbb\x71\xdf\xf3\xa8\x9d\x8f\xe3\
\x54\x03\x5c\xf1\xff\x00\xd6\xa6\x31\xc0\xff\x00\xeb\x50\xc7\x03\
\xbf\xe7\x51\x16\xf4\xcf\xe7\x4c\x05\x27\x6f\xff\x00\xaa\x98\x7a\
\xff\x00\xf5\xa8\x2d\xf3\x7f\xf5\xe9\xac\x49\xf5\xfc\xe8\x01\xad\
\xdc\xff\x00\x4a\x8e\x5e\x7f\xfd\x54\x48\xdf\xe7\x35\x1c\x8c\xd8\
\xff\x00\xeb\xd0\x4b\x76\x1a\xfc\xfe\x1e\xd5\x1c\x9c\x9f\xa7\xb5\
\x38\xf0\x3b\xfe\x75\x1b\x13\xd7\x9f\xce\x82\x46\xb1\xe3\x1f\xd2\
\x9b\x8f\xf3\x8a\x0e\x7a\xf3\xf9\xd3\x5d\xc8\x3c\x7f\x3a\x40\x04\
\xef\x1f\xfd\x6a\x6f\x4e\x3d\xa9\xd9\xa6\xe4\x20\xaa\x31\x94\x85\
\x66\xdb\x4c\xa0\x54\x6f\x9d\xdd\xe8\x33\x1d\x21\xe2\x9a\x28\xc5\
\x23\x1c\x2d\x20\x11\xdf\x03\x8e\xb5\x19\xe4\xf3\xfc\xa8\x39\x3f\
\xfe\xba\x6b\x9e\xdc\xd3\xf4\x22\xe0\x4f\xff\x00\xae\x9b\x8c\xff\
\x00\xfa\xa9\x72\x49\xa0\x9c\xd1\x7b\x10\xd8\x9b\xb6\xf5\xa6\x8e\
\x94\x31\xcb\x7b\x53\x64\x3c\xd6\x32\xdc\x91\xb2\x3f\x39\xfc\x2a\
\x33\xf3\x1c\xd3\xa4\xfb\xbf\x8d\x36\xb3\x90\x01\x38\xa8\xf3\x93\
\x43\xbe\xe1\xf4\xa6\xbb\x71\xfc\xaa\x40\x6c\x87\x70\xe9\x45\x14\
\xd7\x6c\xff\x00\x0f\x7e\xf5\x2d\x90\xdd\xc6\xc8\x72\x78\xe6\x8a\
\x00\xc5\x23\x9c\x2d\x48\x5c\x49\x0f\x14\xd6\x38\x14\x01\x4d\x67\
\xc7\xd7\xd2\xb3\x10\xd6\x7d\xe2\x9a\xff\x00\xea\x9b\xe9\x4e\xce\
\x4d\x35\xff\x00\xd5\x7e\x15\x2d\x01\xf7\x14\x27\x00\x54\x95\x0c\
\x47\x03\xe9\x4f\xde\xc6\xbd\x43\xf1\xde\x51\xfd\x68\x27\x02\xa3\
\xc9\x07\xe9\x48\xef\x91\x5b\x15\x18\x8a\xf2\x66\xa3\x27\x3f\x5a\
\x19\xb2\x7f\xc2\x9a\xcf\x8f\xad\x06\xb1\x88\x33\x60\x7b\xff\x00\
\x2a\x67\x41\x40\x14\xc6\x3b\x8f\x1d\x28\x3a\x61\x10\x66\xc9\xfa\
\x50\x49\x26\x9a\xcd\x81\x4d\x0d\x86\xe6\x83\xa2\x31\x1c\xed\xb4\
\x62\xa3\x76\xda\x30\x3a\xd1\xf7\x46\x4d\x34\xae\xde\xb4\x1a\x44\
\x09\xe6\x9a\xcd\x8a\x09\xda\x3d\xcd\x46\xdf\x2f\xaf\xb5\x2f\x33\
\x6b\x58\x19\xf6\x9a\x61\x6c\xb5\x1b\xb7\x1a\x46\x3b\x47\x7a\x57\
\xb9\x71\x8f\x56\x0c\x76\x8f\x7a\x66\x38\xa5\x27\x71\xdd\x4d\x63\
\x8f\xce\xa8\xd6\x28\x46\x6e\x78\x34\xd3\xf2\xd2\xe7\x68\xa6\x16\
\xcd\x06\xd1\x8d\xc4\x76\xc9\xf7\x34\x0c\x8e\xf4\x1e\x4f\xe7\x4d\
\x73\xfc\x34\x1d\x11\x40\xed\x93\x8a\x65\x2d\x1d\x28\x34\x8a\x0e\
\x94\xd7\x6c\x82\x29\x1f\xe5\x39\x14\x87\xa5\x05\x00\xe8\x7d\xba\
\x53\x57\xad\x3b\x1c\x54\x72\x1f\x9a\xa6\x46\x91\x07\x21\x8d\x03\
\x9a\x09\xc0\xa8\xf7\x7c\x9f\xa5\x49\xb4\x48\xdc\xfc\xa2\xa3\x90\
\x93\xb6\xa6\x71\xc5\x43\x27\x3c\x56\x75\x35\x3a\x22\xba\x11\xb0\
\xc3\x75\xcd\x34\xa0\x66\xa7\x18\xf9\xeb\x42\xa7\xbd\x73\x9a\xfb\
\x32\x9f\x83\xb5\x88\x35\x18\xf5\x0d\x02\xf0\x21\xbf\xd2\xa4\x70\
\xf0\x38\xe6\x5b\x69\x1d\x9a\x09\x94\x7f\x12\x14\xf9\x49\xe8\x1e\
\x39\x17\xa8\xaf\x6c\xd0\x7f\x68\x97\xf1\x0f\x86\xed\x3c\x37\xf1\
\x33\x48\x6f\x89\x1e\x19\xb1\x8f\xc8\xd3\xee\x66\xbb\x36\xde\x22\
\xf0\xea\x61\x80\x16\x5a\x8e\xd6\x7f\x29\x4b\x6e\xfb\x35\xc0\x96\
\x03\xb1\x40\x54\x03\x35\xe0\xfe\x37\xf8\x7d\x6b\xe3\x84\xb5\x9b\
\xed\x57\x7a\x4e\xb1\xa6\x96\x6b\x0d\x52\xcc\x85\xb8\xb4\x2d\x8d\
\xcb\xcf\x12\x46\xd8\x1b\xa3\x6c\xab\x63\xb1\x01\x86\x0c\x3f\x17\
\xb5\xcf\x85\xb2\x0b\x7f\x1e\xd8\xa3\x69\xc0\x84\x8f\xc4\x7a\x6c\
\x6c\xf6\x2e\x09\xc0\xf3\xe3\xe5\xed\xd8\xf1\xd7\x28\x49\xe1\x88\
\xaf\x52\x35\x28\x62\x69\xaa\x58\x95\xaa\xd9\xec\xd7\x9a\x6a\xcd\
\x3f\x46\x7e\x63\x9d\x70\xee\x3f\x05\x88\x9e\x37\x2d\x7c\xd0\x93\
\x6d\xc7\x7d\xf5\x69\xc5\xdd\x4a\x37\xd5\x6f\x6e\xda\x5c\xfa\x4f\
\x5c\xfd\x99\xee\x75\xfd\x06\xf3\xc4\x1f\x0b\x75\x69\x3e\x25\x78\
\x7e\xc6\x23\x73\x7d\x61\x1d\xaf\xd9\xbc\x4d\xa0\xc7\xc6\x5a\xef\
\x4f\x0c\xc6\x48\xd4\xb0\x5f\xb4\x5b\x34\xb1\x12\x18\x9f\x2c\x0c\
\x57\x96\x5a\x6a\xb1\x6a\x30\x2c\x91\xba\xc8\xad\xd0\xa9\xad\x0f\
\x0a\x78\x9d\xad\xef\xb4\xfd\x7b\x40\xd5\x27\xb4\xbc\xb5\x71\x73\
\x61\xa9\xe9\xb7\x4d\x14\xd0\x37\x67\x8a\x58\xc8\x65\x38\x38\xca\
\x9f\x5a\xf5\x8b\xff\x00\x8a\x9e\x0b\xfd\xa2\xee\x76\xfc\x58\xb1\
\x9f\xc3\xbe\x2b\xb8\x3f\xf2\x50\xfc\x35\xa7\xab\x49\x72\xe5\x89\
\xdf\xab\x69\xa9\xb5\x2e\xba\x92\x67\xb6\xf2\xe7\x21\x50\x15\x7e\
\x49\xce\xa4\x2b\xe1\xf5\x95\xea\x43\xba\x5e\xfa\xf5\x4b\x49\x2f\
\xf0\xa4\xfa\x28\xcb\x73\xe6\xa9\x62\x30\xb8\xaf\x77\x4a\x55\x3b\
\x3f\x81\xfa\x37\xac\x1f\x94\xae\xbf\xbc\xb6\x3c\x46\xea\xc9\x1d\
\xb7\x27\xca\xc7\x93\x8e\x87\xea\x2a\xbe\xf6\xb7\x38\x91\x71\xe8\
\xc3\xa5\x77\x5f\x17\xbe\x00\x78\xa3\xe0\xae\x8b\x6b\xae\x5d\xae\
\x9f\xe2\x0f\x05\x6a\x52\x79\x76\x1e\x2c\xd0\x6e\x3e\xdd\xa2\xde\
\x31\xe0\x46\x66\x00\x18\x26\xce\x41\x86\x75\x8e\x40\xca\xc3\x69\
\xc6\x6b\x87\x17\x4b\x3a\xff\x00\x78\x56\xd4\xe5\x0a\xd0\xf6\x94\
\x9a\x92\xf2\xfc\xbc\x9a\xea\x9e\xab\xa9\x35\x69\x54\xa1\x3f\x67\
\x5a\x2d\x3f\xd3\xa3\x5d\xd3\xe8\xf6\x7d\x05\x13\x64\xfd\xea\x91\
\x25\xc0\xed\xf8\xd5\x67\xb7\x28\x72\x8d\xf8\x76\x34\x8b\x3e\xdf\
\x95\xbe\x53\xe8\x47\x5a\x1c\x6c\x69\x4f\x5d\x8b\xa2\x50\x7a\x1a\
\x18\x2c\x88\x43\x6d\xc3\x76\x35\x59\x25\xc3\x52\x99\x73\x9e\x6b\
\x33\xae\x24\x2f\x6c\xd6\x63\xfd\x1d\xb0\xbf\xf3\xcc\x9f\x97\xf0\
\xf4\xfe\x54\xd3\xa9\x31\x3b\x59\x76\xb0\xea\x0d\x3e\x49\xf9\xa8\
\x26\x0b\x32\x6d\xff\x00\x22\xa4\xe9\x8b\xee\x0f\x3e\x4f\x6a\x86\
\x49\x73\x5b\x9f\x0d\x7e\x15\xf8\x93\xe3\x0f\x88\xe4\xd1\xfc\x2b\
\xa3\xde\x6b\x97\xf0\xc2\xd7\x57\x02\x1d\xa9\x0d\x94\x0b\xf7\xa7\
\xb8\x99\xca\xc5\x6f\x0a\xf7\x96\x56\x44\x19\x19\x61\x91\x5c\xff\
\x00\xc4\xff\x00\xda\x87\xe1\x0f\xec\xbd\x72\xd6\x7a\x3f\xf6\x5f\
\xed\x05\xf1\x02\xd5\xb0\xc2\x09\xe5\x87\xc0\x5a\x44\xaa\xcc\x30\
\xf3\xa1\x4b\x8d\x60\x82\x14\xe2\x06\x82\xd9\x83\x11\xe6\xcc\x32\
\xa7\x96\x78\xa4\xa7\xec\xa9\xa7\x29\xf6\x5f\x9b\x7a\x28\xaf\x36\
\xd7\x95\xde\x87\xb7\x96\xe4\xf8\x8c\x63\xbd\x35\x68\xf5\x6f\x6f\
\xf8\x3f\x23\xac\xf0\x57\xc1\xbd\x5b\xc6\x3e\x0b\xbe\xf1\x75\xed\
\xe6\x8f\xe0\xff\x00\x87\xfa\x4c\x8d\x16\xa1\xe2\xef\x12\x5d\x7d\
\x83\x46\xb6\x90\x29\x3e\x4a\x49\x82\xf7\x37\x07\x18\x5b\x7b\x64\
\x96\x66\x25\x46\xce\x73\x5e\x63\xf1\x07\xfe\x0a\x31\xe1\x7f\x82\
\x37\x6d\x63\xfb\x3f\xe8\xd3\x6a\x7e\x22\xb7\x7c\x7f\xc2\xce\xf1\
\x6e\x9d\x19\xba\x85\xd5\xc1\x12\x68\xfa\x4b\xef\x86\xcb\xee\x82\
\xb3\xdd\x19\xee\x30\xe7\x0b\x6e\xd8\xc7\xce\xff\x00\x1e\xff\x00\
\x68\x1f\x1e\x7e\xd5\xfe\x33\xb6\xd7\xbe\x21\x78\x92\xeb\xc4\x17\
\x5a\x7c\x3f\x66\xd3\x2d\x3c\xb4\xb6\xd3\x74\x4b\x70\x02\x8b\x7b\
\x2b\x48\x82\xc1\x6b\x10\x0a\xa3\x6c\x48\xbb\xb1\x96\xdc\xd9\x27\
\x8b\xd4\x35\x2b\x4d\x02\x25\x6b\x87\x08\x5b\xee\x20\xe5\xdf\xe8\
\x28\xfe\xcf\x73\x5e\xd3\x1f\x25\xcb\xfc\xa9\xfb\xbf\xf6\xf3\xd1\
\xcb\xd3\x48\xf7\x8b\xdc\xfb\xdc\xb7\x25\xc3\xe1\x3d\xe8\xae\x69\
\xf7\x7d\x3d\x17\x4f\x5d\x5f\x99\x7b\x5d\xd4\xf5\x2f\x1b\x78\xa3\
\x50\xd7\xb5\xfd\x53\x52\xd7\xb5\xed\x62\x63\x73\x7f\xa9\xea\x57\
\x4f\x77\x7b\x7d\x29\xeb\x24\xb2\xc8\x4b\xc8\xc7\x8e\x58\x93\x59\
\x7a\x9f\x89\x2d\x74\x86\x31\xaa\x9b\x8b\x81\xc7\x97\x1f\x38\xfa\
\x9e\x83\xf9\xfb\x56\x45\xd6\xb3\x7d\xe2\x46\x31\xc2\xad\x67\x6e\
\x78\xc2\x9f\xde\x38\xf7\x3d\xbe\x83\xf5\xad\x5f\x0f\xf8\x29\x53\
\x6f\xee\xf0\x2b\x0a\xd9\xd2\xfe\x16\x15\x68\xba\xf4\xf9\x23\xdc\
\x54\xef\xac\x8a\x03\xfb\x47\xc4\x8f\xfb\xd6\xf2\xe1\xcf\x11\x47\
\xc2\xfe\x3d\xcf\xe3\x5d\x5f\x87\x7c\x28\x2d\xe3\x1b\x97\x71\xc7\
\x71\x5b\x1a\x37\x86\x96\x15\x5c\x25\x75\x9e\x1f\xf0\x7d\xc6\xa7\
\x72\xb0\xdb\xc1\x24\xd2\x37\x45\x45\xae\x08\xd2\x9d\x49\x73\x54\
\x77\x66\x9c\xbd\x11\x8b\xa7\xe8\xaa\x14\x7c\xb5\xd6\x78\x37\xc0\
\x57\x9e\x25\xba\xf2\xed\x60\x66\x55\x3f\x3c\x84\x61\x13\xea\x7f\
\xa5\x77\xde\x0e\xf8\x19\x1d\xb2\xac\xba\xa3\x79\x8d\xff\x00\x3c\
\x23\x3f\x28\xff\x00\x79\xbf\xc3\xf3\xaf\x4a\xd1\xd5\x74\x7b\x25\
\xb7\x82\x38\xe3\xb7\x51\xc4\x21\x40\x4f\xcb\xfa\xd7\x75\x3c\x3d\
\xb5\x65\x7b\x1f\xe6\x39\x3f\x08\x7c\x2e\xb3\xf0\xe2\x2c\x92\xaa\
\xdd\x5c\x8f\xe2\x65\xf9\x54\xfb\x0f\xeb\x5d\x41\x4e\x38\xfe\x55\
\x72\x4b\x78\xee\x39\x87\xf7\x72\x7f\xcf\x37\x3c\x1f\xa1\xfe\x87\
\xf3\x35\x4e\x46\x30\x4c\xca\xea\xc9\x22\xf5\x56\x18\x22\xbb\x62\
\xac\xb4\x34\xf6\x9c\x9a\x08\x78\xa4\x73\x90\x29\xc3\xe7\x02\xa3\
\x6c\x86\xe6\x99\xd3\x09\xa9\x11\xbb\xf5\xe6\xa3\x2f\xbc\xd2\xca\
\x32\x7b\xf5\x34\xc2\x1b\xb7\xeb\x41\xad\xb4\x07\x7c\x54\x65\xc8\
\x6a\x79\x8c\xb1\xe2\x90\x95\x8f\xef\x1c\x9f\x41\x59\xd4\x32\xa9\
\x2b\x21\xbe\x25\xe7\xe1\xb7\x8b\x8b\x1c\x2f\xf6\x1d\xd9\x27\xb7\
\x08\x4f\xf4\xaf\x21\xf8\x61\xf0\x1b\xc4\x9f\x13\xac\x20\xbf\xb7\
\xb7\x5d\x27\x41\x98\xfc\xba\xbe\xa2\x1a\x2b\x69\x80\xeb\xe4\x00\
\x0b\xdc\x36\x46\x3f\x74\xac\xaa\x48\xde\xc8\x0e\xea\xf7\x0f\x0b\
\x5f\x5c\x26\xb5\x11\xb7\x91\xa1\x64\x0c\x7e\x5e\xfc\x63\x9f\x5e\
\xb5\xda\x5c\x4b\x75\xab\x5d\xcb\x7d\xa9\x5e\x5c\xde\x5d\x49\x83\
\x2d\xc5\xd4\xcd\x2c\x8e\x00\xc0\xdc\xec\x49\x38\x03\xb9\xae\x8c\
\x2d\xd2\x76\xea\xcf\xc6\x38\xdf\x34\x74\xf1\xbe\xce\x2b\xde\xe5\
\x5f\x9b\x39\x8f\x86\x1f\x0a\x7c\x3f\xf0\x8e\x58\xae\xb4\x7b\x59\
\x2f\xf5\xe8\x88\x61\xae\xea\x48\xad\x73\x0b\x0e\xf6\xd1\x02\x63\
\xb5\xe4\x02\x1c\x6f\x99\x48\x3b\x66\x00\x95\xae\xc7\xc3\x9e\x1f\
\xd4\xbc\x67\xe2\x5b\x7d\x37\x4b\xb1\xd4\x35\xad\x63\x52\x94\xac\
\x16\x96\x90\xbd\xcd\xd5\xd3\x9e\x4e\xd5\x50\x59\x8f\x52\x4f\x3d\
\xc9\xae\xea\x7f\x82\x9a\x5f\xc2\x7f\x05\xd9\xf8\xbb\xe2\xf7\x88\
\x1b\xe1\xdf\x86\x6f\xa2\xf3\xf4\xdd\x3c\x5b\xfd\xa7\xc4\xbe\x26\
\x50\x09\x1f\x60\xb0\x24\x37\x96\xc4\x05\xfb\x4c\xe6\x38\x54\xc8\
\x87\x73\x03\x5e\x37\xf1\x5b\xfe\x0a\x13\xe2\x8f\x13\xe8\xd7\x5e\
\x05\xf8\x27\xe1\xeb\x8f\x85\x3e\x16\xd5\x81\xb6\xba\x93\x4d\x9d\
\xae\xfc\x5d\xe2\x64\xe0\x91\x79\xa8\xa8\x0e\x91\x9d\xbb\xbc\x8b\
\x51\x14\x6b\xbd\xd4\x99\x14\xd7\x3f\xd7\xa5\x51\xb8\x60\x63\xce\
\xf6\x72\x6f\xdd\x5e\xb2\xea\xd7\x68\xde\xdb\x3e\x53\xe5\xe9\xe0\
\x24\xd2\xaf\x98\xcf\x91\x6e\x97\xda\x6b\xca\x3a\x59\x3e\xee\xcb\
\xaa\xb9\xea\x9f\x14\x3c\x41\xf0\xb7\xf6\x27\xb8\x92\x1f\x8a\x97\
\x92\x78\xf3\xc7\xf6\xc7\x03\xe1\xbf\x85\xb5\x34\x5f\xb1\x48\x09\
\x1b\x35\x8d\x4e\x3d\xd1\xda\x7d\xd2\x0c\x36\xfe\x6d\xc0\xdc\x84\
\xed\x04\xe3\xe5\x8f\x8e\x3f\xb4\x3f\xc5\xcf\xf8\x28\x5e\xa7\x67\
\xa5\xdf\x35\x8e\x97\xe0\x9d\x06\x50\x74\xbf\x0b\x68\xb0\x7f\x66\
\xf8\x5f\xc3\xfd\x70\xe2\x21\x9f\x32\x7f\x99\xc9\x96\x53\x2c\xc7\
\x7b\xe0\x85\x3b\x45\xbf\x87\x9f\xb2\x8d\xae\x8f\x14\x53\x78\x81\
\xa3\xf9\x71\xb7\x4d\xb4\x7f\x95\x7d\xa4\x91\x7f\x92\x1f\xf8\x17\
\x6a\xf5\x7b\x68\x61\xd3\x6c\x63\xb5\xb5\x86\x1b\x5b\x58\x17\x6c\
\x50\xc2\x81\x23\x8c\x7b\x01\xc0\xad\xb0\xf9\x4a\x53\x55\xf1\x32\
\xf6\x93\xe8\xda\xb2\x5f\xe1\x8e\xcb\xd7\x59\x77\x93\x39\xf1\x5c\
\x55\x4b\x0f\x4d\xe1\xf2\xf8\x72\xae\xaf\x76\xff\x00\xc5\x2d\x1b\
\xf4\x56\x8f\x64\x79\xdf\xc3\x9f\xd9\x83\xc3\x9e\x03\x48\xee\x35\
\x14\x8f\xc4\x7a\x9a\x8c\xef\xba\x88\x7d\x92\x13\xfe\xc4\x27\x21\
\xb1\xfd\xe9\x37\x1e\x84\x05\xaf\x49\x4d\x62\xe9\x08\xdb\x71\x32\
\xae\xdd\x80\x06\x20\x05\xe9\x8c\x74\xc7\x6c\x53\x74\xed\x2b\x51\
\xf1\x1b\xde\x2e\x97\xa6\xea\x5a\xa1\xd3\x60\x37\x57\xbf\x62\xb4\
\x92\xe3\xec\x70\x8e\xb2\xcb\xb1\x4f\x96\x83\xfb\xcd\x81\xef\x58\
\xd0\x78\x9a\xc6\x59\x30\xb7\x96\xe5\xbb\x8f\x30\x67\xf2\xaf\x51\
\x53\x8b\x7c\xab\x73\xe5\x31\x58\xec\x45\x56\xaa\xd6\x6f\xc9\xbd\
\xbe\x5d\x3e\xe3\xe8\x2f\xd9\x7b\xc0\xdf\xb3\xbf\xc6\xaf\x80\x9e\
\x34\xf8\x27\xf1\xa3\x41\xf0\xf7\x85\x74\xbf\x12\x5f\xcf\xe2\x3d\
\x03\xc6\x70\xc2\x2d\xa6\xf0\xde\xab\x25\xb4\x16\xf2\x4a\xb2\x8f\
\x96\xdd\x76\xda\xdb\xbe\x3e\x58\x24\xf2\xe4\x59\x81\x0c\x33\xf3\
\x37\x8e\x3f\xe0\xdb\x6f\xda\x93\xe1\xb7\x8e\x2e\x2d\xed\xf4\xef\
\x03\xf8\x8b\xc1\xb6\xa8\xd7\x7f\xf0\x9a\x41\xe2\x5b\x6b\x5d\x26\
\x2b\x40\x0b\xf9\xf3\x45\x2b\x0b\xa8\xf1\x18\xdc\xc2\x38\xa5\x03\
\x3f\x2b\x38\x19\x3f\x61\x7e\xc3\x7f\xf0\x4e\xcf\x19\xfe\xd3\xbe\
\x1e\x9b\xc6\xc9\x69\x63\x69\xe1\xbd\x2c\x8b\x9d\x22\xdf\x54\x84\
\xb4\x7e\x2f\xb9\x89\xc3\x7d\x95\x46\xe5\xdb\x6a\xe5\x4c\x6f\x39\
\x20\x65\x8a\xae\x48\x76\x8f\xbb\xfd\xa1\x7f\x6f\x8f\x88\x1f\xb4\
\xb6\x89\x1e\x8f\xad\x3d\x8e\x85\xa4\xc6\xf9\xba\xd3\xb4\xc8\x25\
\xb5\x17\x72\x2b\x02\x05\xc7\x99\x23\xb3\x6c\x61\xc2\x64\x28\x61\
\x92\x0b\x2a\x91\xf9\xae\x65\x52\xad\x2c\xda\x4b\x2a\xa8\x9a\x7f\
\xc4\x4f\x55\x19\x77\x4b\x47\x77\x6d\x52\x76\xbe\x8f\xb2\xfd\xe7\
\x84\x71\xf8\xaf\xec\x88\xbc\xce\x2f\xfe\x9d\xbe\xb2\x8f\x9f\x96\
\xaa\xd7\xd5\xae\xfa\x37\xf8\xcb\xe2\x2f\x09\x78\x93\xe0\x3f\x8e\
\xae\x74\x1d\x76\xd6\x4d\x33\x56\xb3\x0a\xcf\x11\x60\xf1\xcf\x1b\
\x7d\xc9\x11\x87\x0f\x1b\x00\x70\xc3\xb8\x20\xe1\x95\x80\xeb\x7c\
\x31\xe2\xc3\x72\xab\x79\x6e\xcd\x6f\x73\x1f\x0c\x50\xe0\xaf\xf8\
\x8f\x63\x5f\x4b\x7f\xc1\x46\xbe\x10\x37\xc4\x5f\x81\x1f\xf0\x94\
\x58\xda\xc9\x71\xaf\x78\x1e\x41\x3a\x88\x50\xb4\xb7\x56\x32\xb2\
\xa4\xf1\x00\x39\x6d\x8c\x52\x61\xd7\x68\x8e\x4c\x7d\xf3\x9f\x9c\
\xfc\x55\xf0\x43\x5c\xfd\x9d\xd3\x4c\xd2\xfc\x5c\xa7\x4b\xf1\xae\
\xa1\x6e\x2f\xb5\x1f\x0f\x38\x1f\x69\xf0\xf5\xbb\xaa\x35\xaa\x5d\
\xe0\xfe\xee\xee\x55\x67\x91\xad\xc8\x0f\x0c\x66\x02\xf8\x79\x1a\
\x38\xfe\xdb\x0b\x98\x2a\xdc\xb0\x96\xee\xfa\x7a\x75\xf4\xff\x00\
\x34\x89\xc7\x55\xbd\x0f\x6f\x1d\x1a\x7d\x3b\x9d\xce\x83\xf1\xce\
\x1b\x2b\x22\x9a\xa5\xac\xbe\x62\x74\x9e\xd6\x3d\xdb\xfe\xa9\x9e\
\xbf\xee\xe7\x3e\x82\xb2\xae\x7f\x6b\xef\x03\xc1\x73\x24\x72\x5e\
\x6a\xcb\x22\x9c\x32\xb6\x9b\x28\x2a\x7d\xc6\x32\x2b\x87\x32\xef\
\xac\xaf\x10\x78\x7a\xcf\x5f\x8f\xfd\x2a\x15\x69\x17\x85\x95\x7e\
\x59\x10\x7d\x7d\x3d\x8e\x45\x5d\x7c\x3d\x44\xaf\x45\xab\xf9\x9d\
\x99\x5f\x1c\x57\xa7\x6a\x78\xb5\xcc\xbb\xf5\xf9\xf7\xfc\xfd\x4f\
\x63\xf0\xcf\xed\x19\xe0\x9f\x16\x4e\xb0\xda\xf8\x82\xde\x19\xd8\
\xe0\x47\x7b\x1b\xda\x64\xfa\x06\x91\x42\x93\xec\x09\xae\xd1\xd3\
\x68\xee\xb9\xe7\xeb\x5f\x1a\x6b\x7e\x02\x9a\xc0\x36\xd0\xb7\x56\
\xe7\xf8\x80\xf9\x80\xff\x00\x69\x7f\xc3\x23\xe9\x5b\xbf\x09\xfe\
\x27\xf8\xa3\xe1\xa4\xa2\x1d\x36\x58\xef\xb4\x78\xce\x65\xb0\xbe\
\x90\xfd\x96\x15\x3d\xd1\xfa\xc2\x4f\x38\xdb\x90\x4f\xf0\x39\xc0\
\xaf\x2e\x38\xba\x90\x97\x2e\x22\x3f\x35\xfe\x47\xde\x60\xf3\x4a\
\x38\x88\x73\xd3\x69\xae\xeb\xf5\x5d\x0f\xaa\xbc\xd6\x89\x95\x94\
\xed\x2a\x7a\xfa\x55\xf8\x74\x9f\xed\x0b\x51\x71\x2f\xfa\x1a\xb0\
\xc8\x05\x73\xe7\x8e\xe6\x35\xeb\xf9\xe1\x7f\xda\xec\x39\x6f\x00\
\x7c\x72\xf0\xcf\x8c\xda\x38\xec\x77\x26\xb0\xc3\x9b\x7b\xe4\xf9\
\x55\xbb\xf9\x40\x8c\x4b\xec\x58\x03\x8e\xb1\x8a\xe8\xa5\xb9\x7b\
\x8b\x86\x9a\x69\x24\x92\x67\x39\x67\x66\xcb\x13\xf5\xae\xda\x71\
\x52\xf7\xa2\xf4\x3b\xbe\x2d\x62\x22\xea\x11\xd8\xb7\xfa\x0c\x31\
\xc6\xdf\xf3\xf1\x2a\x09\x26\xff\x00\x80\xe4\x15\x8f\xd8\xa8\x0c\
\x3f\xbc\x6a\xb6\xa3\x3c\xda\xcc\xfe\x75\xec\xd7\x37\xd3\x63\x1e\
\x65\xc4\x8d\x2b\x7e\x6c\x49\xab\x93\x46\x2e\x0e\xef\xbb\x2f\xe8\
\xff\x00\xfd\x7a\xac\x78\xff\x00\xf5\x56\x96\x4b\xe1\x17\xb3\x2c\
\xe9\x5e\x23\xd4\x34\x24\xf2\xed\x6e\xee\x22\x85\xbe\xf4\x24\xef\
\x85\xbf\xde\x8d\xb2\xa7\xf1\x15\x63\xfb\x4f\x4f\xd6\xdb\xe6\x58\
\x74\x9b\xc2\x7d\x4f\xd8\xe6\x3f\x8e\x4c\x27\xea\x4a\x7b\xc6\x05\
\x65\xbf\x1f\x95\x43\xe4\x34\xee\x55\x47\xb9\x27\xa0\xac\xed\x72\
\x65\x1e\xc6\x9d\xee\x9f\x35\x8d\xe9\xb7\xb8\x86\x48\x66\x00\x1d\
\x8c\x39\x20\x8c\x82\x3d\x54\xf5\x04\x64\x11\xc8\x24\x52\x79\x4b\
\x6b\xfe\xb3\x97\xff\x00\x9e\x60\xf4\xfa\xff\x00\x87\x5f\xa5\x3b\
\x4a\xf1\x24\xfa\x25\x97\xd9\x55\x85\xdd\x96\x4e\x21\x98\x9d\xb1\
\xe7\x92\x62\x20\x86\x88\x9e\xe5\x08\xdd\x81\xb8\x11\xc5\x4d\x6d\
\xa5\x47\xae\x15\x1a\x4c\xcd\x35\xcb\x1c\x0d\x3e\xe0\x85\xba\x73\
\xe9\x13\x00\x16\x73\xd0\x05\x01\x64\x62\x70\xb1\xb0\x04\xd4\xf3\
\x5b\x72\x35\x45\x36\xb8\x67\x6c\xb7\x6e\x83\xd2\x97\x68\x95\x3e\
\x5e\xbe\x95\x10\x7d\xce\xcb\xf3\x2c\x91\xb1\x47\x46\x1b\x59\x18\
\x70\x41\x1d\x88\x3c\x10\x69\xa5\x8a\x31\xed\x5b\x26\xca\x8c\x87\
\x0a\x69\x70\x3f\xfa\xd5\x32\xb0\xbb\x1c\x71\x27\xa7\xf7\xaa\xb3\
\x26\x32\xbd\x08\xe2\x9b\x76\x34\x10\xb1\x66\xe9\x4e\xce\x2a\x3d\
\xd8\xe6\x98\xed\xb7\xff\x00\xd7\x53\xcc\x4c\x89\x77\x2f\xa8\xa7\
\x09\x70\x30\x3f\x4a\xaa\xd7\x02\x31\xf3\x10\x3f\x1a\xbc\xda\x67\
\xd8\x4f\xfa\x7c\x8d\x68\xdd\x45\xb8\x5d\xd7\x0d\xe9\x95\xfe\x01\
\xee\xf8\x3c\xe4\x06\x15\x5c\xc8\xcd\xca\xc2\x5a\x87\x9e\x4f\x2d\
\x15\xa4\x76\xe8\x14\x73\x53\xdc\x49\x6f\xa5\xb8\x69\x36\xdc\x5d\
\x2f\x44\x53\x95\x4f\xa9\xfe\x95\x56\x6b\xf9\xa6\x89\xa1\xb7\x4f\
\xb2\xc2\xdc\x10\xa7\x2e\xff\x00\xef\x37\x53\xf4\x18\x1e\xd5\x1d\
\xbd\xbc\x76\x67\x9c\x49\x27\xa1\xfb\xab\xf5\xa0\x9b\x49\x8a\xe9\
\x36\xa5\x27\x9f\x72\xde\x5c\x7d\x94\x0c\x67\xe8\x29\xd2\x4d\xb8\
\x6d\x55\xda\xa3\xa0\xa7\x3b\xb4\xad\xb9\x8e\xe3\x51\x3b\x61\x8d\
\x4b\x97\x63\x68\xc6\xc3\x5d\xf0\x3f\xcf\x15\x13\x3e\x0d\x2c\x92\
\x75\xfd\x6a\xbb\xcb\x93\x50\x51\x24\x92\xd4\x66\x5e\x7f\xfa\xd5\
\x19\x93\x9a\x6e\xfc\x7f\xfa\xa8\x4c\x96\x89\xb7\xe7\xa9\xfc\xea\
\x39\x0e\xec\xe2\x9b\xbc\xe3\xde\x90\x92\x47\x35\x44\x89\x9f\xf3\
\x8a\x69\xfb\xdf\x8d\x38\x82\x45\x37\x1b\x28\x06\x21\x21\x45\x31\
\x9f\x34\x38\xcf\xf7\xa9\x8c\xdb\x7d\x69\x1c\xf2\x97\x41\x4b\xe0\
\x7f\x4a\x8d\xe5\xe3\xa8\xa6\xbb\x71\xde\xa2\x76\xe3\xbd\x04\x8a\
\xf2\x67\xfa\xf1\x51\x16\xdc\x7b\x7e\x54\xae\x73\xeb\x51\xb9\xcf\
\xad\x00\x35\x9c\x54\x6f\x27\xd2\x95\xcf\xfb\xd5\x13\xb7\x3d\xff\
\x00\x3a\x00\x46\x7c\x1e\xd9\xfa\x54\x45\xff\x00\xdd\xa7\x1e\x3d\
\x6a\x3c\x7f\xbd\xf9\xd0\x00\x5b\x27\xb7\xe5\x4d\x67\xe7\xb7\xe5\
\x43\x9f\xad\x46\xc7\x3e\xb4\x0a\xe3\x5d\xf8\xed\xf9\x53\x19\xb7\
\x1f\xfe\xb5\x2b\xf3\xeb\x51\xb1\xfa\xd0\x66\x23\x38\x6f\x4f\xca\
\xa2\x77\xe4\xf4\xa7\x39\xc8\xef\x51\x30\xdc\x7b\xd0\x00\x5f\x3e\
\x9f\x95\x21\x6c\x0f\xfe\xb5\x07\x81\xde\x9b\xd0\xd0\x29\x6c\x0a\
\x71\xce\x79\xa0\x52\x66\x90\xc9\x4c\xc1\xee\x0e\xf8\x38\xa6\xd1\
\xde\x83\xd2\x90\x84\x66\xdb\x4d\x79\x01\x5a\x46\x3b\xb3\xe9\x4d\
\x76\xdb\xf5\xa6\x29\x01\x6c\x0e\xd5\x19\x6d\xc7\xb7\xe5\x4e\x3f\
\x37\xff\x00\xae\x9b\x8f\xad\x11\x92\xe8\x40\xa2\x91\x9b\x8c\x73\
\x43\x3f\xa5\x34\xd6\x52\x77\x66\x61\x9c\x0a\x8c\x9d\xcd\x4e\x90\
\xe4\xe3\xf3\xa8\xe4\x6c\xf1\x50\x03\x5b\x96\xa6\xb9\xc2\xfa\x52\
\x9e\xb5\x19\x6d\xc7\x26\xb3\x01\x18\xed\xa6\xf5\x34\x13\x9a\x0f\
\x4a\x99\x10\xc0\x9c\x54\x79\xdc\x69\xcc\xc7\xdb\xa5\x34\x74\xa9\
\x10\x53\x19\xb7\x1f\x6a\x79\x38\x15\x1d\x4b\x60\x23\xb6\xd1\x4c\
\xeb\x43\x1d\xcd\xf4\xa0\x9c\x0a\x90\x0a\x8e\x46\xfd\xdf\xd0\x50\
\x64\x34\xd7\xe2\x23\x53\x21\x33\xee\x18\x5f\x03\xeb\x4f\x07\x9e\
\xd5\x1c\x4d\x81\xeb\x4a\xee\x4f\xad\x7a\xc7\xe4\x76\x43\xcb\x71\
\x4d\x63\x9a\x6f\x41\x43\x36\xdf\xf7\xaa\xd1\x51\x88\x31\xdb\xf5\
\xa6\x01\x9a\x3a\x9f\x5a\x4d\xdb\x9b\x6d\x33\xa2\x9c\x46\xb3\xe4\
\xe2\x93\x76\xd5\xa5\x62\x14\x6d\x1f\x8d\x34\xf1\xc9\xa0\xde\x31\
\x1a\xdc\x8d\xd4\x94\xa4\xff\x00\x15\x46\xcd\xbc\xfb\x7f\x3a\x0d\
\x94\x41\x9b\x7f\xd2\x9a\x4e\xd1\x9e\xbd\xa8\x66\xe3\xda\x9a\x5b\
\x27\xfa\x50\x69\x15\xd4\x09\xc9\xcd\x44\xc7\x3c\xd2\xb3\x6f\x3f\
\xd2\x9a\x4f\xf9\xc5\x26\x5a\x57\x02\x3e\x94\xcc\xe4\xe6\x95\x9b\
\x71\xa4\x66\xc5\x08\xde\x28\x46\x38\x1f\xa6\x29\xac\xdc\xd2\x6e\
\xcf\x26\x91\x8e\x4d\x33\x58\xc4\x6b\x36\x7f\x3a\x29\xa3\x9e\x4f\
\xe1\x4a\xcd\xb6\x83\xa2\x31\x42\x3b\x60\x7b\x9a\x6d\x19\xef\x49\
\xd6\x83\x44\x84\x2f\x83\x48\x5f\x23\xee\xd2\x16\xdc\x73\x45\x05\
\x87\x41\x48\x07\x34\x80\x64\x75\xa7\x13\x81\x41\x49\x08\xed\xb5\
\x6a\x20\x32\x72\x68\x63\xbd\x8f\xa5\x3b\x34\x1a\x45\x0d\x7e\x16\
\x98\xdc\x0a\x52\x77\x1a\x69\xeb\x59\xbd\xcd\xa2\x86\x9e\x52\x98\
\xc3\x19\xf7\xa7\x93\x9c\x53\x59\xbd\x29\x3d\x74\x3a\x69\xee\x46\
\x45\x39\x06\x0f\xd6\x90\x73\x4e\x45\xe4\x57\x3b\x89\xd3\x11\x4f\
\x1f\xfe\xba\x72\xc9\xf2\xb0\xfe\x16\x05\x48\xea\x18\x1e\xa0\xfb\
\x1f\x4a\x08\xcd\x03\x8a\x56\x1f\x29\xc2\x6a\x1f\x07\x26\xf0\xcd\
\xfc\x9a\x97\x80\xf5\x08\xfc\x2f\x7a\xed\xbe\x5d\x3a\x44\x2f\xa3\
\xde\x9f\x78\x87\x30\x93\xfd\xe8\xb8\x1f\xdd\x27\x9a\xbd\xe1\xbf\
\x8e\xd1\xdb\x6b\x30\xe8\xde\x30\xb1\x93\xc2\xba\xdc\xdf\x2c\x22\
\x77\x0f\x65\x7f\xef\x04\xe3\xe4\x6f\xf7\x4e\x18\x64\x02\x33\x5d\
\x63\x30\x5e\xb5\x53\x5b\xd1\xac\x3c\x51\xa4\x4d\xa7\xea\x56\x76\
\xda\x85\x85\xc0\xc4\x96\xf7\x11\x89\x23\x6f\x43\x83\xd0\x8e\xc4\
\x72\x0f\x4a\xec\xa3\x8c\x9c\x15\x9e\xa8\xf9\xcc\xe7\x85\x30\x59\
\x8a\xe6\x92\xe5\x9f\xf3\x2f\xd5\x75\xfc\xcf\x40\xf8\x5d\xf1\x5f\
\xc4\x5f\x06\x75\x7b\xcb\xef\x0b\x6a\xd3\x69\x6d\xaa\x42\x6d\xf5\
\x1b\x53\x1a\x5c\x58\xea\xd0\x95\x2a\x62\xba\xb6\x90\x34\x37\x11\
\x95\x66\x18\x91\x5b\x01\x8e\x30\x79\xae\x9a\xef\xc1\xff\x00\x0c\
\xff\x00\x68\x19\x37\x69\xf3\x69\xbf\x04\xfc\x71\x70\xd9\x16\xf7\
\x12\x4b\x2f\x82\xb5\x69\x0b\x74\x59\x5b\x7c\xfa\x53\x1c\x93\x87\
\x33\x5b\x80\xa0\x03\x1e\x78\xf9\x96\x1f\x07\x78\x9b\xe1\x27\xef\
\x3c\x21\x74\xda\xfe\x8b\x1f\x27\x40\xd4\xee\x7f\x7d\x02\xfa\x5a\
\xdc\xb1\xed\xd9\x25\xe3\xfd\xac\xe0\x57\x4d\xe0\x4f\x8c\xba\x3f\
\xc4\x4f\x3e\xd6\x16\x9a\xcb\x54\xb3\xf9\x6e\xf4\xcb\xd8\x8c\x17\
\x96\x87\xfd\xb8\xdb\x9c\x7b\x8c\x83\xeb\x5b\x3a\x34\x6b\xcb\xda\
\xd3\x6e\x33\xee\xb7\xf9\xa7\xa4\x97\xaa\x76\xe9\x67\xa9\xf9\xce\
\x33\x2c\xcc\xf2\x75\xec\xeb\xc5\x55\xa1\xe7\xac\x55\xfb\x75\x83\
\xf4\x69\x3e\xb7\x5a\x1d\x37\xc4\xcf\x86\xfe\x29\xf8\x15\xe3\x01\
\xe1\xff\x00\x1a\xe8\x37\xde\x1d\xd5\xa4\x8b\xcf\x82\x3b\x90\xad\
\x15\xf4\x27\xa4\xd6\xf3\x21\x68\xa7\x88\xf6\x92\x26\x65\xcf\x19\
\xce\x45\x64\x9d\xb7\x2b\xd8\xad\x7a\x07\x83\xbf\x69\x2d\x73\xc0\
\x1e\x0f\x6f\x0a\xea\x16\x7a\x47\x8e\x7c\x03\x24\x86\x49\x3c\x2b\
\xe2\x28\x9a\xe6\xc6\x27\x21\x81\x96\xd6\x45\x65\x9a\xc6\x61\xbd\
\x88\x92\xd9\xd0\xee\x39\x60\xfd\x2a\x48\xbe\x1b\x78\x07\xe2\xbb\
\x9b\x9f\x87\x5e\x2e\xb5\xf0\xbe\xa6\xf9\x69\x7c\x1b\xe3\xbd\x4e\
\x1b\x39\x91\xb8\xf9\x2c\x75\x66\x09\x69\x74\xa5\x89\x0a\xb7\x1f\
\x66\x98\x05\xe7\xcc\x27\x27\x3a\x95\xaa\xd1\xff\x00\x7a\x8e\x9f\
\xcd\x14\xf9\x7e\x6b\x57\x1f\x9d\xe2\xbf\x9a\xfa\x11\x87\xa3\x87\
\xc5\x6b\x84\x95\xa5\xfc\x92\xb7\x37\xc9\xe8\xa5\xf2\xb4\xbf\xbb\
\x6d\x4f\x36\x7b\x76\x84\xf1\xf3\x2f\xa5\x35\xe4\xca\xf4\xc5\x7b\
\x0c\xff\x00\xb0\xdf\xc6\x2b\x52\x83\xfe\x15\x8f\x8d\x2f\xa3\x90\
\x65\x26\xd3\xb4\xd9\x35\x1b\x79\x07\xaa\xcd\x6e\x24\x89\x87\xb8\
\x62\x2b\x9a\xf8\x89\xf0\x7b\x4d\xf8\x05\xa6\xc9\xa9\xfc\x62\xf1\
\x86\x87\xf0\xbf\x4e\x89\x4b\x26\x9a\xf3\x45\xaa\x78\xa3\x55\x60\
\x0e\x22\xb4\xd2\x61\x93\xce\xdc\x48\x0a\x64\xb9\x30\x43\x1e\xf0\
\x59\xf1\xc1\xe4\x9e\x67\x84\x8e\xaa\xa2\x6f\xa2\x4f\x99\xbf\x44\
\xae\xdf\xc9\x1e\x9e\x1b\x28\xc6\xd5\x9f\xb3\x8d\x29\x5f\xcd\x35\
\x6f\x56\xec\x97\xcc\xe0\x2c\x6d\xae\xb5\xdd\x6e\xcf\x4c\xd3\x2c\
\xef\x35\x4d\x5b\x51\x98\x41\x69\x63\x65\x03\xdc\x5c\xdd\xca\x7a\
\x47\x1c\x68\x0b\x3b\x9e\xca\xa0\x93\xe9\x5b\x5f\x15\xb5\x0f\x87\
\xbf\xb1\xcc\xcf\x1f\xc6\x0d\x62\xeb\x59\xf1\xa4\x23\x74\x7f\x0d\
\x3c\x23\x7b\x0c\xba\xb4\x4d\x86\xda\xba\xad\xfe\x24\xb7\xd2\xd7\
\x21\x37\x44\x04\xf7\x5b\x24\x07\xca\x8f\xef\x0f\x14\xf8\xc3\xff\
\x00\x05\x30\xd7\x6e\x34\xad\x43\xc2\xff\x00\x04\x74\x6b\xbf\x83\
\x7e\x10\xbe\x8d\xad\x6f\x75\x84\xbc\x17\x3e\x35\xf1\x24\x05\x94\
\xe2\xf3\x52\x40\xbf\x66\x89\xb6\x2b\x1b\x6b\x15\x86\x30\x4b\x2b\
\x34\xc0\xe6\xbe\x66\xd3\xf4\x38\x74\xc8\x36\xa4\x69\x1a\x2f\x27\
\x03\x1f\x53\x45\x3a\x38\x8c\x4e\xb5\x6f\x4e\x1d\x95\xb9\xdf\xab\
\xd5\x47\xd1\x5d\xf9\xc5\x9f\x71\x97\x70\xb5\x0a\x36\x9e\x25\xf3\
\xcb\xb7\xd9\x5f\xab\xfc\x17\xa9\xec\x9f\xb4\x6f\xed\xcf\xe3\xbf\
\xda\x6b\xc3\x2d\xe1\x35\x87\x48\xf0\x07\xc3\x25\x9c\x4d\x17\x82\
\xbc\x31\x1c\x96\xfa\x74\xcc\xa4\x6c\x96\xf6\x57\x66\xb8\xd4\x67\
\x1b\x10\xf9\x97\x52\x38\x56\x19\x8d\x62\x07\x6d\x79\x0c\xab\x6d\
\xa2\xda\x19\x66\x92\x38\x61\x5f\xe2\x63\x81\xff\x00\xd7\x35\x8d\
\xab\x78\xfe\x2b\x66\x68\x34\xd8\xd6\xee\x6e\x9e\x67\xfc\xb2\x4f\
\xfe\x2b\xf0\xe3\xde\xb2\x22\xd2\x2e\xb5\xcb\xc1\x71\x7d\x34\x97\
\x12\x76\xdd\xf7\x57\xd8\x0e\x83\xf0\xa5\x57\x30\xc3\xe1\x21\xec\
\x70\xb1\x4d\xf9\x6d\x7e\xed\xee\xdf\x77\xab\x7d\x59\xf5\x71\xa6\
\xec\x96\xc9\x74\x46\x86\xa3\xe3\x79\xaf\xdc\xc5\xa5\xc2\xc8\x9d\
\x0c\xf2\x0e\x7f\xe0\x2b\xfd\x4f\xe5\x46\x8b\xe1\x27\xbc\xb9\xf3\
\xa7\x32\x4b\x33\x1c\x97\x73\xb8\x9a\xda\xd0\x3c\x2b\x80\xbf\x2e\
\x07\xd2\xbb\x1d\x27\xc3\xc1\x02\xfc\xb5\xe2\xd4\xf6\xd8\xa9\x73\
\x56\x7a\x76\xe8\x6f\x18\xa5\xb1\x91\xa2\x78\x4d\x62\x0b\xf2\xd7\
\x55\xa3\xf8\x6c\xca\xea\x88\x8c\xcc\x48\x00\x01\xc9\xae\xbf\xc0\
\xdf\x07\xef\xbc\x45\xb2\x4f\x2f\xec\xf6\xbf\xf3\xd5\xc7\x5f\xa0\
\xef\x5e\xbb\xe1\x1f\x87\x7a\x7f\x85\x22\x06\x18\xf7\xce\x3a\xcc\
\xe3\x2d\xf8\x7a\x7e\x15\xdb\x43\x06\xa2\x74\x46\x9b\x7a\x9c\x1f\
\x82\x7e\x07\xcd\x70\xab\x36\xa1\xfe\x8f\x1f\x04\x46\x3f\xd6\x37\
\xd7\xd2\xbd\x3b\x45\xf0\xdd\xa7\x87\xad\x44\x36\xb0\xc7\x0a\x77\
\xc7\xde\x6f\xa9\xef\x57\xb6\x0c\x53\xab\xd3\xa7\x4d\x25\xa1\xbc\
\x54\x57\xc2\x34\x0c\x0f\xe1\xa4\x2c\x31\xff\x00\xd7\xa5\x63\xd6\
\xa3\x7f\xbd\x5a\x28\xf7\x10\xe2\xff\x00\x43\x56\x12\xfd\x5a\x25\
\x8a\xe2\x31\x71\x08\xfb\xb9\x3b\x64\x8f\xfd\xd6\xed\xf4\x39\x1e\
\xd5\x4c\xf0\x29\xa1\xb3\xde\xa6\x51\x07\x1b\xab\x17\x8e\x9b\xe6\
\x46\xd2\x5a\x49\xf6\xa8\x54\x65\xd7\x6e\xd9\xa2\x1e\xac\xbd\xc7\
\xfb\x4b\x91\xeb\x8e\x95\x5e\x40\x19\x73\x9a\x8e\x09\x5a\x29\x95\
\xd1\x99\x59\x4e\x55\x97\x82\xa6\xb4\x19\x7f\xb5\x2c\xa5\x9b\x68\
\x5b\x88\x59\x77\x95\x18\x12\x86\xcf\x24\x7a\xf1\xd7\xbe\x6a\x63\
\x7b\xd9\x98\xaf\x75\xdd\x19\x52\xaf\x2c\x29\x8a\x84\xfa\x56\x92\
\x68\xd7\x57\x10\xb4\x8b\x6f\x31\x8d\x54\xb9\x60\x9d\x14\x75\x3f\
\x41\xeb\xef\x54\xe6\xf6\xe0\x7f\x3a\xa3\x75\x52\xfa\x15\xe4\x93\
\xcb\x5f\x97\xf3\xa2\x0b\x09\x2e\x46\xe7\xf9\x17\xf5\x35\x26\x9f\
\x07\xf6\x86\xa7\x1c\x2a\xac\xc7\x0f\x2b\x00\xb9\xc2\x22\xb3\xb1\
\x3e\xc0\x29\xc9\xec\x2b\x51\xf6\xed\xad\x29\xd1\xf6\x8a\xe7\xe7\
\x1c\x6d\xc5\x95\xf2\xe9\xc7\x0b\x85\xd2\x52\x57\x6d\xf4\x57\xb2\
\xb2\xee\xec\xf7\x3a\xaf\xd9\xc3\xe0\xde\xa3\xf1\x9f\xe2\x5f\xf6\
\x2e\x99\x77\xa1\xe9\x6b\x6f\x61\x71\xa8\xdf\x6a\x3a\xcd\xfa\x58\
\xd8\x69\x96\x90\x85\x32\xdc\x4d\x2b\x74\x44\xc8\xce\xd0\x4f\x39\
\xc6\x01\x23\xac\xf1\x7f\xed\x69\xe1\x1f\x80\x2e\x6d\x7e\x0e\xe9\
\x8b\xe2\x8f\x13\x5a\xb7\x3f\x10\x3c\x4f\xa7\x29\x86\xde\x45\x27\
\xe7\xd2\xf4\xa9\x37\x24\x78\xc2\x15\x9e\xf0\x49\x20\x21\xb1\x12\
\x02\x0d\x78\xbe\xa3\x02\xdc\x21\x57\x55\x71\xc1\xe4\x67\x91\x50\
\xe8\x52\xdb\xe9\x3e\x20\xb1\xbb\xb8\xb6\x17\x56\xf6\xb7\x09\x2c\
\x90\xe1\x5b\xcc\x55\x20\x90\x03\x02\xa4\xf7\x01\x81\x52\x78\x20\
\x8c\x8a\x8a\x99\x5a\xab\x3f\xde\xca\xf0\xfe\x55\xa2\x6f\xfb\xcf\
\x79\x2f\x2d\x17\x74\xcf\xca\xe3\x9c\x49\x5e\xb3\x5c\xd5\x5e\xf3\
\x6e\xed\x76\xe5\x4f\x44\xd7\x7d\x5f\x66\xba\xc7\x73\xf0\xd3\xc4\
\x9f\x19\x7c\x4f\x73\xe2\xef\x1c\x6b\xba\xa5\xcd\xe6\xb6\x56\xe2\
\x6d\x53\x55\x99\xef\x35\x4d\x50\x63\xe5\x64\x57\x3b\xb6\x6d\xda\
\x15\x9c\xac\x61\x78\x4d\xc1\x76\xd7\x63\xa1\x68\xda\x6f\x83\x6c\
\x64\xb5\xd1\xac\x96\xc6\x39\x46\xd9\x64\x2d\xe6\x5c\xdd\x01\xff\
\x00\x3d\x65\xc0\x2d\xeb\xb5\x42\xa0\x3c\x85\x06\xb7\x75\x31\xfd\
\xaf\x04\x9a\xa5\xbd\xe3\x6a\xb6\xd7\x52\x12\xf7\x84\x96\x76\x91\
\xb9\x22\x60\xc4\xb2\x4b\xd7\x2a\xc7\x27\x92\x0b\x2e\x18\xe3\xcc\
\xa7\x26\xbd\x88\x53\x51\x8a\x8c\x76\x5d\xb6\x5e\x47\xcc\xe3\xb1\
\x95\xaa\x4d\xfb\x46\xee\xff\x00\x1f\x57\xd4\x8e\x6b\xb1\x1a\x16\
\x6e\x31\xcf\x26\xaf\xea\x9e\x0e\xd7\x34\x3f\x02\xe9\x1e\x2a\xbf\
\xd1\x75\x4b\x1f\x0b\x78\x82\x77\xb5\xd2\xf5\x79\xed\x9e\x3b\x1d\
\x42\x55\xdd\xb9\x22\x94\x8d\xac\x70\x8f\x80\x0f\x3b\x1f\x19\xda\
\xd8\xb9\xf0\xe3\x58\x9b\xc2\x1e\x3e\xd2\x75\x8b\x7d\x33\x49\xd6\
\x2e\x34\xa9\xc5\xc4\x56\x7a\xa5\x98\xbb\xb3\x9d\x80\x3b\x7c\xd8\
\x89\x1b\xc0\x27\x76\x09\xea\xa0\xf6\xaf\x78\xf8\x89\xff\x00\x07\
\x0c\xfc\x43\xf0\x66\xdd\x36\xef\x41\xf8\x63\xe3\xa8\xc3\x2a\xdc\
\xe9\xaf\xa5\xcd\x14\x11\x2a\xf6\xf3\x96\x76\x4d\xc3\xa0\x1e\x5b\
\xe3\x9c\xe3\x18\x3e\x5e\x69\x8a\xcc\x29\x4a\x3f\x52\xa1\x1a\x8b\
\xad\xe5\xca\xfd\x16\x9b\xf5\xbb\xd3\xa5\xba\x9e\x8e\x41\x95\xe0\
\x31\xbc\xd0\xc5\x56\x95\x39\x6d\x1b\x43\x99\x7a\xc9\xdd\x69\xd2\
\xcb\x5e\xb7\xe8\xf9\xdf\x80\x9f\xb7\xe7\xc4\xdf\xd9\xab\xc0\x36\
\xfa\x0f\x85\x7c\x69\x67\xa3\xf8\x7e\xd6\x49\x2e\x45\x9c\x9a\x6d\
\x8c\xc9\xbe\x46\x2c\xec\xd2\x3c\x46\x42\x49\x3d\x4b\xf0\x30\x06\
\x00\x00\x7d\xff\x00\xfb\x08\xfc\x62\xf8\xe7\xfb\x53\xda\x49\xa8\
\x7c\x50\xf0\x87\x84\xe1\xf8\x7a\xb6\xcd\xf6\x5d\x47\x52\xd1\xe5\
\xb5\xd4\xf5\xb9\x5b\xee\x18\x2d\xdd\xca\x1b\x70\x3e\x63\x33\x46\
\x8a\xe0\xa7\x97\xe6\x02\xce\x9f\x22\x7c\x2f\xff\x00\x83\x9d\xbc\
\x0d\xe1\xe9\xa3\x3e\x23\xfd\x9c\xef\x34\x0f\x2f\x1b\xa6\xf0\xbe\
\xa9\x67\x7a\xc4\x8f\xe2\x54\x9a\x1b\x6c\x7a\xe0\xb9\xc7\xa9\xeb\
\x5d\xdf\xfc\x44\x75\xa8\x7e\xd3\xba\xb3\xf8\x67\xf6\x6c\xfd\x9d\
\x7e\x21\x78\xdb\xc5\xde\x4b\x49\x75\x75\xe2\xdb\x9b\x4d\x2f\x49\
\xd0\x97\x07\x17\x17\x2f\x6d\x35\xc0\xf2\x86\x09\x22\x49\x20\xc8\
\x04\x06\xcd\x7e\x65\x9f\xe1\x71\xf8\xbb\xf2\x65\xd1\xa5\x26\xee\
\xe7\x78\xdf\xcd\xf3\x2e\x54\xbd\x5b\x7f\x79\xfb\x87\x0a\xe4\xbf\
\x54\xe5\x73\xcc\x65\x5a\x11\x56\x50\xd5\x47\xc9\x59\xb9\x3b\x2e\
\x89\x5b\xee\x3e\xf4\xf8\xeb\xf1\xbf\xc3\xff\x00\xb2\x8f\xc2\x3b\
\xef\x17\xeb\xcf\x0d\xb5\x8e\x91\x10\x87\x4f\xb1\x8c\x88\xdf\x52\
\xb9\xd8\x7c\x8b\x28\x17\x1f\x7d\xf6\xe0\x00\x36\xa2\x86\x66\xc2\
\x23\x11\xf8\xe3\xa2\x5e\x5c\x5d\xc3\xe7\x5d\xc9\xe6\xdd\x4c\xc6\
\x59\x9c\x0c\x07\x72\x72\xc7\xf1\x24\x9a\xe4\xfc\x5f\xfb\x47\xcf\
\xfb\x4d\xfc\x78\xbe\x6f\x1a\x7c\x62\x5f\x8c\xff\x00\x12\xf4\x88\
\x1e\x6b\xa3\xe1\xa8\x7c\xbf\x03\xf8\x3a\xdd\x9d\x55\xac\x74\xe2\
\x78\x9e\x46\x6f\x2f\x33\xa6\xfd\xe9\x0e\x24\x91\x9d\x45\x75\x9a\
\x5f\xc9\x1f\x3e\xf5\xb6\x49\x94\xfd\x4a\x2e\x53\x97\x34\xa5\x6b\
\xdb\x65\x6e\x8b\xbf\xaf\x5f\xc5\xfa\x79\xe6\x29\xd4\x92\x84\x55\
\x94\x7f\x53\xb5\xf0\x34\xf7\xd6\xfa\xac\x2f\xa5\xdc\x9b\x3d\x52\
\x3e\x6c\xae\x42\xab\x1b\x79\xc7\xfa\xb9\x00\x60\x54\x95\x7d\xa7\
\x04\x11\xc7\x20\x8a\xfc\xa4\xd1\x7c\x4f\xa9\x6b\xad\x2e\xa7\xab\
\x5d\x5e\x6a\x1a\xb6\xa5\x2b\x5d\xdf\xdc\xde\xcc\xd3\x5c\xdd\x5c\
\x48\xc5\xe5\x92\x57\x62\x59\xa4\x67\x2c\x59\x98\x92\x49\x24\xe4\
\xd7\xea\x97\x85\x2e\xbe\xcd\xa8\xc3\x22\xfd\xe5\x70\x7f\x5a\xfc\
\xc6\xf8\xa9\xa1\xff\x00\xc2\x29\xf1\xa7\xc6\xfa\x5a\xae\xc5\xd3\
\x7c\x49\xa8\xdb\x20\x1d\x91\x2e\xe5\x0b\xf8\x6d\x00\xd7\xdb\x64\
\xb2\xf7\xa6\xba\xd9\x1f\x35\x4e\x0a\xa2\x71\x91\x2d\xb6\xa3\x1d\
\xc2\x7f\x75\xfb\x83\xfe\x79\xa2\x59\x32\x4f\xd3\x15\x8c\x8f\xf2\
\xf5\xe9\x52\xc7\xa8\xb4\x7c\x3f\xcc\xbf\xca\xbd\xcf\x69\xae\xa7\
\x9d\x88\xca\x9e\xf4\xbe\xe2\xd5\xc3\xf6\xaa\x77\xb6\xeb\x79\x1a\
\x46\xdc\x2c\x64\x95\x00\x61\x41\x3c\x93\x8e\xe4\xf1\xcf\x5e\x00\
\xe8\x05\x58\x95\xf2\x4f\x35\x03\x36\x07\xeb\x53\x5a\x94\x66\xac\
\xd1\x8e\x5f\x8b\xab\x87\xa9\xcd\x4a\x56\x7f\xd6\xe5\x4f\xec\xb0\
\xa7\xb1\xe7\x20\xd7\x7f\xe0\x1f\x8e\x7a\x97\x86\x76\x5b\x6a\x82\
\x4d\x5a\xc4\x70\x1c\x9f\xf4\xa8\x87\xb3\x1e\x1c\x7b\x37\x3f\xed\
\x0e\x95\xc5\x3c\xb8\xcd\x3a\x1b\xe5\x46\xc4\x83\xe5\xf5\xc5\x78\
\xf2\xc1\x4e\x93\xe7\xa0\xcf\xd2\xb2\xae\x20\x53\x4a\x35\xb4\x7d\
\xfa\x1f\x4a\x78\x73\xc6\x1a\x7f\x8a\xf4\xff\x00\xb5\x69\xd7\x49\
\x71\x10\xc0\x71\xca\xbc\x47\xd1\x94\xf2\xa7\xeb\xd7\xb6\x6b\x51\
\x4a\x5f\x75\xc2\xcd\xd8\xf6\x6a\xf9\xc3\x42\xb9\x93\x4e\xba\x4b\
\xab\x1b\x89\x21\x99\x46\x04\x91\x36\x0e\x3d\x0f\xa8\xf6\x3c\x57\
\xa7\xf8\x2b\xe3\x9a\x5a\x32\xc7\xac\x5a\xee\x61\xc0\xb9\x85\x78\
\xfa\xb2\x7f\x55\xfc\xaa\xa9\xe2\xef\xa5\x45\x67\xf8\x1f\x5d\x19\
\xa9\x2b\xa3\xbe\xfb\x0b\x27\xcd\x27\xca\xbf\xce\xa3\x94\xf1\xb5\
\x46\xd5\x1c\xe3\xd6\xa4\xb6\xd5\xa0\xf1\x15\xb8\xb8\xb5\x9e\x3b\
\x88\xd8\xf0\xc8\xdb\x87\xe3\xe8\x7d\x8d\x47\x20\xf9\xbd\x3b\x57\
\x46\xfb\x0f\x94\x8c\x8a\x86\x68\x16\x78\xd9\x59\x55\x95\x86\x08\
\x23\x83\x52\xe3\x1d\x7a\xfb\xd2\xd2\xd0\x5c\xa6\x94\x5e\x2b\xfe\
\xd0\x44\x87\x5e\x86\x6d\x52\x38\xd4\x24\x57\x88\xe1\x35\x1b\x55\
\x03\x00\x09\x08\x22\x64\x00\x0c\x47\x36\xec\x2a\x85\x47\x84\x12\
\x69\xd7\xfe\x1a\x92\x3d\x3a\x6d\x43\x4f\xb8\x8f\x58\xd2\xa0\x5d\
\xf3\x5c\x40\x85\x66\xb3\x5f\xfa\x79\x80\x92\xf0\xe3\x20\x17\xf9\
\xa1\x2c\x76\xac\xae\x41\xac\xbc\x54\xda\x7d\xdc\xda\x55\xf4\x37\
\x96\x77\x17\x16\x77\x96\xed\xbe\x1b\x8b\x79\x1a\x29\xa1\x6e\x99\
\x56\x52\x0a\x9f\x70\x45\x2f\x66\xe3\xf0\x7d\xdd\x3f\xe0\x7f\x5a\
\x11\x28\x10\x0f\xde\x05\x78\xdb\x9e\xa0\x83\x56\x01\xfb\x7a\xe3\
\xee\xce\x3f\xf1\xea\xd9\x6f\x10\x59\xea\xb6\x13\x49\xa8\xe8\x7a\
\x75\xe4\xf0\xe1\xe5\xba\xb2\x73\xa6\xdd\xba\x16\x0a\x3e\xe0\x36\
\xec\x77\x30\xcb\x34\x05\xdb\x71\x25\x8e\x28\x8b\x48\xb2\xd4\x74\
\x97\xd4\x2d\x7c\x39\xe3\x09\x2c\xe1\x67\x47\x99\x2e\xd2\x58\x51\
\x91\x43\xb8\x32\xad\xb0\x03\x6a\x10\xc7\x8e\x01\x04\xe0\x73\x4e\
\xef\xaa\xfc\x4c\x94\x9a\x76\x39\xb9\x81\x46\xe7\x8f\x6a\x7d\xb6\
\x89\x25\xcc\x0b\x71\x34\xb1\xd9\x59\x92\x7f\x7d\x28\x24\xc9\x8e\
\x08\x8d\x47\x2e\x7b\x71\xf2\x83\x8d\xcc\xa3\x9a\xd5\x7d\x56\xcc\
\xc6\xbf\x65\xd3\x55\x67\x1c\xf9\x97\x93\x8b\xa2\x3e\x8a\x11\x13\
\xfe\xfa\x56\xfc\x2b\x32\xfa\x79\x2f\xa6\x69\x6e\x24\x92\x69\x58\
\x72\xee\xdb\x89\x03\xa0\xfc\x3a\x62\x9c\x6e\xc1\xdd\x8a\xba\xa2\
\xe9\xbf\x2e\x99\x1b\x5b\x30\xeb\x77\x2e\x0d\xd3\x7f\xba\x47\x11\
\x0f\x64\xf9\x86\x48\x2e\xc2\xa9\xdb\x43\x96\xc2\x2f\x43\x96\x63\
\xd2\xac\x2d\xaf\xf1\x49\xf2\xa9\xe8\xa3\xef\x37\xff\x00\x5b\xde\
\x89\x24\xdd\xf2\xfc\xaa\xab\xd1\x47\x41\xfe\x7d\xea\xae\x90\x46\
\x98\x33\xed\x52\xa8\x48\xf5\x6f\x5a\x84\x7c\xb4\xe7\x7d\xb5\x17\
\x99\x53\x76\xcd\x94\x49\x0c\xdc\x7a\x53\x1e\x5d\xf5\x19\x65\x51\
\x51\xbc\xb8\xf6\xa1\x15\xca\x2c\xd2\xe2\xab\x4d\x3e\xdc\xff\x00\
\x8d\x17\x17\x00\xfd\x6b\x2e\xf7\x50\xd8\x0f\x7f\xa7\x7a\x23\x16\
\xde\x87\x26\x2b\x17\x4b\x0f\x4d\xd5\xad\x25\x14\xba\xb2\xe3\xdd\
\xf1\xff\x00\xd7\xa7\x24\xdb\xab\x92\xd5\xb5\x5b\x89\x18\xaa\xc8\
\xd0\xaf\xa2\x1c\x1f\xcf\xaf\xe5\x8a\xca\x6f\x11\x5f\xe9\xce\x5a\
\x2b\xb9\xb8\xfe\x19\x1b\xcc\x53\xf8\x36\x7f\x4a\xe8\x8e\x16\x76\
\xb9\xf1\x95\x3c\x40\xcb\xa3\x57\x91\x29\x38\xf7\xb2\xfc\x9b\x4c\
\xf4\x4f\x33\xfc\xe2\x82\x77\x7a\x57\x17\x65\xf1\x62\x18\xa3\xff\
\x00\x89\x84\x12\x45\xb4\x64\xbc\x0a\x64\x53\xff\x00\x01\x19\x6f\
\xc0\x6e\x35\x4f\x4c\xfd\xa7\xfc\x07\x7f\xaa\xb5\x8b\x78\x85\x2c\
\x6e\x95\xb6\x95\xbf\xb3\xb8\xb4\x50\x7d\xde\x58\xd5\x57\xfe\x04\
\x45\x72\xd6\xa9\x1a\x4d\x2a\xb2\x4a\xfb\x5d\xda\xe7\xd5\x60\xb3\
\x4c\x1e\x32\x1c\xf8\x6a\x89\xfe\x0f\xe6\x9e\xa7\xa2\x22\xed\xeb\
\x4d\x91\xb2\x47\xb5\x47\x25\xcc\x66\xce\x3b\x85\x92\x37\x82\x44\
\x0e\x92\xa3\x06\x47\x53\xd1\x83\x0e\x08\x3e\xa2\x9f\xa8\xd9\x5d\
\x69\x57\xcd\x6f\x7b\x6b\x77\x65\x74\x8a\xac\xd0\xdc\xc2\xd0\xc8\
\xa1\x94\x3a\x12\xac\x01\xc3\x2b\x2b\x03\xdc\x30\x23\x20\x83\x44\
\xa5\x63\xa2\x4c\x8a\x43\x96\xa8\x64\x3c\x1f\xad\x49\x9e\x39\xa8\
\xdc\x71\x59\xb9\xb3\x32\x17\x3c\xe2\xa3\x66\xdd\x4e\x27\x9e\x6a\
\x36\x38\x5a\x57\x60\x23\x36\x47\x6a\x8d\xbe\x63\xda\x95\x9f\x6a\
\xd4\x6c\xf8\x5e\xbc\xd6\x8a\x48\x06\x93\xbb\xfb\xb5\x1b\xf2\x7b\
\x53\x9d\x8f\xad\x34\xb6\x2a\x80\x63\x9c\xff\x00\x76\x9a\x7e\x5f\
\x4f\xce\x95\x9b\x26\xa3\x69\x0d\x00\x36\x46\xc9\x3d\x2a\x36\x6c\
\x1e\xd4\x3c\x87\x3d\xe9\xa6\x4c\x7a\x9a\x66\x7c\xcc\x6b\xf1\xc7\
\x1f\x9d\x46\xcd\x83\xdb\xf3\xa5\x66\x3b\x7b\xd3\x0b\x63\xb9\xfc\
\xa9\x08\x6b\x1c\x0e\xd4\xc3\xc0\xed\x4a\x5c\x9f\xff\x00\x55\x04\
\xee\x4f\xca\x81\x4a\x56\x1a\x4e\x68\x1d\x68\x14\xd7\x70\x07\xf8\
\x53\x31\x94\xae\x34\xb1\x3f\x9d\x03\x8a\x07\x02\x91\x8e\x45\x22\
\x45\xce\x45\x46\xe7\x71\xfa\x7e\xb4\x75\x1f\xe1\x47\x4a\x60\x15\
\x1b\xb6\x5e\x9c\xcf\x93\x81\x51\xe7\x6f\xff\x00\xaa\xa6\xfd\x09\
\x93\x07\x3c\x76\xa6\x03\xf2\x52\x13\x9f\x5a\x09\xa2\x5a\x2b\x19\
\xc8\x70\x18\xa6\x3b\x64\xd2\x97\xc7\x5a\x61\x38\x19\xac\x49\x11\
\xc9\x5e\x94\xde\x94\x75\x34\xd7\x7c\x7d\x6a\x5c\x80\x49\x0f\xf3\
\xa8\xdc\xf6\xa5\x6e\x07\xf5\xa6\x67\x15\x0f\x41\x0a\x7a\x54\x64\
\x92\x68\x2d\x93\xf2\xd1\x8a\x90\xd1\x00\x19\x14\x8c\xdb\x45\x05\
\xb6\x8a\x66\x72\x69\x10\x27\x25\xa9\x1d\xbe\x5f\xaf\x14\x33\x70\
\x7d\x71\x9a\x6f\x41\x50\xc0\x46\x6d\xa2\x98\x4e\xe3\x41\x3b\x8d\
\x35\xa4\xc7\x1f\xc5\x48\x07\x1e\xb5\x1c\x8d\xb9\x4f\xd3\x14\x16\
\x2c\x45\x46\xed\xb8\xe3\xb5\x44\x89\xea\x7d\xc4\x8d\x81\xdb\xf1\
\xa5\x2d\x9f\x4f\xce\x99\x10\xf9\x7f\x0a\x76\x3f\xce\x2b\xd7\x3f\
\x2a\x51\x43\xb7\xe0\x52\x63\x26\x8e\x9f\xfe\xba\x47\x38\x1f\xfd\
\x7a\xa8\xec\x6b\x18\x83\xbe\x0e\x29\xb9\xda\x3d\xfd\x69\x3e\xed\
\x21\x93\x27\x8e\x6a\x8d\xa3\x10\x1d\x69\xa5\xb7\x8f\xa7\xad\x0e\
\xf9\xe0\x73\x43\x64\x8e\x28\x34\x8a\x23\x73\x93\xed\x48\x4d\x29\
\x1c\xff\x00\x3f\x7a\x63\xbf\x61\x41\xb4\x62\x23\xb6\x7f\x0a\x8e\
\x46\xed\x4e\x91\xf0\x30\x2a\x3c\x73\xff\x00\xd6\xa9\x91\xa4\x55\
\xc3\x3f\x4a\x6b\x9d\xe6\x86\x6c\xf4\xa6\xd1\x66\x6b\x18\x86\x70\
\x3e\x94\xd6\x6e\x68\x27\x3d\xf8\xa6\xb1\xf9\xaa\x8d\x63\x1d\x46\
\xb3\x66\x90\x1c\xf6\xf9\x68\x7e\x7b\x50\x4e\xd1\xd6\x83\xa2\x28\
\x52\x70\x3e\x95\x19\x39\x34\x16\xdd\x48\x4e\x68\x34\x17\xa9\xa8\
\xd9\xb7\x1f\xf3\xcd\x0c\xd9\xc8\xed\x45\x06\x80\x4e\x05\x21\xe4\
\xd2\x07\xdf\xd2\x8c\x6d\xe7\x8c\xd0\x52\x43\x89\xc0\xa8\xdd\xb7\
\x71\x4d\x67\xcd\x0b\xc0\xa0\xd2\x28\x77\x41\x51\xbb\x6e\xe2\x9c\
\xef\xc5\x36\x83\x48\xc4\x09\xc5\x35\x9b\x07\xf0\xa0\xb6\xca\x61\
\xf9\x8e\x6a\x6c\x6d\x18\x87\xdd\x14\x99\xf7\xa5\x6e\x45\x37\x6d\
\x23\xaa\x9c\x6c\x84\x20\x1f\xfe\xb5\x38\x1c\x0a\x31\xfe\x71\x46\
\x3f\xce\x29\x72\xa3\x44\x83\x7d\x37\x79\xfc\xe9\xaf\xc9\xfd\x3a\
\x52\xa8\xe2\xb3\x95\x3e\xc5\xc4\x5a\x31\x9a\x09\xc0\xa6\x89\x38\
\xf4\xa9\xe5\x76\x2c\x5f\xba\x2b\x13\xc6\xff\x00\x0e\x74\x7f\x88\
\x71\x42\xda\x95\xb3\x0b\xcb\x4f\xf8\xf4\xbf\xb6\x73\x05\xed\x91\
\xff\x00\xa6\x72\x8e\x40\xef\xb4\xe5\x0f\x75\x35\xb8\x1b\x23\x8a\
\x4c\x56\x6f\x46\x0e\x2a\x4b\x95\xec\x79\xc5\xf6\xa3\xe2\xcf\x86\
\x40\xae\xa5\x0c\xde\x2c\xd0\xd3\xa6\xa3\x63\x07\xfa\x7d\xb2\xff\
\x00\xd3\x7b\x75\xfb\xe0\x77\x78\xb3\xd0\x92\x8b\x55\x6e\x3c\x53\
\xa7\x78\xcf\x47\x17\x7a\x7d\xd5\xbd\xed\xac\xc3\xe5\x78\xd8\x32\
\x9f\x50\x7d\x0f\xb1\xe4\x57\xa7\x00\xc5\xbf\xba\x7f\x95\x72\x7e\
\x2e\xf8\x2d\xa2\x78\xbf\x52\x93\x50\x31\x5c\xe9\x7a\xac\xdf\x7e\
\xff\x00\x4e\x93\xec\xf3\xca\x7d\x64\x18\x31\xcb\xff\x00\x6d\x11\
\x88\xed\x8a\xee\xa3\x8f\xa9\x15\xcb\x2d\x57\xe2\x7c\x7e\x61\xc0\
\xf8\x6a\xd2\xf6\xb8\x47\xec\xe5\xdb\xec\xff\x00\xc0\xfc\xbc\x8f\
\x0f\xf1\xd7\x87\xac\x5c\x48\x3e\xcf\x10\x57\xce\xe0\x17\x19\xfa\
\xd7\x9f\xcb\xe1\xcb\x5b\x47\x6f\x26\xde\x38\xf9\xfe\x04\x03\x35\
\xf4\x36\xa7\xfb\x34\xdd\xde\x9f\x97\xc4\xc6\x45\xec\x66\xd3\x81\
\x73\xf5\x65\x91\x41\xfc\x14\x57\x35\xe2\x2f\xd8\xae\xfb\xc4\x71\
\x18\x47\x8d\xa4\xb0\x8d\xb8\x61\x6d\xa5\x0d\xed\xff\x00\x02\x32\
\xe4\x7e\x00\x56\x75\x31\x3b\xc9\x26\xfc\xbf\xe0\xbd\x0f\x63\x29\
\xc9\xf1\x14\x22\xa9\xd4\xb7\xad\xcf\x00\xf1\x37\x8d\x74\xdf\x0a\
\x83\x1b\x37\x9f\x75\xda\x08\x8e\x58\x7f\xbc\x7a\x2f\xe3\xcf\xb1\
\xae\x3e\xef\x59\xd4\xbc\x6d\x30\x59\x9b\xec\xf6\x99\xff\x00\x51\
\x1f\x42\x3f\xda\x3d\x5b\xf9\x7b\x57\xd1\x90\xff\x00\xc1\x33\xad\
\x20\x6f\x97\xc6\x57\x3d\x72\x73\xa5\xaf\x3f\xf9\x16\xb5\xac\x3f\
\xe0\x9f\x70\xe9\xff\x00\x77\xc5\x92\x37\xd7\x4c\x1f\xfc\x76\xbc\
\x8a\xd3\xc6\x57\x76\x9f\xbb\x1e\xc9\xfe\x6f\xa9\xf5\x14\xf0\xf1\
\x89\xf3\xf6\x95\xe1\xef\x3a\x56\x7d\xa0\xb4\x8c\x59\x8f\xa9\x3c\
\x9a\xea\xb4\x5f\x0c\x28\xc7\xcb\x5e\xe5\xa7\xfe\xc6\x51\x58\x85\
\x1f\xf0\x90\xc9\x26\xdf\xfa\x70\x03\xff\x00\x6a\x57\x4f\xe1\xaf\
\xd9\x97\x47\xd2\xe7\x56\xbe\xbb\xbb\xbe\x55\xe8\x81\x04\x48\x7e\
\xb8\x24\xe3\xe8\x45\x38\xe1\x6c\x4c\xa3\xd8\xf2\x0f\x04\xfc\x36\
\xbe\xf1\x35\xc0\x8e\xca\xdd\xa4\xc1\xf9\xa4\x3c\x24\x7f\x53\xd3\
\xfa\xd7\xb3\xf8\x27\xe0\x8e\x9f\xe1\xd5\x49\xaf\x36\xdf\x5d\x2f\
\x3c\xaf\xee\x90\xfb\x0e\xff\x00\x53\xf9\x57\x71\x06\x89\x16\x89\
\x65\x1c\x56\xf0\xc5\x0d\xa2\xf0\x82\x15\x0a\x8b\xf8\x7a\xfd\x79\
\xa9\x01\x55\x1e\xb5\xd5\x4e\x8d\x87\x16\x91\x02\x40\x15\x70\x30\
\x14\x7a\x0e\x82\x9f\x81\xed\xf9\xd3\xdf\x95\xf6\x34\xcc\x73\xff\
\x00\xd6\xae\xa5\x1b\x1b\xaa\x97\x0e\x3f\xc9\xa5\x56\xdc\x3a\xe3\
\xfa\xd4\x47\xfc\xf1\x4e\x46\xe3\x9a\xd2\x25\x45\xd8\x56\xe0\xd4\
\x4e\x70\xc7\xeb\x52\x3b\x63\xff\x00\xd5\x51\xb3\x60\x66\xa8\xae\
\x65\x6b\x8d\x63\xc7\xb5\x37\x9a\x6b\xbe\xdf\xad\x5a\x83\x49\x76\
\x85\x64\xba\x6f\xb2\xc2\xc3\x72\xee\x19\x92\x51\xfe\xca\xf7\xfa\
\x9c\x0f\x7a\x9e\x63\x27\x51\xde\xc4\x50\x23\x49\x22\xa2\x2b\x3b\
\xb1\xe1\x40\xc9\x27\xe9\x5a\x0b\x37\xf6\x55\xbb\x47\xe6\x2c\x93\
\xc8\x41\x64\x53\x95\x8f\x19\xfb\xc7\xa1\x3c\xf4\x1d\x3b\x9e\xd5\
\x0c\xb7\xab\x0c\x1e\x5d\xac\x7f\x67\x89\x86\x18\xe7\x32\x4b\xfe\
\xf3\x7a\x7b\x0c\x0f\xaf\x5a\xa9\x9d\xa3\xa7\xe1\x50\x6b\x4e\x9b\
\xde\x45\xa9\xb5\x5b\x87\xb6\x68\x4c\xf2\xf9\x2c\x77\x34\x7b\xce\
\xd6\x3e\xa4\x74\xaa\x33\xcd\x9a\x6c\xb2\x62\xab\xf9\x85\xdf\x8e\
\x7d\xa9\xf2\xf6\x36\x7c\xb1\x57\x67\x5f\xfb\x3e\x7c\x75\xb9\xfd\
\x9a\xfe\x37\xe8\xbe\x32\x8f\x49\xb5\xf1\x1e\x9f\x66\x27\xb1\xd6\
\x74\x4b\x9c\x79\x3a\xe6\x9b\x73\x13\xc1\x75\x6a\xd9\xe3\x2d\x1b\
\x92\xa4\xfc\xbb\xd1\x37\x02\xbb\x94\xfd\x05\xf1\x13\xf6\x0f\xd3\
\xfe\x2f\xf8\x16\xeb\xe2\x37\xec\xd3\xac\x49\xf1\x3b\xc0\xaa\xc1\
\xef\xbc\x36\xa4\xff\x00\xc2\x51\xe1\x37\x60\x5b\xec\xd3\xdb\x1f\
\xde\x4d\xb7\x07\x6e\x07\x9a\xca\x54\xa8\x99\x7f\x7c\xdf\x2b\x47\
\xa5\xf9\x8b\xfb\xc1\x9e\xf8\xed\x5b\x9f\x0e\xbc\x6f\xe2\x0f\x83\
\x1e\x35\xb5\xf1\x37\x83\x75\xcd\x4f\xc2\xbe\x22\xb3\x5d\x91\x5f\
\xe9\xb2\xf9\x32\xec\xc8\x63\x1b\x8e\x56\x58\x8b\x00\x4c\x52\x06\
\x8d\xb0\x37\x29\xae\x69\x65\xf8\x85\x53\xeb\x38\x39\xf2\xce\xc9\
\x34\xf5\x84\x92\xd9\x49\x6e\x9a\xbe\x92\x5a\xae\xcd\x68\x7e\x53\
\xc6\x3c\x49\xc3\xd8\xb4\xb0\x75\xe0\xe7\x28\xfd\xb8\x34\xb9\x6f\
\xbd\x9b\xf8\xbc\xd6\xde\x77\x5a\x61\xcb\x76\x0c\x92\x46\x41\x59\
\x21\x76\x8e\x44\x6f\x95\xa3\x65\x38\x65\x20\xf2\x08\x39\x04\x1e\
\x41\xaa\xb3\x4b\x81\xff\x00\xd7\xaf\xaf\x26\xfd\xaa\xbe\x12\x7e\
\xdc\x06\x3b\x1f\xda\x1f\xc3\xed\xe0\x7f\x1d\x32\x2c\x16\xff\x00\
\x13\xfc\x21\x6d\xb3\xed\x25\x57\x6a\x7f\x69\xd9\xe1\x83\x8f\x95\
\x01\x75\x0e\x39\x3b\x7e\xca\xa3\x35\xc3\xfc\x7f\xff\x00\x82\x59\
\x7c\x55\xf8\x43\xa2\x47\xe2\x4f\x0c\x5b\xd9\xfc\x60\xf8\x7f\x7a\
\x9e\x75\x8f\x89\x7c\x16\x7f\xb4\x16\xe2\x2c\x90\x1d\xed\xa3\x2f\
\x2a\xf0\xa4\x93\x1f\x9b\x1a\xf7\x93\x35\xd7\x47\x3a\xa2\xa6\xa8\
\xe3\x97\xb1\xa8\xf6\x52\x7e\xec\xbf\xc3\x3d\x9f\xa3\xb4\xbf\xba\
\x7e\x79\x2e\x1f\x9c\xe0\xeb\xe5\xf2\xf6\xd4\xd7\xf2\xaf\x7a\x3f\
\xe2\x86\xeb\xd7\x58\xf9\x9f\x39\xd8\xf8\x92\xff\x00\xc2\xfa\xa7\
\xdb\x34\xdb\xc9\xac\x6e\x76\xec\x67\x8c\xf1\x22\xf5\x28\xea\x72\
\xae\x87\x8c\xab\x02\xa7\xb8\x35\xbb\x17\xc7\xeb\x78\xa3\x3f\xda\
\x9e\x17\x4b\xc9\xfb\xc9\xa7\xea\x5f\x60\x46\xf7\x64\x78\xa6\x19\
\xf5\xd8\x55\x7d\x14\x57\x1f\x77\x7b\x0a\xde\xcb\x6b\x23\xac\x57\
\x50\xb1\x59\x61\x93\xe5\x92\x26\x1d\x99\x4f\x20\xfb\x1a\xcd\xd4\
\xae\x61\x8e\x55\x87\xcd\x8d\xa4\x91\x82\xa2\x03\xf3\x39\x3c\x00\
\x07\x52\x4f\xa0\xaf\x66\x49\x5a\xe8\xf3\x23\x85\x53\x7c\x95\x15\
\xcb\xbf\x11\x7e\x35\x6b\x1e\x32\xb4\x92\xca\xd5\x23\xd0\xf4\x99\
\x3e\x56\xb5\xb5\x72\x64\x9d\x7d\x25\x94\xfc\xcf\xee\x00\x54\x3f\
\xdd\xae\x17\x46\xf0\xb5\xef\x89\xf5\xfb\x1d\x1f\x47\xd3\x6f\xb5\
\x6d\x5f\x53\x99\x6d\xac\x74\xfb\x0b\x77\xb9\xba\xbc\x95\xbe\xec\
\x71\xc4\x80\xb3\xb1\xec\xaa\x09\xaf\x66\xbf\xfd\x99\x1f\xe1\x97\
\x87\xad\x7c\x47\xf1\x8b\x5a\x5f\x84\x7e\x1b\xbe\x88\xcf\x63\x69\
\xa8\x5a\x1b\x8f\x14\x6b\xe9\x86\xc7\xd8\x34\x9d\xcb\x33\x23\x32\
\x85\xfb\x45\xc1\x82\xd9\x77\x83\xe6\xb7\xdd\x3c\x27\x8c\xff\x00\
\xe0\xa0\x9a\xa7\x81\xb4\x6d\x4b\xc3\xbf\x01\x74\x5b\x8f\x83\xba\
\x06\xa3\x13\x5a\x5e\xf8\x84\x5d\x8b\xcf\x1c\x6b\xd0\x92\xa7\x17\
\x1a\x98\x55\x16\x68\xdb\x11\xbc\x8d\x3d\x20\x55\x3b\x83\x3c\xa0\
\xe4\xf8\x95\xf3\x45\x2b\xc3\x06\xbd\xa3\xef\x7f\x75\x7a\xcb\x5b\
\xbf\x28\xdd\xf7\xb6\xe7\xdc\x65\x1c\x3d\x24\x93\xac\xbd\x9c\x3d\
\x3d\xe7\xe8\xbf\x57\x65\xda\xe7\x51\xe3\xaf\x82\xff\x00\x0b\x7f\
\x62\x75\xfb\x47\xed\x09\xe2\x0b\x8d\x67\xc7\x11\x85\x92\x1f\x84\
\x7e\x0c\xbf\x8a\x5d\x61\x49\x05\x94\x6b\x1a\x8a\xef\x83\x4b\x43\
\x85\xdd\x12\x79\xb7\x25\x25\x0c\xaa\xa4\x1c\x78\x1f\xed\x23\xff\
\x00\x05\x09\xf1\xf7\xed\x1f\xe0\xaf\xf8\x41\xec\x6d\xf4\x6f\x85\
\xff\x00\x08\xe1\x7d\xd6\xfe\x01\xf0\x7c\x2d\x63\xa5\x4b\xd3\x12\
\x5e\xc8\x49\x9f\x50\x9c\xed\x52\xd2\x5c\xbb\x82\xeb\xb9\x52\x3c\
\x91\x5e\x4c\x3c\x1b\x0d\xad\xc4\x8c\xab\xcb\xb1\x66\x27\xab\x12\
\x72\x49\x3d\xc9\x3c\x93\x53\x5e\x78\x52\x5b\x6b\x75\x92\x1f\xdf\
\x2b\x28\x25\x47\xde\x5f\xc3\xbf\xe1\x5f\x2f\x8a\xc2\xe2\xab\x4b\
\x9e\xbc\xb9\xda\xf9\x25\xe9\x1f\xd5\xdd\xf9\x9f\xab\x65\xb4\xf0\
\x78\x68\x28\x51\xd3\xcd\xee\xfe\x7f\xf0\xc7\xd6\xbf\xf0\x4b\x0f\
\x01\x26\x97\xf0\xcb\xc5\x5e\x22\xf2\xc2\xb6\xad\xaa\x47\xa7\x44\
\x71\xff\x00\x2c\xed\xa2\xdf\xc7\xd5\xae\x48\xff\x00\x80\x7b\x57\
\xd5\xd6\x9c\x11\x5f\x00\x7e\xc7\x5f\xb6\x33\x7e\xcf\x56\x97\x9a\
\x0e\xad\x61\x36\xab\xe1\x7b\xdb\xa3\x76\x56\xd8\xa8\xbb\xd3\xa7\
\x2a\xaa\xec\x81\x88\x57\x56\x08\xb9\x42\x57\x05\x72\x08\xc9\x0d\
\xf5\xa6\x85\xfb\x6a\xfc\x27\xd4\xec\x3e\xd0\xde\x34\xb3\xb3\x5c\
\x65\xe2\xba\xb3\xba\x8a\x64\xf6\xdb\xe5\xe5\x8f\xfb\xbb\x87\xd6\
\xb1\x84\x64\xa2\xac\x99\xe5\xe6\x98\x6a\xb2\xab\x29\xda\xe9\xf6\
\x3d\xb3\xc3\xd9\x69\xd3\xea\x3f\x9d\x7e\x76\x7e\xd6\x61\x60\xfd\
\xad\x3e\x23\x47\x19\xf9\x7f\xb7\x26\x27\x1f\xdf\x21\x4b\x8f\xc1\
\xb3\xf8\xd7\xb3\xfc\x5f\xff\x00\x82\xa2\x69\xba\x2d\x94\x9a\x7f\
\xc3\x1b\x09\xb5\x4d\x52\x40\x54\x6b\xba\xa5\xaf\x95\x69\x6b\xfe\
\xdc\x36\xcf\xf3\xca\xc3\xa8\xf3\x82\x28\x20\x65\x24\x19\x15\xf2\
\x8c\x77\xb7\x1a\xae\xa3\x3d\xd5\xe5\xd5\xc5\xfe\xa1\xa8\x4e\xf7\
\x17\x37\x13\xb9\x92\x6b\xa9\xa4\x62\xef\x23\xb1\xe5\x99\x98\x96\
\x24\xf5\x24\xd7\xd0\x64\xf4\x67\x09\x3a\x93\xd1\x35\x63\xc9\xa3\
\x81\xab\x4e\xf3\x9a\xb7\x91\xa2\x1b\x3d\xe9\xea\x86\x55\x02\xac\
\xd9\xe8\xcd\xf7\xa4\xf9\x7f\xd9\xef\x56\x5a\x15\x89\x4a\x81\xb5\
\x71\xd6\xbd\xad\x1b\x38\x31\x39\x84\x29\xe9\x0d\x5f\xe0\x55\xdb\
\xb0\x0f\xa7\x5a\x63\x72\x2a\x49\x8e\x38\xf6\xa8\x1c\x10\x2b\x69\
\x49\x58\xf0\x20\x9b\x97\x30\x49\x26\x07\xb5\x57\x96\x4c\x7e\x75\
\x24\xb2\x6d\x15\x5e\x43\xf3\x7e\x95\x8a\xd4\xfa\x5c\x0f\xc2\x3e\
\x0b\xe9\x2c\x1f\xcc\x8d\x8a\xb6\x7f\x03\xf8\x56\xe6\x95\xe2\xc8\
\x2e\x18\x25\xc8\x10\x49\xfd\xef\xe0\x3f\xe1\x5c\xd3\x1f\xe5\x4d\
\x63\x93\xfe\x78\xae\x7a\xb8\x78\xcc\xfa\x7c\x16\x32\xad\x1f\x85\
\xe9\xd8\xf5\x1f\x0f\x6b\x37\x5e\x1f\xba\x5b\x8b\x19\xda\x19\x08\
\xea\xa7\x2b\x20\xf7\x1d\x08\xfa\xd7\xa4\xf8\x63\xe2\x65\xbe\xbe\
\x16\x2b\xc5\x5b\x3b\xa3\xc6\x73\xfb\xa9\x4f\xb1\xec\x7d\x8f\xe7\
\x5f\x37\xe9\x1e\x25\xbb\xd0\xe5\xfd\xcb\x6e\x8f\xbc\x6f\xca\x9f\
\xf0\xfc\x2b\xb8\xf0\xcf\x8c\xec\xf5\xdc\x46\x7f\xd1\xee\x1b\xfe\
\x59\x48\x7e\xf1\xff\x00\x64\xf7\xfe\x7e\xd5\xc6\xa8\xce\x9b\xd0\
\xfa\x4c\x36\x61\x0a\x9a\x3d\x1f\x66\x7b\xd3\xa7\xf0\xb5\x46\x2b\
\x84\xf0\xe7\x8c\x6e\xb4\x94\x58\x9b\x33\xdb\xaf\x02\x37\x3c\xa7\
\xfb\xa7\xfa\x74\xae\xb2\xcf\x5c\xb7\xd4\xa1\x0d\x1b\x7d\x55\xb8\
\x65\xfa\xd6\xd1\x9d\xfd\x4f\x41\x49\x32\xeb\x49\x8e\x94\xfb\x48\
\xa4\xbd\xb8\x8e\x18\x23\x92\x69\xa5\x38\x58\xe3\x52\xcc\xc7\xe9\
\x52\xc7\xa5\xf9\x01\x5e\xf9\x9a\xd5\x58\x02\x22\x03\x33\xc8\x0f\
\x4c\x2f\xf0\x83\xea\xd8\x18\x39\x01\xba\x55\x89\xb5\x76\x36\x8d\
\x6d\x6b\x1a\xd9\xd9\xc9\xc3\xa2\x1c\xc9\x30\xff\x00\xa6\x8f\xd5\
\xbe\x9c\x2f\x70\xa0\xd5\xf3\x13\x7b\x89\x70\xa9\xa7\x58\xb5\xba\
\xc8\x93\x5c\x4e\x41\x9d\xe3\x60\xc9\x1a\xaf\x22\x30\xdd\x1b\x2d\
\x86\x62\x38\xf9\x54\x02\x79\xa6\x26\xb1\x75\x1e\x98\xd6\x2b\x75\
\x70\xb6\x72\x31\x76\x81\x64\x2b\x1b\x93\xb7\x24\x8e\x87\x3b\x13\
\x3e\xbb\x17\xfb\xa3\x15\xcf\xc8\x3f\xa5\x00\x16\xa9\xdf\x72\x79\
\x7a\xa0\x5f\x9b\x1b\x7f\x4a\x97\x2a\x57\x9d\xad\x27\x62\x7e\xef\
\xff\x00\x5f\xf9\x54\x2f\x30\x5e\x07\x19\xea\x7b\x9a\x8f\xcf\xc7\
\x14\xee\x34\x87\xc8\xc7\x3c\xe7\x76\x79\xcd\x41\x24\x98\xcd\x3d\
\xa6\xdf\xd7\xb7\x7a\x82\x66\xda\x5a\xa4\x77\xb0\xc7\x7f\x5f\xca\
\x98\xf2\x67\xaf\xf2\xa6\xcd\x2e\xda\xad\x25\xc6\x46\xd5\xfd\x3a\
\xd5\x6a\x29\x55\x49\x6a\x4d\x24\xa1\x7d\x2a\xac\x93\xb4\x83\xe5\
\xfc\xfd\x2a\x64\xd3\x9d\xf0\xd2\x65\x47\xf7\x7b\x9a\x25\x45\x88\
\x6d\x00\x7e\x15\xd1\x47\x0d\x29\x6e\x7e\x75\xc4\x1e\x22\x61\x70\
\x6d\xd1\xc2\x5a\xa5\x4f\xfc\x95\x7a\xbe\xbe\x8b\xef\x45\x09\xd7\
\x1d\x5b\x2c\x6b\x3b\x50\xf9\x53\xf1\xad\x2b\xbc\x02\x7b\x1e\xd5\
\x8d\xa8\xc9\x9f\xce\xbd\x4a\x38\x68\xc4\xfc\x87\x30\xcf\xb1\x79\
\x8d\x4e\x7c\x54\xdc\xbb\x2e\x8b\xd1\x6d\xfa\xf7\x32\x35\x29\x30\
\x48\xf6\xac\x3b\xe9\x33\x5a\x9a\x81\xc9\x6f\xca\xb1\x6f\x18\x9c\
\xd6\xbc\x8b\xa1\xcb\x4e\xa3\x33\xee\x8e\x09\xac\x3f\x11\xf8\x7e\
\xcb\xc4\x50\xec\xbd\xb5\x86\xe7\x6f\x0a\x5d\x7e\x65\x1e\xcd\xd4\
\x7e\x06\xb6\x2e\x5b\x00\xd5\x1b\x83\xc7\xe7\x5c\x95\x29\x46\x71\
\xe5\x96\xa8\xf7\x30\x78\x89\xd3\x92\x94\x59\x9b\xf0\xd7\x5c\xd7\
\xbe\x03\x78\x8e\x1d\x53\xc1\xfa\xd6\xaf\xa5\x49\x6b\x32\xcf\x1c\
\x10\xdf\x4d\x04\x6b\x20\x20\x87\x53\x13\x23\xa3\x8c\x7d\xf8\xd9\
\x5c\x76\x60\x6b\xd8\x3c\x1f\xf1\xd3\xc3\xfe\x35\x9e\x43\xaa\xcb\
\x7f\xe1\xed\x5a\xea\x43\x24\xb2\xdf\xcc\xd7\xb6\xd7\x32\x31\xcb\
\x31\xb8\xc7\x98\x19\x89\x24\x99\x10\x8e\x79\x90\xf5\xaf\x24\x93\
\x92\x7b\xd4\x46\x15\x0d\x5e\x47\xd4\x94\x7f\x87\xa1\xfa\x96\x55\
\x9b\x57\xe5\xb3\x7c\xcb\xcf\xfc\xcf\xa4\x2f\xf4\x99\xec\xad\xe3\
\x9d\x82\xcb\x6b\x30\xcc\x57\x10\xb8\x96\x19\x47\xaa\xba\x92\xa4\
\x7d\x0d\x51\x96\x4c\xff\x00\x9e\xb5\xe3\xbe\x03\xf8\x89\xaa\x78\
\x1a\xe4\xff\x00\x67\xdf\x49\x6f\x1c\xa7\x32\xc2\x70\xf0\xcb\xfe\
\xf4\x6c\x0a\x9f\xae\x33\xef\x5e\xa3\xa2\x78\xfb\x47\xf1\x6a\x2a\
\xdd\x04\xd0\x6f\x9b\xfe\x5a\x20\x69\x2c\x65\x3e\xe0\x66\x48\x7e\
\xa3\x7a\xff\x00\xba\x39\xac\x6a\x53\x94\x75\x67\xd5\x51\xc4\xc2\
\xaa\xba\xd3\xd7\xfc\xcb\x6f\xc8\xcf\x4a\x8e\x43\x81\x56\x35\x1d\
\x32\x6d\x2d\xe3\xfb\x44\x7b\x56\x65\xdf\x14\x8a\xc2\x48\xa7\x5f\
\xef\x23\xa9\x2a\xe3\xdd\x49\x15\x4d\xe4\xe7\xbd\x66\xa4\x74\x0d\
\x77\xe4\xd4\x4c\xd8\x34\xe7\x6e\x7f\xfa\xdd\x2a\x36\x38\xab\x01\
\x33\x4d\x2f\xb8\xd0\x3e\x63\x44\x9d\x31\x55\x19\x6a\x4b\x95\x86\
\xbc\x9c\x7f\xf5\xfa\xd4\x2e\xf8\xff\x00\xf5\xd3\xe4\xe6\xa1\x6e\
\x79\xad\x14\x89\x72\xb8\xd6\x7c\x7f\xfa\xe9\x8c\xd8\x1f\xfd\x7a\
\x57\xe4\xf5\xfd\x2a\x36\x19\x3f\xfd\x6a\x62\x02\x77\x1f\xfe\xbd\
\x31\x8e\x5b\xff\x00\xaf\x4a\xe3\xe5\xff\x00\xeb\x53\x08\xf9\x0d\
\x02\x6e\xc3\x5c\xe1\xa8\x1c\x0e\x3b\xf5\xa0\x11\x8f\x4f\xeb\x47\
\x41\x4c\xc6\x4c\x6b\x36\xd1\x4d\x27\x27\xa6\x28\x66\xdc\x7d\xa8\
\xa0\x91\xae\x70\xb4\xc0\x38\xa7\xc9\xd3\xf1\xa6\xd0\x00\x4e\x2a\
\x36\x3b\x8d\x12\x36\xea\x6b\x7c\xa2\xa1\xb2\x64\xc0\xb6\xd3\x8c\
\x73\x4c\x2d\xb8\xe7\x8f\xce\x90\x8f\xf3\x8a\x36\xf1\xff\x00\xd6\
\xa6\xb4\xd4\x90\xc6\x7f\xfd\x74\x02\x28\x3c\x0f\x6a\x69\x25\xaa\
\x67\x2e\x86\x60\xcd\xb8\xd3\x5d\xb2\x71\x48\xcf\xbb\xa7\xe7\x49\
\x58\xb6\x00\xc7\x02\xa3\x27\xb9\xa1\x8e\xe6\xa8\xe4\x6d\xc2\xa4\
\x01\x9b\x27\xdb\xd2\xa3\x63\xb8\xfb\x53\x9d\xb8\xc7\xe9\x4d\x15\
\x99\x17\x0c\x62\x82\x70\x28\x27\x02\xa3\x27\x71\xa5\x71\x08\x49\
\x27\xfc\xf1\x43\x36\xd5\xcd\x29\x38\x15\x1b\x36\x4f\x06\x93\x90\
\x5c\x09\xdc\x7f\x0c\x71\x4d\x76\x05\x3a\xff\x00\xf5\xe8\x76\xda\
\x31\x51\xb3\x6c\xa9\x01\x49\xda\x29\x87\xe6\x6a\x09\xc9\xa4\x0c\
\x03\xd0\xf6\x01\x18\xed\x35\x1b\x9c\x71\x4e\x27\xbd\x42\xc7\x11\
\x9f\xa6\x6b\x19\x19\x9f\x73\x43\xf7\x29\xc4\x7f\x9c\x53\x62\x18\
\x5a\x24\x7c\x77\xaf\x67\x53\xf3\x38\xc7\xb0\x16\xc2\xff\x00\xf5\
\xa8\xc5\x37\x76\x7d\x28\x6e\x9e\xb5\x71\x34\x8c\x44\x77\xcb\x71\
\x4d\x3c\x52\x37\x07\xf0\xcd\x38\x0c\x55\x1a\x24\x03\x9a\x6b\xb6\
\xd1\xef\x4e\x2d\x81\x51\xb3\xf7\x34\x1a\x46\x23\x5c\xed\x1e\xe6\
\xa3\x62\x16\x9c\x4f\x53\x51\x34\x99\x34\x1a\xc5\x5f\x41\x0e\x4d\
\x36\x43\xc6\x39\xa7\x67\x03\xff\x00\xad\x4c\x3c\xb1\xa9\xf5\x36\
\x8e\x82\x36\x05\x35\x9b\x78\xe9\x41\x39\xa4\x63\x4d\x68\x6b\x14\
\x21\x6a\x6d\x03\x9a\x29\x9d\x11\x8f\x40\xea\x6a\x36\x3b\x8f\xb5\
\x39\xdb\x3c\x53\x33\x9a\x0d\x10\xb9\xc9\xa8\xd8\xee\xe9\x4e\x73\
\xd8\x7e\x34\xda\x0d\x03\xa0\xa4\x3c\xd3\x59\xb7\x1d\xbe\xf4\xe0\
\x36\x50\x34\x26\x42\x53\x1d\xf7\x1a\x1d\xb7\x35\x22\x8c\xd0\x68\
\x90\xaa\xb8\xa6\xbb\x76\xa1\xdb\x3d\x29\x28\x35\x8c\x43\x1c\x50\
\x7a\x50\x69\x8e\x7f\xbb\xf8\xd0\x6f\x18\x83\x36\x1b\xfc\x69\x00\
\xc5\x1b\x76\x8a\x28\x37\x8c\x40\x8c\xd3\x4a\xe0\xd3\xa9\xac\x68\
\x34\x88\x30\x0b\x49\x8c\xf6\xa4\x6e\x5b\xae\x68\xe4\x52\xb1\xa0\
\xd2\xb8\x6a\x70\xe0\xe2\x9a\x70\x3b\xd2\x33\xe3\xfa\x52\xe5\x2a\
\x36\x1f\x4d\x75\xc8\xfa\x51\x86\xdb\xef\x4a\x07\x14\xb9\x4a\x22\
\x6e\x2a\x5e\xf4\xb8\xa0\xd6\x7e\xcd\x1a\x44\x3a\x0a\x77\x96\x31\
\xd2\xa3\x2d\xf4\xa3\x3c\xd1\xec\xfb\x9b\x44\x71\xe3\x23\xf5\xa6\
\x83\x8a\x0b\x80\x28\x32\x71\x47\x2a\x34\xe6\x62\xee\xe2\x90\xc9\
\x8a\x69\x62\x4f\xa5\x19\xc0\xa3\x91\x07\x33\x1d\xe6\x8c\xd2\x96\
\xf9\x73\x8a\x61\x6c\x53\x4b\x8c\x77\xfc\x68\xe4\x41\xcc\x49\x1d\
\xd3\x5b\xe5\x94\xed\x6e\xfc\x64\x11\xe8\x47\x43\xf4\x34\xbe\x54\
\x37\xc7\xf7\x6c\x96\xb3\x7f\x71\xdb\x6c\x4f\xf4\x63\xf7\x4f\xb3\
\x71\xee\x3a\x54\x05\xcb\x54\x72\x75\x34\x9c\x5a\xd5\x0b\x96\xe4\
\x92\xc6\xf6\xd3\xb4\x72\xa4\x90\xca\xb8\xdc\x8e\x30\x47\x7e\x94\
\x84\xed\x14\xfb\x7d\x49\xe1\x85\x61\x91\x56\xea\xdd\x7e\xec\x6e\
\x79\x8f\xd7\x63\x75\x5f\xa0\xf9\x49\xea\x0d\x3f\xec\xf6\xf7\x43\
\xfd\x1e\xe4\x46\xcd\xff\x00\x2c\x6e\x88\x8d\x87\xd1\xfe\xe1\xfa\
\x9d\x9f\x4a\x23\x2b\xe8\xc7\xca\xd6\xc5\x49\x0e\x6a\x30\xd8\xff\
\x00\xf5\xd5\xeb\x8f\x0f\xdf\x44\x9e\x63\x59\xdc\x34\x7d\xa4\x58\
\xcb\xc6\x7e\x8c\x32\x0f\xe7\x50\xc3\xa1\x5d\xcf\x18\x90\xc3\xe4\
\x44\xdf\xf2\xd6\x6f\xdd\xa1\xfa\x13\xf7\xbe\x8b\x93\xed\x5a\x6c\
\x69\x19\x68\x56\x79\xf0\x3d\xbd\xea\x6b\x2d\x36\x6d\x4a\x2f\x30\
\x6d\x86\xdd\x4e\x0c\xf2\x9d\xb1\x83\xe8\x3a\x96\x3e\xca\x09\xf6\
\xab\x71\xd8\xda\xd8\xfc\xdf\xf1\xfd\x30\xfe\x27\x52\xb0\xaf\xd1\
\x7a\xb7\xd5\xb0\x3d\x54\xd3\x6e\xee\x1a\xee\x40\xd2\xc8\xce\xca\
\x36\x8f\x45\x1d\x80\x1d\x00\xf6\x1c\x0a\x61\x18\xb9\x3d\x45\x88\
\xdb\xe9\xaa\x3e\xcb\x19\x96\x61\xff\x00\x2f\x13\xa8\xc8\xff\x00\
\x71\x39\x0b\xf5\x3b\x8f\x71\xb7\xa5\x56\x96\x56\x9e\x46\x92\x46\
\x77\x76\x39\x66\x63\x96\x63\xee\x69\x5c\xe7\xbf\xe5\x51\xc8\xdd\
\xa9\x1d\x54\xe9\xa4\x86\x48\xf8\xe7\xf2\xa8\x5e\x4e\x30\x33\x4e\
\x95\xf3\xfc\xaa\xbb\xb6\x45\x44\x91\x52\x6d\x21\x63\x85\xae\xa6\
\xd8\xbd\xf9\x27\xd0\x56\xad\xa6\x96\xb6\xeb\xfd\xe6\xf5\x35\xa9\
\xf0\x5b\xe1\x96\xad\xf1\x77\xc4\x5a\xa6\x9b\xa0\xad\xbd\xf6\xb5\
\x67\xa7\x3e\xa1\x6d\xa4\x86\x3f\x6d\xd6\x52\x26\x06\x68\xed\x13\
\x1f\xbe\x9a\x38\xcb\x4a\x61\x5f\x9d\xa3\x8a\x52\xa1\x8a\x15\x34\
\xe3\xba\x8e\xe5\x03\x46\xc1\x97\xd6\xbb\x70\x8a\x9d\x4b\xf2\xbd\
\x56\xeb\xb5\xf6\xfe\xbd\x7b\x33\xf0\xbf\x11\x73\xec\xc2\x38\xaf\
\xa8\xa6\xe3\x4a\xcb\x6f\xb5\xde\xef\xcb\x6b\x7c\xde\xe8\x84\xa2\
\xa9\xe9\x51\x31\x15\x2c\xc4\x55\x79\x87\x3f\x8d\x77\x5a\xc7\xe5\
\x3c\xef\xa8\x92\xa6\xf5\x39\xf4\xac\x84\xfd\xb1\x3e\x2b\x7e\xc6\
\x9e\x22\xb3\xb9\xf8\x53\xe3\xad\x7b\xc1\x92\x5e\x79\x93\xde\x43\
\x6a\xe9\x35\x8d\xdb\xfc\xaa\xad\x25\xa4\xca\xf6\xf2\x38\x00\x8d\
\xed\x19\x60\x3a\x11\x5a\x45\xb0\x3d\x6b\x9f\xf1\xef\x82\xad\xfc\
\x6d\xa7\xf9\x72\x37\x93\x34\x7c\xc5\x28\x19\x31\x9f\xa7\x70\x7b\
\x8a\xc7\x11\x46\x15\xa9\xba\x55\x12\x94\x5e\xe9\xa4\xd3\xf9\x3d\
\x0f\x6b\x87\xf3\x05\x83\xc7\x43\x11\x26\xd2\x5d\x57\x4b\xab\x1e\
\xa8\xdf\xf0\x70\xf7\xed\x09\xaa\xe9\x8b\x69\xe2\xcf\x0e\xfc\x11\
\xf8\x88\xb1\xae\xd0\xfe\x25\xf0\x73\x4e\xe7\xdf\x10\xdc\x44\x9f\
\x92\xe3\xda\xb9\x2f\x19\x7f\xc1\x73\x7e\x3f\xeb\x9a\x65\xc5\x9f\
\x85\x61\xf8\x5d\xf0\x8d\x6e\x90\xc5\x2c\xde\x06\xf0\x7c\x16\x17\
\x25\x08\x21\x95\x65\x9d\xa7\x74\xc8\x3f\x79\x0a\xb0\xea\x08\x3c\
\xd7\xcc\xfe\x2c\xf0\x5d\xff\x00\x83\xaf\x3c\xbb\xeb\x76\x45\x63\
\xfb\xb9\x97\xe6\x8a\x5f\xa3\x7f\x43\x83\xed\x59\x1e\x48\x1d\x8d\
\x7c\xcf\xfa\xbf\x97\xc2\x56\xf6\x11\xf4\xb6\x9f\x76\xdf\x81\xfb\
\x2c\x73\x9a\xf5\x62\xa7\x0a\x97\x5d\xd7\xf9\xef\xf8\x8d\xf1\x06\
\xaf\xa9\x78\xdb\xc4\xb7\xfa\xe6\xbd\xaa\x6a\x9a\xf6\xb9\xaa\x49\
\xe7\x5e\xea\x7a\x9d\xdc\x97\x97\x97\xb2\x60\x0d\xf2\xcd\x21\x67\
\x91\xb0\x00\xcb\x12\x78\xaa\xdf\x66\x18\xab\x6c\xa0\x0a\xaf\x7c\
\xa6\x68\x76\xab\x15\x3e\xa0\xf4\xaf\x51\x47\x96\x36\x4b\x43\x08\
\xcd\xb9\x73\x49\x99\x77\x71\xe5\xc9\xa6\xdd\x4d\xe5\x58\xf7\x1f\
\x27\x6f\xa5\x76\x7f\x07\xb5\x1f\x87\x76\x33\xea\x56\xff\x00\x13\
\x3c\x37\xf1\x03\x5c\xb6\x9b\xca\x36\x17\x7e\x12\xf1\x25\xa6\x93\
\x71\x64\x54\xbf\x98\x24\x8e\xea\xca\xe5\x26\x0f\x94\xc1\x06\x32\
\x9b\x0f\xde\xdf\x94\xe6\xaf\x2d\x6d\x65\x17\x1f\x66\x8e\xe2\x3b\
\x5d\xef\xe4\x2d\xc3\xab\xcc\xb1\xe4\xed\x0e\xca\x02\x96\x0b\x8c\
\x95\x00\x13\x92\x00\x1c\x57\x3d\x2a\x97\xa9\x28\x38\xb5\xb6\xae\
\xd6\x7e\x9a\xfe\x76\x3d\x9a\xd2\x8c\x61\x16\xa4\x99\xf6\x47\x89\
\xbf\x67\xef\x08\xfc\x70\xf8\x5f\xe1\x76\xd7\x34\xd1\x1e\xa9\x1e\
\x83\x61\x1c\x7a\xa5\x96\x21\xbd\x8c\x2d\xac\x61\x41\x7c\x11\x22\
\x81\xc0\x59\x03\x00\x3a\x63\xad\x7c\xd9\xf1\x83\xf6\x37\xf1\x37\
\xc2\xbb\x7b\xad\x42\xdf\x6f\x88\xbc\x3f\x6b\x1b\x4d\x25\xed\xb4\
\x7b\x26\xb5\x8d\x41\x2c\xd3\x43\x92\x54\x28\x04\x96\x52\xca\x00\
\xc9\x2b\xd2\xbe\xc4\xf0\x41\xff\x00\x8a\x03\xc3\xbf\xdd\xfe\xc8\
\xb3\xc7\xb8\xf2\x12\xb3\xbe\x33\x9d\xbf\x04\x3c\x73\xfd\xdf\xf8\
\x46\xf5\x2f\xfd\x25\x92\xbe\x76\x35\xa7\x4a\xa7\xbb\xb5\xcf\x6e\
\x9d\x49\x25\x63\xf3\xe0\x5d\xc5\x08\xfd\xdf\xcd\xfe\xd5\x69\xf8\
\x3a\xef\x7f\x8a\x2d\x5a\x46\x3f\x29\x62\x49\xed\xf2\x30\xae\x6a\
\xd4\xed\x55\xdd\xfd\xda\xd7\xf0\xcb\x94\xd6\x61\x3f\xdd\xdd\xcf\
\xe0\x6b\xe9\x29\xb7\xce\xa2\xfb\x99\xe2\xa9\xa9\x52\x9a\x7d\x53\
\xfc\x8f\x46\x7b\x98\xf1\xf7\xc5\x55\x9a\xe5\x4e\x7e\x6e\xb5\x43\
\xed\x4c\x57\xef\x52\x34\x85\xab\xd8\x8d\x34\x7c\x4f\xf6\x5c\x49\
\xa4\x90\x66\xa2\x79\x32\x6a\x26\x62\x3d\x3f\x2a\x61\x7f\x52\x07\
\xb5\x57\x2a\x36\xa7\x96\xc5\x0e\x96\x4c\xd5\x67\xe4\xd3\xd8\xee\
\x6a\x8c\x9c\x02\x7a\x9a\xcf\x63\xd2\xa5\x45\x43\x44\x30\xb7\x3e\
\xd5\x19\x6c\x9f\xc6\x9c\xdc\x21\xfa\x54\x6d\xf2\x8a\x22\x77\x53\
\xd0\x0a\xf3\x9a\x6f\x0a\x38\xa6\xbc\x87\x1d\x73\xed\x51\xb4\xc4\
\x9a\x25\x4d\x33\xa9\x33\xac\xf0\xb7\xc4\xfb\xad\x18\x79\x77\x4a\
\xd7\x90\xa8\xc0\xe7\xf7\xab\xf8\x9e\xbf\x8f\xe7\x5e\xe9\xa1\xea\
\xb6\x31\x44\xb3\x68\x97\x02\xed\x37\x1f\x27\x56\x08\xf1\xb4\xfb\
\x58\x8d\xf0\xc7\x22\xab\x44\xa4\x8e\x0b\xaf\x9b\x80\x09\xf2\xc9\
\x28\x3e\x64\xd2\xed\x2e\xb5\xad\x62\xcf\x4f\xb0\xb5\xbb\xd4\x35\
\x2d\x42\x65\xb7\xb4\xb3\xb4\x85\xa7\xb8\xba\x95\xce\xd4\x8e\x38\
\xd0\x16\x77\x62\x40\x0a\xa0\x92\x48\x00\x57\xbf\xfc\x3c\xd2\x6e\
\x34\x0f\x07\x58\xd8\xdd\x3d\xac\x97\x56\xa6\x48\xe5\xfb\x35\xca\
\x5c\xc6\xad\xe6\xbe\x54\x49\x19\x28\xc5\x4f\xca\x76\x92\x01\x04\
\x64\xe2\xbc\xfa\xb4\xe3\x19\x1e\xb6\x06\xbc\xe6\xfd\x9c\xb6\x3a\
\xab\x3d\x52\x48\xa5\x6f\xb4\x16\x66\x66\xcb\x4b\xd7\x71\xf5\x3d\
\xf3\xf5\xad\x64\x98\x32\xfd\xee\x31\x58\xf6\xcf\xfa\x8f\xce\xaf\
\xda\xb0\x85\x70\x17\x83\xf9\x0a\xce\x32\xbb\xb1\xec\x47\x45\x66\
\x5d\x5c\x20\xcb\x7e\x5d\xcd\x47\x24\x9b\xcf\xf9\xe2\x9a\x1c\xb7\
\x73\x51\xb3\x16\xaa\x34\x07\x97\xbf\xf9\x35\x1b\xbe\x3f\xa5\x2b\
\xb6\x6a\x07\x62\x3d\xe8\x02\x46\x97\x02\xa3\x92\x6d\xcb\xef\xeb\
\xe9\x4d\x95\xff\x00\xcf\xad\x55\xbb\x2c\xd0\x3e\xd6\x55\x62\x0e\
\x09\xe8\x3e\xb4\x19\xd4\x76\x2d\x59\x58\x4d\xaa\xb9\xf2\xd7\x09\
\x9c\x17\x6e\x14\x56\xa5\xbe\x89\x1d\x88\xf9\x7e\x77\xee\xc4\x7f\
\x2a\xee\xe6\xf8\x4d\x75\xa9\x78\x19\xbc\x41\xe0\xff\x00\x3b\xc4\
\xba\x1e\x9f\x0b\xcf\xaa\x69\x71\xc7\x9d\x7b\xc2\xa8\xa7\xe6\x6b\
\xbb\x75\x1f\xe9\x16\xc3\xaf\xdb\x6d\x81\x8f\x00\x99\x52\xd9\x8e\
\xca\xe2\xa3\xd5\x20\xd4\x2d\xd6\x48\x65\x49\x23\x70\x19\x59\x0e\
\x43\x0f\x5a\xf5\x28\x50\x85\xda\x4f\x54\xec\xd7\x54\xfc\xd6\xfe\
\x9d\xd6\xab\x43\xf9\xb7\x89\xb8\xd3\x30\xc7\x4b\x92\x3f\xbb\xa3\
\x2d\xac\xfe\x25\xe7\x25\xbf\x9a\x5a\x2d\x9e\xa8\xa7\x72\xbb\x6b\
\x36\xee\xb4\xae\x9c\x12\x79\xac\x9b\xd6\xfb\xde\x99\xc5\x7a\x11\
\x49\x1f\x13\x73\x36\xf0\xee\xf9\x7f\x5a\xc7\xbf\x63\x8f\xd2\xb5\
\xae\xb8\x35\x91\x7b\xca\x63\xde\xa8\xda\x8c\xb5\x30\xf5\x02\x72\
\x7e\xbd\x2b\x1a\xf8\xf2\xdf\xe7\x35\xb7\xa8\x2f\xde\xfa\x8a\xc3\
\xbf\xef\xfe\x7b\x52\x7e\x67\xab\x4f\x5d\x8c\xcb\x93\x8a\xce\xb8\
\x7c\x2f\xbe\x2a\xfd\xd9\xfe\x55\x99\x70\xdc\x57\x3c\x8f\x5b\x0f\
\x16\x45\x8e\x0f\xd6\xa3\x95\x80\xa5\x67\xff\x00\xeb\xd4\x13\xcb\
\x8a\xe6\x5a\x9f\xa1\xe5\x32\xb4\x52\x63\x64\x97\x6d\x5e\xd0\xfc\
\x51\xf6\x09\x15\x64\x2c\x62\x27\xaf\x75\xac\x79\x66\xa7\x68\x3a\
\x45\xf7\x8a\x75\x36\xb3\xd3\x6d\x9e\xf2\xe2\x38\xda\x79\x40\x65\
\x48\xed\xe2\x5c\x06\x9a\x59\x18\x84\x8a\x25\xc8\xdd\x24\x8c\xa8\
\xb9\xcb\x30\x1c\xd7\x3d\x6b\x5a\xec\xfa\xaa\x33\xda\xc7\xb0\x78\
\x3b\xc6\xb7\x9a\x1d\xa6\xdb\x59\x92\x6b\x3b\x82\x1e\x5b\x69\x94\
\x4b\x6f\x3f\x6c\x94\x3c\x06\xc7\x01\x97\x0e\x3b\x11\x5d\x55\xb5\
\xce\x9d\xe2\x55\xcd\xac\x91\xe9\x37\x9d\xed\x6e\xa5\xff\x00\x47\
\x73\xff\x00\x4c\xe6\x6f\xbb\xfe\xec\xb8\x00\x7f\xcb\x46\x27\x15\
\xe5\xde\x07\xb6\xb7\xb1\xb7\x92\x18\x75\x05\xd4\xa4\x8c\xfe\xf2\
\x48\x54\x8b\x54\x3f\xdd\x8c\xb0\x0c\xf8\xee\xf8\x55\xce\x76\x86\
\x5c\x3b\x75\x30\x7f\x9f\xce\xbc\x97\x15\x7b\xc4\xf5\x21\x36\xe3\
\x73\xa0\xbd\xb3\x9b\x4c\xbc\x6b\x7b\xa8\x25\xb6\xb8\x8f\x05\xa3\
\x95\x0a\xb0\xcf\x43\x83\xd8\xf5\x07\xa1\x15\x5d\x9b\x27\x1d\x79\
\xa7\x69\x9e\x21\x9a\x1b\x18\xec\xe7\x55\xbc\xb2\x5c\xec\x86\x53\
\xfe\xa3\x3c\x93\x1b\x75\x4f\x5c\x0f\x94\x9e\xa1\xa8\xbd\xb7\x5f\
\x29\xa7\xb5\x66\x9a\x15\xe5\xd5\xc7\xef\x20\xcf\xf7\xb1\xc3\x0c\
\xf1\xb8\x7e\x21\x72\x05\x0a\xe5\x73\x34\x44\x58\x6d\xf9\x69\x8e\
\xdb\x7f\xde\xa6\x89\x49\x1d\xa8\x27\x26\xb4\x2b\x9a\xe3\x5c\xe0\
\x7d\x6a\x39\x3b\x0a\x7b\x9c\xb5\x47\x21\xe7\xe9\x40\x73\x22\x37\
\x7f\x4a\x61\x38\xf5\xfc\xe9\xc7\xad\x47\x23\x73\x57\x16\xef\x60\
\xe6\x03\xf8\x9a\x88\xb6\xee\x6a\x4c\x64\x53\x5f\xad\x6a\x67\xcc\
\x26\x70\xb5\x1b\x1d\xe6\x9d\x29\xf9\x69\xb4\x12\x14\x50\x4e\x05\
\x31\xdf\xd1\xa9\x00\x8d\xcb\xf2\x29\xac\xd8\x1f\xa5\x19\xcb\x53\
\x64\x6e\x7b\x52\x97\x62\x79\x84\x03\x9a\x63\x9c\xb7\xb5\x3b\x77\
\x1d\xa9\xac\x39\xe9\xcd\x35\x1b\x6e\x48\xde\x9f\xfe\xba\x5e\xf4\
\x2f\x5a\x47\x6c\xf1\x59\xca\x5a\x90\xdd\xc6\x93\xb8\xd4\x6c\xdb\
\x8f\xb5\x2b\xb6\xe1\x81\x4c\x77\x2a\x78\x5a\xca\x4c\x42\xee\x18\
\xa6\x13\xb8\x9f\x7a\x0b\x6e\x1e\x94\xd7\x6c\x8c\x54\x80\x33\x6d\
\x3c\x53\x33\x85\xe7\xf1\xa4\x3f\x2f\x73\x4d\xeb\x53\x22\x79\x84\
\x53\x9a\x52\x71\x4d\x77\xc5\x37\xa9\xe6\xa4\x91\x59\xb7\x74\xa4\
\x27\x14\x13\x81\x4c\x67\xdc\x2b\x30\x11\x9b\x71\xa6\xb3\x6d\x14\
\xac\xfb\x69\x9d\x4f\x34\x00\x31\xee\x6a\x3e\xa3\xad\x04\x96\xff\
\x00\x0a\x6b\xb6\x7a\x1a\x00\x19\xf9\xa6\x83\x93\x9f\x5a\x4c\xf3\
\x48\xc7\x6a\x54\xc8\x52\x63\x58\xee\x6f\xa5\x36\x46\xf9\x7e\xb4\
\x3b\x11\x51\xb3\x7c\xbf\x85\x62\x41\xf7\x42\x36\x05\x1f\x9f\xe7\
\x48\x87\x22\x91\x9b\x77\x4f\xe5\x5e\xd4\x5d\xcf\xce\x54\x47\x75\
\xef\xfa\xd2\x17\x3d\x29\x08\xf6\xa4\x27\x68\xaa\x45\x28\x81\x3b\
\x45\x21\x7c\x0f\x5a\x69\x39\x34\xdc\xe2\xaa\xfd\x8d\x62\x87\x54\
\x6c\xfb\xa8\x66\xdd\xf4\xa8\xdd\xb7\x7d\x2a\x8b\x06\x7d\xc7\x14\
\xd3\xf8\xd0\xde\xbc\x53\x58\x6e\xa8\xdf\x73\x58\xa0\x07\x75\x35\
\x9f\x9a\x18\xe0\x53\x7b\xd3\x8f\x73\x58\x88\x4e\xd1\x51\xbe\x5e\
\x94\xb6\x05\x1d\x05\x51\xd1\x18\xd8\x41\x90\xb8\xa6\x33\x6e\xa7\
\x48\x78\xa6\xd0\x6c\x25\x21\x7d\xbc\x53\x81\xe2\xa3\xce\xe3\x9f\
\x5a\x0b\x40\x38\xa6\xb9\x23\xa5\x38\x9c\x52\x01\xb4\x50\x52\x43\
\x36\xfc\xbb\xbb\xd2\x3b\x64\xd0\x5b\xe6\x34\x98\xdf\x41\xa2\x42\
\x14\x2d\xdf\x8f\x5a\x40\xc4\xa5\x39\xdf\x1d\x29\x9d\xb1\x41\xaa\
\x88\xb4\x66\x9a\xef\x8c\x62\x80\x72\x29\xa4\x6b\x14\x2d\x21\x6d\
\xbf\x5a\x6b\x36\xef\xc3\xf5\xa6\xe7\x2d\x4c\xe8\x84\x7a\x8e\x27\
\x26\x82\xd8\xa0\xf4\xa8\xf7\x13\xe9\xf9\x54\x9a\x12\x67\x14\xd6\
\x38\x5f\xc6\x9a\x8d\x86\xa0\x9c\xfd\x29\xd8\xb8\xa0\xa2\x9a\xcd\
\xb4\xd2\x19\x38\xa7\xca\xca\x10\x8c\x9a\x72\x1e\x69\xa0\x62\x95\
\x39\x3f\xad\x3e\x51\xa1\xe0\xe6\x8a\x46\x6d\xa2\x90\x36\xe6\xa5\
\xca\x6a\x95\xc7\x66\x91\x9b\x68\xa5\xe9\x4c\x93\xa6\x79\xa9\xe5\
\x28\x42\xfc\xf7\xa4\x67\xdc\x3b\xd2\xf7\xa0\xf4\xa9\xe5\x2e\x22\
\x03\xfe\x4d\x2e\x6a\x31\xf2\xff\x00\x8d\x07\x93\x47\x2a\x35\x1c\
\xef\x8a\x69\x25\x85\x1d\x2a\x32\xfe\x9d\x68\xe5\x1d\x87\x83\x48\
\xcf\x86\xa6\xae\xef\xbb\x4e\xd9\x9e\xb4\x72\xa2\x94\x46\x9e\x4d\
\x20\xa5\x65\xda\x68\x2b\x47\x29\x7c\xa2\x85\xcf\xd6\x90\x8c\x75\
\xa6\xe3\x9e\xd4\x63\xe9\x59\xdb\xa9\x5c\xa6\x97\x84\xa5\xd1\x74\
\xed\x4e\x49\xb5\xab\x5d\x7a\xee\xdd\x62\xcc\x50\xe9\x3a\x84\x56\
\x13\x4b\x2e\xf5\xe1\xe6\x92\x19\x82\xa6\xcd\xfc\x88\xd8\xee\xdb\
\xdb\x35\x57\xcc\x69\xa5\x69\x1c\xc8\xcc\xc7\xab\xbe\xf6\xc7\xa1\
\x27\xaf\xd6\xab\xe3\xe9\x4f\xdd\x8f\xfe\xb5\x11\x8e\xad\x9a\x46\
\x3d\x09\x8b\x71\xf4\xa8\xa5\x7c\xd3\x59\xb3\xda\x80\x31\x4c\xd2\
\x31\xb3\x11\x8e\xd1\x51\x39\xc7\x3d\xe9\xd2\x36\x73\x50\xb1\xdc\
\x7b\x53\x46\xd1\x1b\x27\x07\xe8\x2a\x07\x19\x5a\x9d\x85\x47\xb0\
\xd6\x33\xdc\xa9\x46\xe8\x93\xc2\xf7\xeb\xa7\xf8\xaa\xd4\xad\xc4\
\xb6\x97\x89\xfe\x91\x63\x3c\x32\xb4\x33\x43\x34\x4e\x8e\xaf\x1b\
\xa9\x0c\xb2\x29\x01\xd4\xa9\x0c\x0a\xe4\x63\x19\xaf\x76\xd4\x3e\
\x20\x78\x4f\xe3\xe9\xdb\xf1\x2a\x3b\x8f\x0f\xf8\xaa\x53\xc7\x8f\
\x74\x4b\x11\x33\x5e\x31\x61\xf3\x6a\xda\x7a\x6d\x17\x27\x05\xb3\
\x73\x6d\xb2\x73\xf2\xef\x49\xc8\x24\xfc\xf3\xad\xe8\x50\xeb\x96\
\x86\x19\x5a\x68\xca\xb0\x92\x39\x61\x7d\x92\xc0\xe3\xa3\xa3\x76\
\x61\xf9\x1c\x90\x41\x04\x83\x46\xd7\xe2\xa6\xa9\xf0\xf0\x79\x7e\
\x28\x87\xed\x9a\x62\x70\xba\xd5\xac\x5f\x22\xaf\xfd\x3c\xc4\x39\
\x88\xfa\xba\xe6\x33\xd7\xe4\xfb\xa3\xa2\x8c\xa9\xd4\x8a\x84\xdb\
\x8c\x96\xd2\x5a\x35\x7f\x3f\xcd\x34\xe2\xf4\xba\x67\xe3\xbc\x75\
\xc3\xb9\x92\xc4\xcf\x31\xc1\xc5\x55\xa7\x24\xb9\xe0\xd5\xf6\x56\
\xbd\xb7\xdb\xac\x5a\x92\xd6\xce\xc7\xac\x7c\x55\xf8\x1f\xe2\x4f\
\x83\xda\x6d\xa6\xad\xa8\x47\x61\xac\x78\x57\x54\x93\xca\xd3\xbc\
\x4f\xa2\x5c\x8b\xfd\x17\x50\x7e\x7e\x45\x9d\x40\xf2\xe5\xe0\xe6\
\x09\x96\x39\x97\x07\x31\x8a\xe2\xcc\xdb\xc7\x1c\xf3\x5e\x83\xf0\
\x5b\xe3\x86\xab\xf0\xf2\x7b\x8d\x4b\xc2\x5a\xb5\xbf\xd8\xf5\xa8\
\x84\x7a\x8d\x8c\xd1\x47\x7d\xa5\x6b\x70\x10\x7f\x77\x75\x6d\x20\
\x68\x67\x4c\x12\x06\xe5\x25\x72\x4a\x95\x3c\xd7\x49\xab\xfc\x3a\
\xf8\x79\xf1\xce\x4f\x3b\xc3\xb3\x59\xfc\x23\xf1\x6c\x98\xdd\xa5\
\xea\x37\x32\x4d\xe1\x4d\x46\x4f\x94\x1f\x22\xe9\xb7\xcf\xa7\xb3\
\x1d\xc7\x65\xc7\x9b\x00\xe0\x79\xd1\x2f\x4e\xf7\x5a\xb5\x2f\xf7\
\x85\xcd\x1f\xe6\x8a\xff\x00\xd2\xa3\xab\x5e\xb1\xba\xdd\xb5\x14\
\x7e\x55\xf5\x2c\x3e\x25\x5f\x0a\xf9\x67\xfc\x92\x7f\xfa\x4c\xb4\
\x4f\xd2\x56\x7d\x17\x33\x3c\x56\x42\x36\xff\x00\x2a\x86\x56\xe3\
\xf4\x15\xaf\xf1\x2b\xe1\xff\x00\x88\xbe\x0c\xf8\xb7\xfb\x0b\xc5\
\x9a\x2d\xf7\x87\xf5\x6f\x28\x4d\x1c\x37\x0a\x0c\x77\x50\x9e\x93\
\x41\x2a\x93\x1c\xf0\xb7\xf0\xcb\x13\x3a\x37\x66\x35\x86\xf3\x6e\
\xfe\x95\xd3\x1e\x59\xc5\x4e\x9b\x4e\x2f\xaa\xd5\x33\xcf\xa9\x87\
\x9d\x29\xb8\x54\x4d\x35\xd1\xe8\xd7\xaa\x2b\xea\x56\xd1\x5f\xda\
\x49\x6f\x71\x1a\x4d\x0c\x83\x0d\x1b\xa8\x65\x6f\xa8\x35\xe7\x7e\
\x2a\xf8\x2b\x0c\x9b\xa6\xd2\xe6\xf2\x1b\xaf\x91\x2e\x59\x0f\xd1\
\xba\x8f\xc7\x3f\x85\x7a\x3b\x8e\xf5\x04\xbf\x31\xa8\x95\x25\x2d\
\xce\xfc\x06\x61\x88\xc3\x4a\xf4\xa5\x6f\x2e\x9f\x71\xf3\xfe\xb7\
\xe1\xdb\xdd\x02\x6f\x2e\xee\xde\x48\x4e\x78\x24\x7c\xa7\xe8\x7a\
\x1a\xc9\x90\x60\xf5\xaf\xa3\x2e\x2c\xe3\x9d\x19\x64\x45\x65\x6e\
\x0a\xb0\xc8\x3f\x85\x63\xcf\xe0\xad\x22\x46\xcb\xe9\x7a\x73\x7a\
\xe6\xdd\x3f\xc2\xb9\xe5\x87\xec\x7d\x86\x1f\x89\xe2\xd7\xef\x61\
\xaf\x97\xfc\x1f\xf8\x27\x84\x9d\xa0\xd2\x33\xa8\x1d\xab\xdb\xe7\
\xf0\x36\x86\xbf\xf3\x07\xd3\x3f\xf0\x19\x7f\xc2\xaa\x5c\x78\x3f\
\x45\x42\x76\xe9\x3a\x68\xff\x00\xb7\x64\xff\x00\x0a\x8f\xaa\xbd\
\xce\xef\xf5\x9a\x83\x5f\x04\xbf\x03\x82\xf8\x6d\xfb\x41\x78\xa3\
\xe0\xeb\xac\x7a\x6d\xe2\xde\x69\x6a\x7e\x6d\x2e\xf4\x99\x2d\xfa\
\xf3\xe5\xf3\xba\x23\xd4\xe5\x08\x19\xe4\xab\x74\xaf\x70\xbd\xfd\
\xaa\x3c\x2f\xf1\x83\xe0\x3f\x8e\xad\x63\x9c\x68\xba\xf7\xfc\x23\
\x7a\x86\x74\xbb\xe9\x55\x5e\x53\xf6\x69\x33\xe4\xc9\xc2\xcd\xf4\
\x18\x7e\x32\x50\x0a\xe0\x27\xf0\xbe\x96\xbd\x34\xbd\x3b\xff\x00\
\x01\xd3\xfc\x2a\xa5\xc7\x86\xf4\xbe\x9f\xd9\x9a\x6f\xa8\xcd\xaa\
\x71\xfa\x57\x9d\x88\xc9\x95\x49\x73\x27\x66\x7a\x18\x5e\x30\x8d\
\x3f\x75\xc5\xb5\xe6\xcf\x07\xd2\xf4\x96\xba\x55\xe4\x2a\xfa\xd7\
\x45\xa6\x69\xb1\xd9\xaf\xca\x3e\x6e\xec\x7a\xd7\xa8\x49\xa4\x58\
\xa0\xf9\x6c\x6c\xc7\xb0\x81\x07\xf4\xaa\xb2\xe9\x96\x7f\xc3\x67\
\x6a\x3f\xed\x92\x8f\xe9\x5e\x8d\x3c\x35\x9d\xd9\xdd\x53\x8c\x69\
\xd5\x56\xe4\x76\xf5\x47\x12\x8f\xc7\xd3\xde\x9d\xbb\xf0\xae\xa2\
\x7b\x2b\x50\x7e\x5b\x78\x57\xe8\x82\xaa\xcf\x6d\x08\x07\x11\xc7\
\xc7\xa2\xd7\x45\xac\x63\x1e\x20\xa0\xfe\xcb\xfc\x0e\x7d\xb2\xc7\
\xf9\x53\x0c\x44\x73\x9f\xd2\xb6\x65\x86\x3f\xee\xaf\xe5\x55\xe6\
\x45\xdb\xf7\x69\x73\x23\xbe\x8e\x6f\x42\x7a\x24\xcc\xb6\x4e\x30\
\x4d\x46\xff\x00\x2a\xb0\xab\x97\x4b\x80\x6a\x8c\xf2\x73\xfa\x8a\
\x52\x3b\xe3\x59\x4b\x62\x39\x5b\x9f\xa5\x43\x2c\xb9\x06\x89\x64\
\xe2\xb5\x7c\x19\xf0\xe7\x56\xf8\x89\x69\x7d\x7b\x63\x1d\xad\xa6\
\x87\xa4\x32\xa6\xa7\xae\x6a\x33\x8b\x5d\x2b\x4a\x2c\x09\x55\x96\
\x76\xe3\xcd\x65\x0c\x52\x08\xc3\xcf\x2e\xd2\x22\x8e\x46\xf9\x6b\
\x39\x54\x8d\x35\xcd\x37\x64\x75\x52\xbc\x9d\x91\x81\x71\x70\xb1\
\x2e\xe6\x60\xa0\x73\xd7\xa5\x75\x1a\x37\xc2\xc9\xa3\xd0\xec\xb5\
\xcf\x15\x6a\x49\xe0\xbf\x0e\x6a\x31\x0b\x8b\x29\xee\xad\x9a\xe3\
\x53\xd6\xa1\x39\xc3\xe9\xf6\x21\x95\xee\x11\xb0\xc1\x67\x91\xa1\
\xb4\x2c\x85\x0d\xca\xb7\x15\x61\x3c\x79\xe1\xdf\x86\x92\xed\xf0\
\x7d\x8c\x5e\x27\xd7\xa3\xe0\xf8\x9f\x5e\xb0\x56\xb5\xb6\x6e\xe7\
\x4f\xd3\x64\x0c\x80\x75\xdb\x71\x7a\x24\x90\x82\x8e\xb6\xf6\x72\
\xad\x72\xb7\xf7\x17\xde\x29\xd7\xaf\x35\x7d\x63\x50\xbf\xd5\xf5\
\x8d\x4e\x63\x71\x7b\x7f\x7f\x72\xf7\x37\x77\x92\x9e\xb2\x4b\x2b\
\x92\xee\xe7\xbb\x31\x24\xd7\x3f\xb4\xab\x57\xe0\xf7\x57\x77\xbb\
\xf4\x5d\x3e\x7a\xff\x00\x77\xa9\xd9\x18\x28\xef\xab\x3a\x7b\x9f\
\x89\xb0\xe9\x3a\x75\xd6\x93\xe0\x9d\x3e\xe3\xc3\x3a\x55\xf4\x0d\
\x6b\x7d\x7d\x35\xc0\xb8\xd7\x35\xa8\x98\x15\x74\x9e\xe5\x55\x44\
\x30\x38\x2c\x0d\xad\xb2\xc7\x1b\x21\x0b\x33\x5c\x94\x12\x1f\x4d\
\xf8\x2b\x0f\x93\xf0\xdb\x4d\x50\x36\xaa\x99\x70\x3d\xbc\xd7\xaf\
\x39\xf0\x5f\xc2\x8b\x9d\x61\x96\x6b\xcd\xd6\x36\x79\xce\x31\xfb\
\xe9\x07\xb0\x3d\x3e\xa7\xf2\x35\xeb\xfa\x35\xa4\x3a\x3e\x9f\x0d\
\xad\xac\x6b\x15\xbc\x0b\xb5\x10\x1c\xe3\x9f\xd7\xae\x6b\x9a\xa2\
\xa7\x05\xc9\x0d\xfa\xff\x00\xc1\x7d\x4f\x63\x2f\xc3\xcd\x4d\xd5\
\x9e\x8a\xd6\x5f\x81\xb5\x14\x95\x6a\xda\xe7\x6b\x0c\xfd\xdf\x41\
\x59\x91\x3e\x49\xab\xd6\xeb\xb4\x8a\x88\xa3\xd7\x46\x93\x2e\xd5\
\xdc\x0e\xe5\x3d\x0d\x04\xe0\x53\x6d\xa5\xf2\xf3\xfc\x4a\x7a\x8f\
\xf0\xa7\x38\xcb\x1f\xee\x9e\x95\xb6\x96\x2b\xc8\x89\x8e\x13\xf0\
\xa8\xa4\xea\x2a\x56\x19\x18\xa8\xa4\xe9\x52\x32\x37\x19\x15\x1c\
\x8b\x95\xa7\xbf\x26\x90\x0c\xb0\xac\x65\x73\x39\x6a\x58\xf0\xb7\
\xc4\x4d\x6b\xe1\xc6\xb1\x67\x7d\x63\x35\xe1\x6d\x36\x45\x96\xd2\
\xe6\xce\x73\x6f\xa8\x69\xec\xbf\x75\xe1\x90\x11\x9c\x76\x05\x95\
\x87\x66\x38\x09\x5e\x95\xff\x00\x09\x77\x83\xff\x00\x68\x48\x24\
\xbc\xd6\x8f\xf6\x3f\x88\x24\x90\x87\xf1\x36\x89\x68\xaa\xd3\xcb\
\xd4\x8d\x47\x4f\xcc\x69\x2b\x9c\xe5\xa5\x8f\xc8\xb8\xcb\x17\x90\
\xdc\x1c\x29\xf2\xc9\x21\xdc\x39\xaa\x17\x3a\x46\x2f\x05\xdd\xbc\
\xd3\x59\x5f\x28\xda\xb7\x36\xec\x16\x4d\xa3\xf8\x58\x10\x55\xd7\
\xaf\xca\xe1\x97\xbe\x01\xe6\xba\xa9\xe3\x1b\xb7\xb6\xd6\xdb\x35\
\xa4\x97\xa3\xea\xbc\x9d\xd3\xea\x7e\x6f\x9e\x78\x7d\x87\xae\xe5\
\x5f\x2f\x6a\x9c\xa5\xab\x8b\x57\xa7\x27\xe7\x1f\xb2\xff\x00\xbd\
\x1b\x35\xeb\xa9\xd9\x7c\x48\xf8\x6b\xe2\x0f\x85\x36\x70\xde\xea\
\x91\xd9\xdf\xe8\x37\x52\x08\x6d\x75\xed\x2e\x53\x71\xa6\x5c\xb9\
\xce\x13\x79\x55\x78\x64\x38\x27\xc9\x9d\x22\x97\x03\x3b\x31\xcd\
\x72\x73\x5d\xac\xa3\x2a\x77\x57\x49\xf0\xf3\xf6\x8b\xd6\xbe\x18\
\xdc\xcc\xb7\xed\x14\x36\x77\x71\x18\x2e\xa7\x8e\x2f\x3b\x4f\xbd\
\x84\xf5\x8e\xea\xdd\xf7\x00\x87\xb8\x71\x24\x58\x19\x66\x5e\x05\
\x74\x7a\xc7\xc3\x1f\x08\x7c\x55\x81\x6e\xfc\x33\x79\x6b\xe0\xad\
\x66\xe1\x44\x8b\x67\x34\x8f\x36\x87\x7d\x9e\x73\x14\x83\x74\x96\
\xd9\xea\x07\xef\x22\xe8\x00\x8d\x6b\xd5\xa3\x88\x53\x5b\xa9\x2e\
\xfd\x7e\x6b\xf5\x5a\x79\x23\xf1\xec\xd7\x20\xc4\x60\xaa\xfb\x3a\
\xf0\x70\x7d\x9e\xa9\xff\x00\x86\x5b\x35\xe4\xf5\x5d\x4f\x28\xbc\
\x61\x86\xac\x9b\xc6\x23\x9f\x7e\x05\x6b\x78\xe3\xc3\x9a\xcf\xc3\
\x7d\x78\x69\x7e\x22\xd3\x6e\xb4\x9b\xe7\x4f\x32\x25\x9b\x0d\x1d\
\xca\x74\xf3\x22\x91\x49\x49\x53\xfd\xb8\xd9\x97\xb6\x73\x58\x93\
\xdc\x87\x0c\x6b\xb5\x59\xab\xa3\xcc\x8d\x09\x45\xea\x66\x5f\xfc\
\xd9\xf7\xc5\x61\xea\x1e\xfe\xb5\xb9\x7b\xc8\x38\xf4\x35\x8b\xa8\
\x0f\xbd\xee\x73\xf9\x54\x4b\x63\xd0\xa2\x8c\x6b\xc6\xda\xc3\xe9\
\x59\x57\x2d\x81\xf8\x56\x9e\xa0\x7e\xf7\xb7\x15\x8f\xa8\x4c\xb1\
\x29\x66\x6d\xaa\x07\x53\xda\xb9\x27\x23\xd9\xa1\x16\x41\x24\xb8\
\xaa\xd2\x3b\x5c\xdc\x43\x04\x49\x24\xd7\x17\x12\x2c\x31\x45\x1a\
\x96\x92\x67\x62\x02\xa2\xa8\xe5\x98\x92\x00\x03\x92\x48\xad\x9b\
\x8f\x0a\x2e\x8d\x65\x0d\xef\x89\x35\x0f\xf8\x46\xec\xee\xa2\x59\
\xed\xe1\x68\x3e\xd1\xaa\x5f\x46\xc3\x2a\xf0\x5a\x6e\x43\xb1\x81\
\xc8\x96\x67\x86\x16\x01\xb6\xc8\xec\x02\x1a\x0f\xf1\x2e\x68\x22\
\x9a\xd7\xc2\xf6\x2d\xe1\x7b\x3b\x88\xde\x19\xee\x96\xe7\xed\x1a\
\xbd\xec\x6c\x30\xc9\x2d\xde\xd4\x28\x84\x16\x53\x1d\xba\x42\x8e\
\x87\x6c\x8b\x29\x1b\x8f\x97\x3c\x55\xbe\x0d\x7f\x2f\xeb\xd3\xe7\
\x63\xf4\x4c\xa7\x01\x5a\x71\x52\x6a\xc8\xb7\x7f\xe1\x7d\x37\xc1\
\x72\xb2\xf8\xaa\xea\xeb\xfb\x41\x4e\x3f\xe1\x1d\xd2\x65\x8c\xea\
\x0a\x7b\x8b\xab\x86\x57\x86\xc4\x8f\x98\x14\x64\x9a\xe1\x19\x76\
\xbd\xbc\x60\x87\x0d\x9f\x52\xd5\x3c\x6d\x63\x1e\x9e\x61\xb3\xd1\
\x3c\x3f\x1c\xa2\x78\xf4\x7d\x35\x5e\x3b\x5f\x30\x67\x12\x4a\x5d\
\x9a\x5b\x89\x46\x5b\x12\x4e\xf2\x32\x86\x2a\x85\x13\x08\x32\xfc\
\x3b\xa0\x43\x6e\xa8\xa8\x8a\x8a\xbc\x00\x07\x00\x57\x65\xa3\x58\
\x17\x65\x58\xd7\x71\xf4\x02\xb8\xe5\x27\x27\x79\xbb\xfe\x5f\x25\
\xfd\x3f\x33\xeb\x68\xe1\x52\x56\x34\x3c\x37\xa7\x47\xa4\xd9\xac\
\x71\xf4\xef\xef\xd2\xba\x0b\x41\xe6\x0c\xf6\xed\x55\xf4\xfd\x18\
\x5b\xa8\x32\x1c\xb7\xa0\xab\xc3\x08\xbe\x8b\x4a\x27\xa0\xa2\x92\
\x1c\x87\xcb\xff\x00\xf5\xd6\xa7\x86\xae\x85\xbe\xa6\xb3\xc9\xb7\
\xc8\xb7\x46\x92\x60\x7a\x48\x9b\x48\x31\x9f\xf7\xfe\xe7\xfc\x0b\
\xd3\x35\x1f\xfc\x23\xcd\x65\x1a\xc9\xa8\x33\x59\xab\x00\xc9\x00\
\x1f\xe9\x12\x0e\xc7\x69\xfb\x8a\x7d\x5b\xa8\x39\x01\xa9\xb3\x4e\
\x25\x8f\xcb\x48\xd6\x18\x54\xee\x11\xaf\xaf\xa9\x3d\x4b\x7b\x9f\
\x5e\x30\x38\xaa\xdd\x58\x97\xa9\x37\x86\x6e\x74\x7b\x1b\x7d\x43\
\xfb\x63\x4d\xd5\xb5\x47\x92\xcd\xe2\xb0\x36\x5a\xb4\x7a\x7a\xda\
\x5d\x1c\x6c\x9e\x5d\xf6\xd3\x99\xe3\x5e\x73\x0a\x98\x8b\x67\xfd\
\x6a\xd6\x7e\x39\xe7\xad\x49\x91\xb7\x8c\xd4\x6c\x72\xc6\x95\x92\
\x93\x97\x7f\xeb\xe5\xf2\x29\x45\xec\xc6\xb3\x6c\xa8\xdd\xb2\xad\
\xef\x4e\x76\xc1\xcd\x46\xc7\xa9\xfc\x71\x42\xdc\x9d\x46\xb9\xc2\
\xd3\x3f\x8a\x94\x9c\x9e\x69\xac\xf8\x3f\xce\xb4\x8e\xe2\x7b\x0a\
\xcd\xb4\x53\x09\xc9\xa2\x9a\xed\xda\xb5\x20\x49\x3a\xff\x00\x4a\
\x4c\xd1\xd2\x9a\xf2\x0a\x00\x6b\x1f\xbd\xef\x4d\xa1\xba\x66\x98\
\x5b\x3f\xdd\xa5\xbe\xc4\x36\x2e\x71\xf7\x7f\x5a\x40\x39\xff\x00\
\xeb\xd2\x01\x4b\x9d\xa2\xa6\x6e\xdb\x10\xe4\x27\x45\xea\x69\xa7\
\xaf\x14\x33\x6f\xed\x4d\x66\xc7\xf8\x51\x26\xf7\x24\x09\xda\xb5\
\x1b\x9e\x31\x43\x36\xd3\xcd\x34\x70\x2b\x30\x03\xc0\xa8\xd8\x63\
\x8f\xc6\x9d\x21\xcf\x1f\x9d\x44\xcf\xb7\x8c\x54\x30\x15\xce\x45\
\x46\xcd\xb7\xeb\x41\x6c\x74\xa6\xd4\xb6\x43\x0a\x6b\x3e\xd3\x41\
\x93\x9a\x6d\x40\x80\x71\x4d\x32\x60\xd1\x21\xe2\x9b\xd2\xa5\xb0\
\x06\x6d\xd4\xd6\x7f\x4a\x1d\xb2\x78\xfc\x69\xa4\xed\x15\x20\x21\
\x3b\x46\x69\x8c\xdb\xa8\x27\x71\xa4\x63\x81\x40\x08\xcf\xb6\x9b\
\xd0\x51\x9c\xd0\x79\x34\x00\x0e\x05\x46\xed\x93\xec\x29\xee\xdb\
\x45\x44\xed\xc7\xd6\xb3\x33\x1a\x4e\x4d\x35\xfe\xe7\xd6\x9c\x4e\
\x05\x44\xed\xc7\xd0\x56\x64\xb3\xee\x78\xc7\xcb\x4e\xce\x29\xb1\
\x9e\x0d\x3b\xa0\xaf\x6a\x3b\x1f\x9f\xa4\x35\x8e\xd5\xa6\x93\xeb\
\x43\x36\x4e\x7f\x2a\x8d\xdb\x2b\x54\x8d\x12\x15\xa4\xe7\xff\x00\
\xad\x4c\x69\x3f\xbc\x68\x2d\xb7\xff\x00\xd7\x51\x93\xb8\xff\x00\
\xf5\xe9\xa2\x87\x33\xee\xf6\xa6\x17\xc5\x21\x93\x9e\xdf\x89\xa6\
\xf4\xa7\x76\x5c\x62\x29\x6c\xd2\x63\x8f\xc2\x94\x0a\x6b\xb6\x4f\
\x14\x23\x54\xbb\x08\x5b\x71\xa6\x96\xc5\x38\xf0\x2a\x32\x79\xaa\
\x36\x84\x75\x0c\x02\x68\xa2\x9b\x21\xe3\x1e\xb4\x1d\x11\x43\x58\
\xe5\xa8\x27\x8a\x3a\x0a\x43\xd3\xfa\x50\x5a\x12\x4f\xbb\xf8\xd3\
\x68\xc9\x6a\x43\xcd\x05\x80\xe4\xd3\x64\x60\x69\xe6\xa1\x27\xe5\
\xa0\xd1\x76\x05\x19\x14\x8f\x26\x38\xa7\xb1\xc2\xd4\x21\xb8\xfa\
\xd3\x5a\x9a\xc4\x06\x33\x48\xcd\xcf\x1f\x9d\x2b\x2e\x69\xb8\xc2\
\xd5\x9b\x46\x22\x64\x29\xa5\x24\x9a\x3a\x0a\x6e\xfc\x54\xde\xfb\
\x1a\xc6\x2f\xa0\xb8\x18\xdd\x4c\x27\xe6\xa7\x67\x22\x9a\x39\xa1\
\x76\x3a\x22\xac\x87\x2b\x73\x4c\x67\xcd\x28\x2a\x7a\xd3\x0b\x64\
\x53\xb0\x08\x0e\x2a\x45\xe9\x4c\x51\x93\x4a\xe7\x03\xfc\xf1\x4c\
\xa8\x8d\x73\xf3\x52\x0e\xb4\x1e\xb4\xbd\x05\x52\x5a\x16\x95\xc0\
\x0d\xfd\x0d\x39\x46\xc5\xa1\x48\x54\xe2\x9a\x59\x8f\xf2\xa9\x2f\
\x61\x19\xf2\x3a\xff\x00\xf5\xe9\x53\xae\x7d\x29\x14\x52\x8e\x4e\
\x3d\x68\x34\xd8\x73\x12\x4f\x1d\x29\xa5\x8b\x0a\x1c\x0c\xf1\xf8\
\xd1\x49\x95\x10\x1c\x54\x65\xf7\x7d\x69\xd2\x7e\x94\xd1\xf7\xa9\
\x72\x97\x1d\xc2\x91\x9b\x68\xa5\xce\x45\x46\xcd\xbb\xe9\x47\x29\
\x61\xbb\x0f\x9a\x1c\xe1\xba\xd0\x7a\xd1\xb3\xe5\x18\xa3\x94\xd6\
\x2d\x09\xbb\x9e\xb4\xa7\x9a\x3a\x8a\x33\x49\xab\x16\x14\x84\xe0\
\x52\x79\x98\xfc\x7a\xd0\x39\xff\x00\x0c\xd2\x34\x8c\x7b\x8d\x34\
\x02\xc3\xbe\x68\x23\x14\x11\x91\x43\x89\xa5\x83\xcc\x3f\x85\x48\
\x2a\xb9\x39\xa9\x89\xc9\xa1\x21\xc7\x41\xd4\x13\xb4\x52\x21\xc8\
\xa4\x90\xe4\xd4\xf2\xa2\xc8\x64\x38\xdb\xf4\xa6\xe4\xfb\xfe\x54\
\xe6\xe4\xfe\x34\xdc\xe3\xff\x00\xd7\x43\x45\xa1\x18\x64\xe6\x93\
\x19\x34\xec\x7b\xfe\xb4\x7f\x9e\xb5\x9c\xa3\x72\xf9\x84\x11\xfc\
\xb4\xa1\x36\x9e\x3f\x9d\x38\xf0\x29\xc7\xfd\xaa\xe7\xb2\x33\x92\
\xb9\xc7\xde\x7c\x33\x9b\x41\xbe\x93\x50\xf0\x8d\xf2\xf8\x7e\xf9\
\x98\xbc\xb6\x85\x4b\xe9\xb7\x87\xfd\xb8\x87\xfa\xb6\x3f\xdf\x8f\
\x1e\xa5\x58\xd6\xc7\x85\x7e\x3e\x2d\xae\xa9\x0e\x91\xe2\xeb\x16\
\xf0\xee\xa9\x31\xd9\x0b\xca\xe1\xec\xef\x4f\xfd\x32\x9b\xee\x9f\
\xf7\x4e\x18\x77\x15\xad\x8a\xa7\xab\xe9\x56\xbe\x20\xd3\x66\xb3\
\xbe\xb5\xb7\xbd\xb3\xb8\x18\x92\x09\xe3\x12\x46\xff\x00\x50\x78\
\xae\xcc\x3e\x32\x74\xb4\x5a\xa3\xe3\x73\xfe\x07\xcb\xf3\x3b\xd4\
\x6b\xd9\xd4\xfe\x68\xfe\xab\x67\xf9\xf9\x9e\xdd\xe0\x9f\x8d\xd7\
\x7a\x1f\x84\xff\x00\xe1\x1a\xd5\x6c\x74\x9f\x1a\x78\x22\x49\x0c\
\xcf\xe1\xdd\x6d\x5e\x5b\x38\xdc\x82\x0c\xb6\xd2\x23\x2c\xd6\x73\
\x60\x9f\xde\xdb\x3c\x6c\x7f\x8b\x70\xe0\xe6\xeb\x5f\xb2\xfe\x93\
\xf1\x45\xcd\xc7\xc2\x3d\x52\xea\xe7\x54\x90\x16\x7f\x03\xf8\x82\
\xe6\x24\xd6\x01\xe3\x2b\x61\x75\x84\x83\x50\x1d\x71\x1e\x21\xb9\
\x20\x61\x62\x94\xf3\x5f\x3f\xd8\x68\x3e\x20\xf8\x5e\xdb\xbc\x2f\
\x76\x75\x3d\x2d\x7a\xe8\xba\x8c\xe4\x94\x1e\x96\xf7\x0d\x92\xbe\
\xc9\x26\x47\xfb\x4b\x5d\x7f\x81\xfe\x30\x69\x1f\x10\x2e\x24\xd3\
\xdd\x66\xd3\xf5\x78\x17\x37\x1a\x65\xf2\x79\x57\x31\x0f\x5d\xa7\
\xef\x2f\xa3\xa9\x2a\x7d\x6b\xb6\x34\xe9\x55\x6e\xa6\x1e\x5e\xce\
\x6f\x7e\xcf\xfc\x51\xd1\x3f\x55\x69\x74\xe6\xb1\xf9\x06\x71\x92\
\xe6\x79\x42\xe4\xc7\xd3\xf6\xd4\x56\x8a\x4b\x74\xbc\xa5\x66\xe3\
\xe9\x24\xe3\xe4\xde\xa6\x35\xd9\x9b\x49\xd4\xee\xac\x2f\x6d\xee\
\x6c\x75\x0b\x09\x5a\xde\xea\xd2\xe6\x26\x86\x7b\x69\x54\xe1\xa3\
\x91\x18\x06\x47\x53\xc1\x56\x00\x82\x39\x02\x98\xd3\xef\x3e\xf5\
\xf4\x0d\xf7\xc5\x8d\x2f\xe2\xbe\x9b\x6f\xa5\xfc\x54\xd1\x6e\x3c\
\x61\x6b\x6f\x1a\x5b\xda\x78\x8a\xce\x65\xb7\xf1\x56\x8f\x12\x9e\
\x16\x3b\xa6\x05\x6f\x22\x50\x48\x16\xf7\x81\xd4\x67\x09\x24\x3d\
\x6b\xcf\xbe\x27\x7e\xca\xda\xd7\x82\xbc\x2d\x77\xe2\xcf\x08\xea\
\x96\xbf\x12\xbc\x07\x64\x82\x5b\xbd\x5b\x4a\xb7\x78\x6f\xb4\x25\
\x3b\xb8\xd4\xec\x18\x99\xad\x31\xb4\xfe\xf4\x79\x96\xe7\x03\x13\
\x12\x40\xa6\xf1\x8e\x12\x54\xf1\x2b\x91\xbd\x13\xfb\x2f\xd1\xe9\
\x67\xe5\x2b\x37\xd2\xfb\x9e\x24\x70\x30\xaf\x0f\x6b\x82\x97\x3a\
\x5a\xb5\xb4\xd7\xac\x75\xba\x5d\xe3\x75\x6d\xec\xf4\x3c\xf1\x9b\
\x1f\xd6\xaa\xcd\x37\x35\x0c\x3a\xb2\xdd\x44\x19\x59\x58\x37\x20\
\x83\x4d\x96\x5d\xe2\xbb\x39\x5a\xdc\xe5\x8c\x5a\x23\x9e\x6c\xaf\
\xb5\x51\xbb\x9b\x8f\xce\xac\x5c\x3f\xcb\xeb\x59\xf7\x52\x70\x7f\
\x97\xe1\x41\xb4\x48\x66\x97\xad\x51\x9a\x5e\x6a\x69\x9f\x9f\xf3\
\xc5\x53\xb9\xe1\xbd\xa8\x3a\x22\xc8\x66\x98\xfe\xbf\x95\x53\xb9\
\x9e\xa6\xb8\x7c\x0a\xa3\x72\xf8\xff\x00\x1a\x96\x8e\xaa\x6f\x52\
\x2b\x89\xf8\xaa\x53\x4f\xcf\xe3\x52\x4c\xc6\xa8\xcf\x2f\x35\x27\
\x7d\x3d\xc2\x69\xf8\xeb\x55\xe5\xb9\xc8\xeb\x51\xcf\x73\x8a\xa1\
\x7b\xa8\xa4\x09\x97\x60\xb9\x38\x1e\xa4\xf6\x02\xb2\x92\x3d\x5c\
\x3e\xe4\xb7\x33\xee\x3f\xca\x9d\xe1\x7f\x0c\x6a\xdf\x10\x3c\x45\
\x1e\x93\xa0\xe9\xb7\x9a\xc6\xa7\x24\x6f\x30\xb7\xb5\x8f\x73\x47\
\x12\x0c\xc9\x2c\x87\xee\xc7\x12\x2e\x59\xe4\x72\xa8\x8a\x0b\x33\
\x28\x04\xd7\x4f\xac\xfc\x32\xb1\xf8\x55\x2b\x7f\xc2\xca\xbb\xd4\
\x34\x5d\x4a\x3e\x57\xc2\x1a\x68\x4f\xf8\x49\x25\x3d\x96\xeb\xcc\
\x0d\x16\x94\xa7\xa6\x6e\x55\xee\x40\x64\x75\xb3\x96\x36\x0f\x5c\
\xe7\x8b\xfe\x29\x6a\x5e\x36\xd0\x24\xf0\xfe\x9f\x63\x63\xe1\x3f\
\x07\x49\x22\x4a\x74\x1d\x2b\x7f\x95\x7a\xe8\x73\x1c\xb7\xd3\xb9\
\x69\xaf\xa6\x56\xcb\x2b\x4e\xc5\x22\x66\x7f\x22\x38\x10\xf9\x63\
\x82\x58\xb7\x53\x4c\x3a\xbf\xf7\x9e\xdf\x2f\xe6\xf9\x69\xfd\xe4\
\xcf\xb6\xc0\xe0\x2a\x38\xa9\xd6\xf7\x57\x6e\xbf\xf0\x0d\x2b\xab\
\x6f\x07\xfc\x34\x91\x97\x50\x9a\xd7\xe2\x37\x88\xa3\xe0\xe9\xda\
\x6d\xdc\x91\xf8\x72\xc1\xbb\xad\xc5\xf4\x4c\xb2\xdf\xb0\x20\x82\
\x96\x4d\x14\x3f\x75\xd2\xf6\x51\x94\xac\x3f\x18\xf8\xcb\x5e\xf8\
\xa7\x73\x62\xda\xe5\xf7\xda\x2d\x74\x94\x78\xf4\xdd\x3e\xde\x08\
\xed\x34\xed\x25\x1c\xe5\xd2\xd6\xd6\x15\x58\x60\x0c\xdf\x33\x79\
\x68\xa5\xdb\x2c\xe5\x9c\x96\x30\x69\x3e\x1e\xf3\x08\x55\x4a\xeb\
\x34\x4f\x0a\x43\x03\x2b\x4a\xa1\xdb\xb0\x3d\x05\x64\xd4\x29\xbe\
\x7a\x8f\x9a\x5d\xdf\xe8\xb6\x5f\x9f\x76\xcf\xa0\xa3\x87\x94\xb4\
\x82\xb2\x30\x7c\x3d\xe0\x79\xb5\x36\x1b\x13\xcb\x8f\xbc\x8d\xd3\
\xff\x00\xaf\x5d\xff\x00\x86\x7c\x13\x65\xa1\x6d\x90\x27\x9d\x38\
\x39\x12\x48\x33\x83\xec\x3b\x7f\x3a\xb3\x63\x12\xaa\xe0\x74\xad\
\x1b\x65\x24\x28\xef\x58\xcb\x11\x29\xe8\x8f\x5b\x0d\x84\x84\x3d\
\x4b\x96\xa3\x9f\xce\xb4\x2d\xb7\x48\xd8\x5f\xff\x00\x55\x47\xa5\
\x68\xf2\x5e\xb7\xca\xa7\x6f\x76\x35\xd0\x59\x68\xcb\x6a\x9e\xa7\
\xd6\x94\x69\xf7\x3d\x15\x12\x2b\x2b\x22\x07\xcc\x3d\xea\xfc\x31\
\xe0\x52\xac\x58\xa5\x23\x15\xb5\xba\x15\xb1\x24\x67\x1f\xd2\xa5\
\x0d\xf2\xe0\x82\x6a\x00\xf8\x1d\xbf\x3a\x96\x36\xc8\xff\x00\xeb\
\xd5\x10\xd8\x8e\x3e\x5f\xfe\xb5\x45\x20\xfd\x45\x4e\x42\xa8\xa8\
\xd9\x32\xbf\x4f\xd6\x82\x79\x8a\xac\x39\xfe\x74\x01\xf3\x2d\x4a\
\xeb\x8e\x7d\x7a\xd3\x09\xdb\xff\x00\xeb\xa8\x94\x6e\x3b\x8e\xce\
\x2a\x29\x48\xe6\x97\x3b\xcd\x46\xcd\xbb\xe9\x58\x4a\x3a\x8c\x86\
\x58\xf2\x72\xbc\x7a\x56\x7d\x9d\x9d\xc7\x87\xa7\x69\xb4\x9b\x8f\
\xb0\xb3\x36\xf9\x20\x2b\xbe\xd6\x62\x79\x24\xc7\x91\xb5\x8f\x3f\
\x32\x15\x24\xf2\xdb\xba\x56\x91\x6f\x9b\xdb\xad\x45\x27\x27\x8e\
\x73\xd6\xa6\x32\x94\x65\xcd\x17\xa9\xc5\x8c\xc1\xd1\xc4\xd2\x74\
\x71\x11\x52\x8b\xe8\xce\xcb\xc2\x5f\xb4\x0d\xbd\xde\x90\xbe\x18\
\xf1\x76\x9b\x67\x79\xa5\x5e\x4b\x85\xd3\x75\x32\x65\xb4\x96\x42\
\x31\xba\xda\x75\x2a\xd1\xcb\x8e\x01\x43\x14\xbd\x70\x31\xd7\x3f\
\xc6\x1f\xb3\x1a\xeb\x41\xaf\x3e\x1e\x5e\xcd\xab\x77\x7f\x0f\x6a\
\x12\x2a\xea\x71\xfb\x5b\xca\x02\xc7\x76\x3d\x13\x11\xcd\xc8\x55\
\x49\x4e\x5a\xb9\x7b\xab\x38\x6f\xad\xa4\x82\xe2\x18\xe7\x82\x65\
\x29\x24\x52\x20\x78\xdc\x7a\x15\x3c\x11\xec\x6a\x0d\x3a\xff\x00\
\x56\xf0\x46\x3f\xb2\xe6\x6b\xfb\x15\xff\x00\x97\x0b\xb9\x8e\xf8\
\xc7\xa4\x33\x1c\x91\xec\x92\x64\x74\x01\xe3\x03\x15\xe9\xe1\xf3\
\x0d\x6d\x53\x47\xdd\x7e\xab\xfc\x8f\xcb\x33\x8e\x03\x9d\x36\xea\
\x65\xfe\xf4\x7f\x91\xee\xbf\xc3\x2f\xd1\xfd\xec\xe2\xef\x24\x92\
\xde\xee\xe2\xda\xe2\x29\xad\x6e\xad\x64\x68\x67\x82\x64\x31\xcb\
\x03\xa9\xc3\x23\xab\x60\xab\x03\x90\x41\x00\x83\x59\x7a\x8b\x6e\
\x56\xfa\x62\xbd\xa3\xc4\x3f\xb4\x2e\x8b\xf1\x16\xd6\x1b\x4f\x18\
\x68\xb6\x3a\xd5\xf4\x31\x88\x60\x6d\x4f\x7d\x8e\xb1\x02\xa8\xc0\
\x58\xee\x91\x83\x4c\x8a\x38\x55\x73\x3c\x2b\xfc\x2a\x2b\xcd\xbc\
\x6f\xe3\x3f\x0c\xf8\x4a\xd6\x49\xb4\xbf\x09\x2a\xba\xe7\xfd\x23\
\xc4\x5a\xcb\x5f\x45\x09\xec\xc8\x90\xc7\x6c\x84\x83\xce\x25\xf3\
\x10\xf4\x2a\x45\x76\xd4\xc5\x47\x96\xf6\xbf\xa3\x56\xfc\xd1\xf1\
\xb4\xf2\x8c\x47\xb5\xf6\x4e\x0d\x3e\xcd\x59\x9c\x94\x3e\x1c\x9b\
\x54\xd3\xa6\xbf\x92\x6b\x5d\x37\x47\xb6\x93\xca\xb8\xd5\x2f\xdc\
\xc5\x67\x03\xe0\x36\xcd\xc0\x33\x49\x2e\xdf\x98\x43\x12\xc9\x2b\
\x28\x25\x51\x80\x35\xca\xeb\x7f\x18\xac\x3c\x22\xe7\xfe\x11\x3b\
\x79\x1a\xf2\x33\xff\x00\x21\xfd\x52\x04\xfb\x4a\x9e\x70\x6d\x2d\
\xf2\xf1\xdb\x11\x9e\x25\x63\x2c\xc0\xa2\x3c\x6d\x6e\xd9\x4a\xe4\
\xbe\x28\x7c\x66\x9b\xc6\xda\xba\xdc\x5e\x6a\x12\xeb\x57\x56\xe9\
\xe4\x5b\xe0\x2c\x76\xb6\x71\xe4\x9f\x2e\x18\xd0\x2c\x71\x47\x92\
\x4e\xc8\x95\x53\x24\x90\x06\x6b\x8d\x6b\xb9\x2f\x64\xf3\x26\x90\
\x7b\x01\xc2\xaf\xd2\xbc\x1c\x4e\x3a\x2f\x46\xef\xe4\xb6\xf9\xf7\
\xfc\xbc\x8f\xd3\xf2\x5e\x17\x8d\x08\xaa\x95\x55\xe5\xe7\xd3\xd1\
\x7e\xa7\x4a\xfa\xac\xba\xc6\xa5\x3d\xe5\xc4\xd3\xdd\x5d\xde\x48\
\xd3\xcf\x71\x71\x23\x49\x35\xc4\x8c\x72\xce\xee\xc4\x96\x66\x24\
\x92\xc4\x92\x4f\x26\xb7\xb4\x7b\x72\xee\xa0\x2e\x49\xe0\x0e\xe6\
\x9b\xf0\xcf\xe1\x26\xad\xe3\x68\xe2\xba\x11\xfd\x87\x4d\x6c\x62\
\xe6\x60\x47\x98\x3f\xe9\x9a\xf5\x6f\xaf\x0b\xef\x5e\xd5\xe1\x6f\
\x00\xe9\xfe\x11\x85\x45\xbc\x6d\x24\xd8\xf9\xae\x25\xe6\x43\xf4\
\xec\xbf\x87\xeb\x5c\xd0\x94\xea\x6b\x23\xeb\xe9\xe1\x9e\xec\xe7\
\x7c\x29\xe0\x0b\x89\xa3\x59\x2e\xf7\x5b\x47\xfd\xc2\x3f\x78\xdf\
\x87\x6f\xc6\xbb\x0b\x4d\x36\x2b\x08\x76\xc6\x81\x57\x3c\x9e\xe7\
\xeb\x5a\xda\x27\x87\xef\x3c\x47\x78\xf0\x58\xdb\xc9\x73\x24\x68\
\x64\x94\x8c\x2a\x42\x83\x19\x92\x47\x24\x2c\x68\x3b\xbb\x90\xa3\
\xb9\x15\xa1\x34\x3a\x4f\x86\x86\x0b\x47\xe2\x0b\xf1\xd5\x54\xba\
\x69\xf0\x1f\x42\xc3\x6b\xce\xc3\xfd\x9d\x91\x82\x01\x0d\x32\x92\
\x2b\x75\x6d\x91\xac\x9a\x8e\x91\x33\x74\xbf\x0d\xdc\x6a\xd6\x8d\
\x70\xad\x15\xad\x8c\x6d\xb2\x4b\xcb\x86\x29\x0a\xb7\x5d\xa0\x80\
\x59\xdf\x1c\xec\x40\xcd\x8e\x71\x80\x4d\x58\x5d\x4e\xdb\x45\x21\
\x74\xb4\x91\xa7\x5e\xb7\xd7\x0a\x04\xdf\xf6\xcd\x01\x22\x2f\xf7\
\xb2\xcf\xc6\x43\x2e\x4a\xd4\x3a\xae\xa9\x75\xae\x5c\x2c\xd7\x93\
\x34\xaf\x1a\xf9\x71\x80\xaa\x89\x0a\x75\xda\x88\xa0\x2a\x2e\x79\
\xda\xa0\x0e\x7a\x55\x5c\xe3\xa7\xe7\x54\xa2\x65\x66\xc5\x72\x5a\
\x42\xc4\xb3\x48\xc4\xb3\x12\x72\x49\x3d\x49\xf7\xa4\x66\xc7\x25\
\xa9\x19\xb6\xd3\x19\xb7\x7d\x3f\x9d\x51\x69\x58\x56\x7d\xdf\x76\
\xa2\x63\x93\xed\x4a\xcf\x9f\x6e\x6a\x37\x3c\xed\xed\x40\xc4\x27\
\x71\xe3\xa7\xf3\xa6\xc8\x72\x71\xfe\x4d\x3a\xa1\x77\x38\xcd\x11\
\x5d\x09\x90\x92\x36\x7e\x5c\x53\x54\x62\x97\x39\xa0\x9c\x0a\xda\
\x2a\xc8\xc9\xb1\x8c\xe7\x75\x31\x9c\x2f\xd6\x97\x38\x14\xc6\x39\
\x26\xa8\x40\x58\xe3\x93\x4d\x27\x1f\xfe\xaa\x37\x66\x9a\xce\x5b\
\xd2\xa7\xa9\x32\x1a\x58\xb1\xef\xf9\x51\x93\xef\xf9\x51\xfe\x7a\
\xd0\x70\x2a\xb4\x48\x8b\x81\x38\x34\xd6\xf9\xe8\xce\xf3\x4d\x76\
\x39\xc0\xac\x64\xf5\x20\x46\x7d\xdd\x29\x8c\xe0\x13\xcf\x34\x33\
\xed\x3e\xb4\xc2\xd9\x6a\x90\x14\x9c\x8c\xd3\x1a\x4e\xde\xf4\x33\
\x71\x8e\xf4\xc2\xdb\x4d\x43\x77\x27\xd4\x47\x70\x3b\xfd\x69\x8e\
\xdc\x71\x4e\xc6\x6a\x36\xe5\xaa\x00\x3e\xed\x46\xc7\x71\xf6\xa7\
\x3b\x73\x4d\xa9\x24\x28\xa2\x98\xcc\x49\xf4\xa9\x6c\x04\x27\x73\
\x66\x9b\x23\x76\xa7\x54\x6d\xf7\xea\x40\x2a\x37\x6d\xcd\xf4\xfd\
\x6a\x42\x70\x2a\x32\x4b\x1a\x00\x2a\x36\x60\xe6\x9c\xed\xb4\x7b\
\xd3\x71\xc5\x00\x07\xa5\x00\x62\x9a\x46\x45\x12\x1c\x0a\x99\x13\
\x26\x35\x8e\xe3\x51\xb7\xdf\x35\x21\x3b\x45\x44\xed\x80\x4d\x44\
\xb6\x24\x6c\x87\xe6\xa6\x3f\xdd\xc7\xf7\xb8\xa7\x54\x6e\xd9\x35\
\x04\xbb\xdc\xfb\xa1\x1f\x6a\xd0\x4e\x4f\x34\xd4\x19\x4a\x09\xdb\
\xeb\xf9\xd7\xb1\x4c\xf8\x3e\x50\x7f\x99\x0d\x46\x7a\x7e\x1e\x94\
\xae\x73\xeb\x4c\x66\xe3\x1f\x9d\x68\x57\x2d\x90\x8c\x77\x1f\xfe\
\xb5\x31\x8e\xe1\xff\x00\xd6\xa1\xce\x7f\xfd\x74\xdc\x7d\x7f\x3a\
\x0b\x8c\x7a\xb0\xe9\xff\x00\xea\xa0\x0c\xf5\xa0\x73\x4d\x67\xdc\
\x70\x2a\x8d\x52\x15\xcf\xe7\x49\x41\x3b\x45\x37\x77\x35\x46\xb1\
\x8d\xc4\x2d\x93\x40\x6d\xb4\x83\x8e\x4d\x35\xdf\x07\xf9\x50\x74\
\xc6\x20\x5f\x6f\xb9\xa6\x93\x93\xef\x41\x3f\x9d\x03\x8a\x0d\x12\
\x10\x9c\x0c\xd3\x0f\xcc\x7f\xc6\x82\x72\x69\x09\xa0\xa0\x27\xd2\
\x97\xa0\xa4\x27\x68\xa6\x3b\x64\xd0\x5a\x56\x09\x1b\x26\x90\x0c\
\x0a\x40\x3b\xd0\xed\x81\x41\xac\x50\x8e\xd9\x38\xa6\x8e\xb4\xbd\
\x68\xa6\xb7\x35\x8a\x1a\x47\xcd\x9f\xc2\x9a\xdf\x78\xd3\x9f\xee\
\x8f\x7a\x69\x3b\x45\x59\xba\x43\x4b\x53\x68\x26\x8c\xd0\x6f\x1d\
\x80\x9c\x0a\x61\x6c\x8a\x57\x39\x34\xda\x06\x14\x51\x4b\x8f\xf3\
\x8a\x2d\x71\x88\x28\xcf\xcf\xc0\xfa\x9a\x90\x0c\x0a\x6f\x7a\xbb\
\x17\x1e\xc3\x58\xf3\xd4\x1e\x68\xa0\xf5\xfc\x68\xcf\x34\xcd\x04\
\x27\x9f\x7a\x00\xa5\x29\xb7\xde\x80\x37\x54\x72\x9a\x2d\x02\x83\
\x41\x1b\x4f\x4a\x00\xa4\x34\x03\xa5\x23\x3e\xda\x49\x3e\xed\x36\
\x82\xc3\x18\xa6\xbb\x60\xd3\xaa\x32\xd9\x39\xa0\xa8\x89\x4b\x9a\
\x05\x26\x68\x36\x51\x17\x69\x7a\x7e\x30\x7f\xa5\x30\x1c\x30\xa7\
\x3c\x9b\x68\x0e\x51\xa3\x81\x47\x5a\x00\xc0\xa3\xbd\x06\x82\x0e\
\x7f\x2a\x4c\x7f\x9c\x53\xa9\xac\xd8\x6f\xe2\xfc\x28\x2a\x21\x8f\
\xf3\x8a\x69\x6c\x7f\xf5\x85\x35\xbe\x63\xff\x00\xd7\xa3\x1f\x5f\
\xce\x83\x41\x18\xfb\x54\xb8\xc9\xff\x00\xeb\x54\x4d\xc0\xe7\xf9\
\xd3\x83\x9c\x54\xad\xca\xe8\x3f\x76\xda\x6d\x37\x9d\xd4\xea\x4c\
\xa8\xec\x46\x7f\xad\x32\x61\xc5\x3c\x8f\x6e\x33\x46\x29\x1a\x44\
\x89\x4e\xd3\xff\x00\xd6\xa5\x8b\xef\x53\xbc\xbd\xab\x42\x2e\xd3\
\x53\x61\xb3\x63\x4f\xf0\x07\x88\x35\x6f\x06\xea\x3e\x24\xb4\xd0\
\xf5\x6b\xaf\x0e\x68\xd3\xc7\x6f\x7f\xaa\x43\x6a\xf2\x5a\x58\xc8\
\xe5\x42\x2c\xb2\x01\xb5\x0b\x16\x50\x37\x11\x92\xc0\x0e\x4d\x65\
\xfd\xe5\xfa\xd3\x57\x4f\x8a\x59\x56\x56\x8d\x1a\x45\x1f\x2b\x10\
\x37\x2f\xd0\xd4\x92\x2e\x3a\x56\x51\x8c\xaf\xef\x5b\x7d\x3f\xaf\
\xf8\x6f\x42\x62\x46\x47\x38\xa6\xba\x6e\xfa\xd3\xdb\x81\x9a\x43\
\xd2\x94\xa3\xa9\xb2\xd8\x8b\x3c\xfb\xd6\x57\x8a\xfc\x13\xa6\x78\
\xd2\xda\x28\xf5\x1b\x6f\x32\x4b\x76\xdd\x6f\x71\x1b\x18\xae\x2d\
\x5b\xfb\xd1\xc8\xa4\x32\x1f\xa1\xe7\xbe\x45\x6b\x13\x91\xef\xeb\
\x41\x18\xa9\xd5\x3b\xa3\x3a\x94\xe3\x24\xe3\x25\x74\xfb\x9c\xee\
\x9d\xe2\x3f\x14\x7c\x38\x3b\x6e\xbc\xef\x17\x68\xc9\xd2\x68\xd0\
\x2e\xa7\x6c\xbf\xed\xc6\x00\x59\xc0\xf5\x40\xaf\xfe\xc3\x75\xaf\
\x4c\xf8\x41\xf1\xa5\xad\x75\x7b\x3f\x13\x78\x2f\xc4\x37\x5a\x6e\
\xa9\x62\xc7\xc8\xbf\xd3\x6e\x5a\xde\xe6\xdd\xba\x32\x12\xa4\x32\
\xe4\x70\xc8\xdd\x46\x41\x04\x71\x5c\xae\x30\x33\x58\x1e\x21\xf0\
\x0d\xbe\xa7\xa9\x9d\x4e\xca\xe2\xe3\x45\xd6\xfb\x5f\x5a\x60\x34\
\xb8\xe8\x25\x4f\xbb\x2a\xfb\x37\x3e\x84\x57\x65\x3c\x67\xba\xe1\
\x55\x5d\x3d\x3e\x5f\xa9\xf9\x87\x10\x78\x77\x87\xad\x2f\xad\x65\
\x6f\xd8\xd4\x5a\xd9\x7c\x2d\xf9\x75\x8b\xf4\xd3\xc8\xf7\xbf\x14\
\x68\x9e\x00\xfd\xa1\x5d\xe6\xf1\x2d\x8c\x3f\x0e\xfc\x61\x31\xcf\
\xfc\x24\xfe\x1b\xd3\x57\xfb\x2f\x50\x73\x8f\x9a\xff\x00\x4a\x8f\
\x6a\x29\x3c\x96\x9e\xcb\x63\x65\x8b\x34\x13\x1e\xbe\x2f\xf1\xb7\
\xe0\x1f\x8b\xff\x00\x67\xe8\x6d\x6f\x35\xeb\x5b\x3b\xef\x0e\x6a\
\x53\x18\x34\xef\x12\xe8\xf7\x22\xfb\x45\xd4\xdf\x04\xec\x8e\xe0\
\x01\xb2\x5c\x02\x4c\x13\x2c\x73\xa8\x1f\x34\x6b\x54\xf4\xbf\x8d\
\x7a\x87\x81\x59\x6d\xfc\x65\x66\x90\xda\xe7\x6a\xeb\x36\x60\xbd\
\x9b\x7a\x79\xa3\xef\x42\x7f\xde\xf9\x7d\x09\xaf\x6b\xf8\x65\xf1\
\x8b\x50\xf0\x8d\xbd\xc4\xda\x1d\xfd\xbc\xda\x6e\xb3\x00\x86\xf6\
\xce\x68\xa3\xbd\xd3\x75\x78\x0f\xfc\xb2\xb9\xb7\x90\x34\x37\x11\
\x9f\xee\xc8\xac\x07\x51\x83\xcd\x6d\x46\x8c\xe9\xab\xe0\xe4\xb9\
\x7f\x95\xde\xdf\x27\xab\x8f\xa6\xb1\x5b\x28\xad\xcf\xcd\x71\xd1\
\xc4\x61\xaa\x7b\x1c\xe6\x93\x8c\xbf\x9d\x6e\xfc\xdf\xd9\x9f\xad\
\xd4\xbb\xb7\xb1\xf3\x31\xbe\x59\x17\xd5\x7e\xb5\x5e\x69\xb2\x38\
\xef\xd2\xbe\x8e\xf1\xaf\xec\xd7\xe0\x3f\x8d\x6c\xd7\x5e\x0d\xbe\
\xd3\xfe\x15\xf8\xa6\x5e\xba\x36\xa7\x73\x2c\x9e\x17\xd4\x5f\x8e\
\x2d\xee\x9c\xbc\xda\x7b\x1e\x70\x97\x06\x58\x32\x7f\xd7\x5b\xa0\
\x00\x7c\xf7\xf1\x3f\xe1\xff\x00\x89\xbe\x08\x78\xda\x5f\x0d\xf8\
\xcb\x43\xd4\x3c\x37\xae\x43\x18\x9b\xec\xd7\x6a\x31\x3c\x4c\x48\
\x59\xa1\x91\x49\x8e\x68\x5b\x07\x6c\xb1\x33\xc6\xe3\x95\x63\x5d\
\x14\xb1\x70\x9c\xbd\x9c\x93\x8c\xff\x00\x95\xef\xf2\xdd\x35\xe6\
\x9b\xf3\xb3\x39\xe7\x81\x7c\x9e\xda\x93\x53\x87\x75\xb7\xa3\x5b\
\xc5\xf9\x34\xbc\xae\x8c\xb9\x9b\x05\x8d\x52\x9c\xe4\xf1\x52\x49\
\x77\xbf\xf1\xaa\xd3\x4b\x93\xfd\x6b\x66\xcc\x63\x16\x57\xba\x38\
\xe6\xa8\xdc\x8c\x2f\xe1\x56\xa7\x93\xf2\xf4\xaa\x37\x53\x00\xd5\
\x27\x55\x28\xf5\x2a\xdc\xbf\x5a\xcd\xbb\x97\x62\x13\xbb\xe5\xf5\
\x26\xba\x4f\x0e\xf8\x27\x54\xf1\xc5\xb5\xf5\xcd\x8c\x30\x45\xa5\
\xe9\x21\x0e\xa5\xab\x5f\x5c\x25\x9e\x99\xa5\x87\xce\xcf\x3e\xe6\
\x52\xb1\xa3\x3e\xd2\x12\x32\x7c\xc9\x58\x6d\x8d\x5d\xc8\x53\x9f\
\xa9\x7c\x56\xf0\xa7\xc3\x96\xf2\xfc\x27\x65\x6d\xe3\x8f\x10\x46\
\x7f\xe4\x3f\xad\xe9\xd9\xd1\x6d\x08\xef\x67\xa6\x4e\xb9\xb9\xe4\
\x64\x4d\xa8\x20\x46\x56\x21\xac\x51\x80\x92\xb9\x6a\x62\xa2\xa5\
\xc9\x05\xcd\x2e\xcb\xa7\xab\xd9\x7e\x7d\x93\x3e\x9b\x2b\xc9\x71\
\x18\xab\x4a\x2a\xd1\xee\xf6\xf9\x77\x26\xd2\xbe\x17\xdc\x4f\xe1\
\x7b\x5f\x12\x78\x8b\x52\xb3\xf0\x5f\x84\xaf\x95\xda\xcf\x53\xd4\
\x63\x67\x9f\x58\x08\xc5\x5d\x74\xeb\x44\xfd\xf5\xe3\x06\x05\x0b\
\xa0\x5b\x78\xe4\xc2\xcd\x3c\x39\xcd\x55\x4f\x8e\xdf\xf0\x84\x3b\
\x43\xf0\xce\xc6\xf7\xc2\xb2\xe3\x63\x78\x9e\xea\x55\x93\xc4\xd7\
\x43\x18\x2d\x14\xc9\xf2\x69\xaa\xdc\x90\x96\x78\x98\x2b\xb4\x72\
\x5d\x5c\x25\x71\x3a\xfe\xb5\xab\x7c\x40\xf1\x4d\xe6\xbd\xe2\x2d\
\x5b\x52\xd7\xb5\xcd\x40\xa9\xba\xd4\x75\x0b\x97\xba\xba\xb8\xda\
\xa1\x54\x34\x8e\x4b\x10\xaa\x02\xa8\xce\x15\x40\x51\x80\x00\xab\
\x16\x96\xca\x83\xfa\x57\x9f\x5b\xde\xd7\x10\xef\xfd\xdf\xb3\xf3\
\xfe\x6f\x9e\x9d\x6c\x8f\xd0\x32\xec\x9e\x8e\x19\x7b\x8a\xf2\xee\
\xff\x00\x4e\xdf\xd6\xa5\x3d\x27\xc3\xb1\xda\xaa\xaa\x46\x14\x67\
\x3c\x0e\xe6\xba\x0d\x33\x47\x5c\x0c\xf1\xd2\x99\x6b\x1e\xdf\xe9\
\x5a\x76\xa2\xb9\xeb\x62\xdb\xd1\x1e\xf5\x3c\x2a\xbd\xe4\x68\xe9\
\xd6\xc9\x12\x7c\xa3\xda\xb5\x6c\xf9\x6e\xe7\xb8\xac\xeb\x28\xcb\
\x30\x1f\xde\xe0\x62\xbb\x9f\x0a\x7c\x35\xb8\xbe\x0b\x35\xd6\xeb\
\x68\xfa\x85\x3f\x7d\x87\xd3\xb7\xe3\x5c\xd1\xe6\x93\xbb\x3d\x1a\
\x70\xe9\x13\x3f\x49\xb2\x96\xfa\x55\x58\xd5\x99\x8f\x60\x2b\xb4\
\xd0\x7c\x19\xe5\x61\xae\x3e\x66\xeb\xb0\x1e\x2b\x63\x49\xd0\xad\
\xf4\xa8\x82\x43\x18\x5f\x53\xdc\xfd\x4d\x5f\x55\xda\x2b\xa6\x14\
\xce\xb8\xd3\x4b\x72\x08\xec\xd6\x28\xc0\x55\xdb\x8e\xc3\xb5\x38\
\xa7\x35\x35\x31\xf3\xb6\xba\x11\x57\x20\x71\x9f\xf0\xa8\xc9\xfd\
\x2a\x69\x3a\x54\x6d\x19\x3f\xe1\x4d\x12\xd9\x18\xef\xef\x5b\x96\
\x5f\x0d\x7c\x4d\xa8\xfc\x37\xd4\x3c\x65\x6f\xa0\xea\x72\xf8\x4b\
\x4b\xbd\x4d\x36\xef\x57\x58\x7f\xd0\xe0\xba\x70\x85\x61\x2f\xd3\
\x79\x0f\x19\xda\x32\x40\x75\xce\x32\x2b\x0f\xcb\xf9\xbb\xfd\x28\
\x6d\x3a\x29\x2e\x56\x56\x8e\x33\x2a\xf0\xad\xb4\x16\x1f\x8f\xe7\
\x4a\x4a\x5a\x72\xb5\xf9\xe9\xd7\xaa\xd7\xcf\xf0\x33\x97\x99\x28\
\x6f\xc3\xf0\xa1\xdb\x03\xef\x7e\x94\x8d\x1e\x06\x73\x8f\x6a\x05\
\x51\x9c\x53\x1a\xe7\xe4\xfa\xf1\x51\x4a\x32\x45\x3d\x9f\xb9\xa8\
\x65\x6c\xfe\x34\x14\x35\x8f\x6f\xe9\x4d\x77\xe7\x14\xa5\x82\xd4\
\x4c\x70\x33\xde\xa5\xc5\x3d\x4a\xe6\x1a\xed\x80\x7e\x94\xdf\x33\
\xd8\xd0\xec\x7a\x7b\x54\x7b\xeb\x9e\x4b\xb1\x2d\xf7\x1c\x5b\x9a\
\x6b\xa6\xf0\x69\xae\xd9\x23\x14\x6e\x6d\xb8\xfd\x6a\x4c\xe5\x6b\
\x95\xaf\x34\xe8\xb5\x08\x5a\x19\xe3\x8e\x68\x9b\xef\x47\x22\x86\
\x56\xfa\x83\xc5\x63\x5c\x7c\x2f\xf0\xd5\xdb\x7e\xf7\xc3\xba\x0c\
\x8c\xbf\xdf\xd3\xa1\x38\xff\x00\xc7\x6b\xa0\x27\x69\xa4\x66\x5c\
\x53\x51\xea\x67\x65\x73\x9a\x6f\x84\x1e\x13\x27\xe6\xf0\xbf\x87\
\x73\xd7\xfe\x41\xb0\xff\x00\xf1\x35\x73\x46\xf0\x1f\x85\xb4\x0b\
\x81\x2a\x78\x37\xc1\xf7\x7c\x8c\x2d\xce\x96\x8c\x07\xb8\x2b\xb5\
\x87\xe0\x45\x6a\x49\x26\x4f\x7f\x7a\x85\xdb\x27\xfc\xf1\x53\xec\
\xd7\x61\x73\x34\xcd\xdd\x0e\x48\xfc\x6f\xe2\x3b\x0d\x1f\x4d\xf0\
\x3e\x9f\x7b\xaa\x6a\xd7\x51\x58\xd9\x5a\xe9\xb7\x17\xdf\x68\xba\
\x9a\x47\x09\x1c\x68\x1e\x79\x01\x66\x62\x14\x00\x3a\x91\x4f\xf1\
\x56\x8c\xdf\x0d\x7c\x4f\x75\xa3\x6b\xbe\x01\xd5\x34\x3d\x76\xc3\
\x68\xba\xd3\x7c\x43\x25\xdd\xbc\xf6\xfb\xd1\x5d\x77\xc1\xb6\x09\
\x57\x28\xca\xc3\x27\x90\xc0\xf2\x08\xae\x55\xe1\x5b\x85\x68\xe4\
\x50\xca\xe3\x05\x48\xc8\x23\xde\x88\xad\xa3\xb4\x4d\xb1\xaa\xc6\
\xbe\x8a\x31\x4f\x95\xf3\x79\x5b\xce\xf7\xf5\xbf\xe9\xf3\x2e\x4d\
\xd8\xd2\xd6\x7c\x4d\x7b\xae\xd9\xa5\xac\xb2\x47\x0e\x9f\x1b\x89\
\x23\xb2\xb6\x89\x60\xb5\x47\x03\x01\xfc\xb5\x00\x33\x80\x71\xe6\
\x3e\xe7\x23\xab\x1a\xcb\x6f\x95\x7f\x1a\x94\xb6\xd1\x51\x39\xe3\
\x6d\x69\xb6\x88\xc4\x8e\x4e\x83\xeb\x4c\x66\xdb\x4b\x9d\xdc\xd3\
\x1d\xb2\x71\xe9\x40\x08\x4e\x4f\x5e\x29\xb2\x1e\x69\x59\xb6\xad\
\x44\xef\xb7\xea\x68\x00\x76\xc7\x14\xdf\xe1\xe2\x8a\x6b\x9c\x0f\
\xc6\x82\x5b\x11\xcf\xcd\xe9\x8e\xf5\x11\x3b\x8d\x39\xf8\x5a\x68\
\xe0\x53\x46\x72\x0a\x6c\x87\x9a\x19\xb0\x0f\x14\xd2\x6b\x62\x44\
\x66\xda\x2a\x2c\xf1\xeb\x4e\x63\xba\x99\x23\x60\xe3\xda\x96\xfa\
\x10\xdd\xc4\x6e\x4f\xff\x00\x5a\x9b\x8f\xf3\x8a\x51\xc5\x21\x38\
\xfe\x9c\xd0\xb4\x10\x12\x01\xeb\xd3\xda\x9b\xd4\xd0\x7e\x66\xa6\
\xb3\x6d\xe8\x2a\x25\x24\xc8\x62\x33\x61\xb8\xa6\x16\xdb\xc0\xa5\
\x2d\xb0\x53\x33\x81\xcd\x40\x82\xa3\x66\xe7\x19\xa5\x76\xe7\xf9\
\xd3\x0b\x6d\x1f\xca\xa6\x44\xee\x04\xe0\x53\x49\xcd\x04\xe4\xd3\
\x5c\xe0\x56\x6d\x80\xd6\x7d\xc2\x8a\x29\xae\x70\x3f\xc2\xa4\x91\
\xad\xf7\xcd\x0c\x70\x28\x1d\x29\xb2\x1e\x31\xeb\x53\x20\x1b\xd0\
\xf0\xd4\x51\x41\x38\x15\x20\x04\xe0\x54\x79\xdc\x73\x43\x1d\xc7\
\xbd\x05\xb6\x8a\x00\x6c\x87\x03\xeb\x4d\x27\x02\x82\x77\x1f\xe5\
\x4d\x91\xf1\xc0\xa0\x06\xb3\x6e\x34\x66\x9b\x4b\xd0\x73\x40\xae\
\x21\x6c\x7b\x53\x49\xdc\x7f\xa5\x19\xdc\x73\x4d\x69\x31\x51\x22\
\x02\x43\xc6\x2a\x27\x6c\x9c\x53\x9c\xe0\x64\xd3\x05\x4c\xb6\x00\
\xa8\xdf\x34\xf6\x35\x0c\x9c\xd6\x4c\x9e\xa7\xdd\x0a\xfc\x62\x98\
\x5f\x34\x27\x3c\x50\xed\xb7\xa5\x7b\x90\xb5\x8f\x89\x51\x42\x33\
\x60\x76\xa8\x98\xe1\x69\xe7\x93\xde\x9b\x20\xc8\xfa\x55\x14\x33\
\x3f\xee\xd1\x8a\x00\xdd\x4a\xdd\x29\xdc\xa4\x23\x36\xd1\xfc\xa9\
\xa4\xe0\x52\x67\x8c\xd3\x09\xdc\x6a\xcd\x63\x1b\x8a\x4e\x4d\x2e\
\xfc\x0e\x69\x33\xb7\xeb\x48\x4f\x3c\xd2\xdc\xe9\x8c\x41\x9b\x3e\
\xc2\xa3\x66\xcb\x7f\x2a\x73\xb3\x0f\xa5\x37\xbd\x33\x4e\x50\x03\
\x14\xd7\x7e\xd4\x3b\x6d\x14\xc2\x4b\x1f\xfe\xb5\x05\x01\xf4\xa5\
\x03\x14\x01\x8a\x8e\x49\x3b\x7e\x74\x16\x90\x4a\xfd\xa9\xa1\x73\
\xd6\x80\x31\xd6\x86\x6c\x50\x69\x18\x83\xb6\x05\x34\x92\x4d\x1d\
\x68\x07\x34\x1a\xc5\x00\xa6\xb3\x60\xd2\x33\x90\xc6\x92\x83\x68\
\xc4\x46\x66\xc7\xf4\xa6\x96\xcd\x3d\x86\x45\x46\x78\x35\x51\x67\
\x44\x62\x90\x53\x4b\x65\x68\x20\x96\xa1\xba\x76\xa2\xfa\x94\x36\
\x81\xc8\xa2\x9e\x13\x06\xa8\x6b\x51\x02\xe2\x97\xb0\xa0\x9c\x9a\
\x5e\xa6\xaa\x25\xa4\x27\x5a\x6b\x31\x24\xd3\xd8\xe0\x54\x75\x45\
\xa5\x60\xa4\xeb\x4b\x9a\x07\x4a\x0b\x88\x1e\x69\x3a\x1f\xd6\x94\
\x9c\x51\xd6\xa5\xb2\xd0\x31\xdc\x7d\xbe\x94\x53\x59\xf1\xf5\xa6\
\x9c\xb1\xeb\x52\x5e\xc2\xb9\xcb\x52\x50\xab\x83\xfc\xf9\xa3\x3c\
\x50\x54\x50\x13\x51\xe3\x6a\xf6\xa7\x96\xc7\xe7\x4d\x74\xe6\x83\
\x48\xa1\x00\xcf\x14\x0e\x29\xc8\xb8\x3d\xe9\x19\x79\x3f\xe3\x4d\
\xb3\x58\xa1\x3a\xd1\x8a\x28\x3d\x29\x0c\x07\x14\x51\x9e\x7b\xd1\
\x9a\x07\xca\xc4\x6f\xba\x6a\x2c\xfd\x29\xf2\x1e\x29\xbf\x9d\x05\
\xa5\x61\x33\xfe\xed\x19\xc7\xf7\x68\x66\xa6\x8a\x97\x22\xc6\xc8\
\xdc\xf6\xfc\x2a\x40\x78\xed\x51\x31\xc9\xa9\x73\x44\x46\x26\x70\
\x69\xc7\x91\x4c\x27\x34\xfc\x64\x54\x95\x11\x18\x65\x68\x65\xc2\
\xfd\x29\xdd\x0d\x07\xa5\x5e\x9b\x97\xd4\x8c\xf1\x4e\x41\xdb\xb8\
\xa4\x93\x96\xfa\x73\x49\x8c\x9a\x86\xba\x16\x3d\x64\xdb\xe9\x48\
\xf2\x67\x93\x8a\x69\x3c\x7f\x5a\x68\x1f\x5a\x80\x1c\x25\x1f\xe4\
\x52\x17\x19\xa3\xf3\xa3\xf3\xa4\x03\x5b\xad\x20\xe2\x83\xf7\xf9\
\xa3\x04\x54\xf9\x1a\x74\x1b\x83\x40\xe6\x9d\x4d\x66\xda\x6b\x37\
\x12\x5c\x53\x03\xca\xb2\x9c\x61\x86\x08\xec\x45\x72\xff\x00\xf0\
\x81\x5d\x78\x46\xea\x4b\xcf\x07\xde\xa6\x8b\x33\x1d\xf2\x69\xf2\
\x02\xfa\x6d\xc9\xef\x98\xc7\x31\x13\xfd\xe8\xf0\x3d\x54\xd7\x50\
\xbf\x30\xfd\x39\x14\xa5\x72\x28\x85\x49\x41\xde\x27\x1e\x33\x2d\
\xc3\xe2\xe9\x3a\x38\x98\x29\x45\xf4\x65\x7f\x0a\xfc\x71\x8e\xe2\
\xfe\x3d\x2f\xc4\x16\x72\x78\x7f\x58\x93\xe5\x48\xe6\x6d\xd6\xf7\
\x47\xd6\x19\x47\xca\xff\x00\x4e\x18\x77\x15\xea\xfa\x57\xc6\x3c\
\x78\x25\x7c\x27\xe2\x8d\x17\x49\xf1\xef\x81\xfc\xc3\x32\xe8\x5a\
\xc8\x7d\xb6\x32\x13\x96\x96\xc6\xe6\x32\x27\xb1\x98\xf7\x7b\x77\
\x50\xf9\xc4\x89\x20\xf9\x4f\x91\xeb\x1a\x2d\xae\xb9\xa7\xc9\x67\
\x7d\x6f\x0d\xe5\xac\xdf\x7a\x29\x90\x32\xb7\xe0\x7b\xfa\x1e\xa2\
\xb9\xd8\xf4\xdd\x7b\xc0\x23\xfe\x24\xd3\x49\xae\x69\x6b\xd7\x4d\
\xbc\x9f\x17\x30\x8f\xfa\x61\x3b\x1c\x37\xfb\x92\x9f\xfb\x68\x3a\
\x57\x73\xc4\x51\xaf\x0f\x67\x89\x8d\xd7\xe4\xfb\xab\x6a\x9a\xe8\
\xd6\xab\xa1\xf9\x5e\x69\xe1\xfe\x27\x03\x51\xe2\xb2\x59\xbb\x75\
\x8b\x7a\xdb\xb6\xba\x49\x79\x3f\xc4\xed\x3c\x49\xfb\x21\xf8\x7f\
\xc6\x92\x7d\xa3\xe1\x7f\x8e\x2c\x56\xe2\x41\x9f\xf8\x45\xbc\x73\
\x7d\x6f\xa3\xea\x51\xb7\xca\x36\x5b\xea\x4d\xe5\xe9\xf7\x60\x92\
\x70\x64\x6b\x49\x0e\x00\x10\x93\xcd\x72\x3e\x21\xfd\x8c\xbe\x34\
\xf8\x5f\x73\x6a\x1f\x07\xbe\x28\xc3\x0a\xe3\x17\x51\xf8\x5e\xf6\
\x7b\x49\x41\xe4\x18\xe7\x8e\x36\x8a\x45\x23\x90\xc8\xc4\x11\xd0\
\xd4\x36\xfe\x3f\xd3\x7c\x60\x66\xb6\x86\x47\x8a\xfa\xdc\x7f\xa4\
\x58\x5c\xc6\x61\xba\xb7\xcf\xf7\xe2\x6f\x9b\x1e\x8c\x01\x53\xd8\
\x91\x59\x70\xeb\x7a\xa7\x84\x3c\xc5\xd0\xf5\x8d\x63\x43\xf3\x4e\
\xe9\x06\x9d\x7d\x2d\xa0\x73\xea\x7c\xb6\x19\x35\x5e\xc3\x11\x18\
\xf3\x50\xaa\xa5\x1f\xef\x2b\xbf\xfc\x09\x35\xf8\xa6\xfb\xb3\xe4\
\xe3\x2a\x52\xa9\xec\xf1\x74\x5c\x26\xb7\xb6\x9f\x7c\x5a\x7f\x83\
\x4b\xb2\x2d\x58\xfe\xc8\x9f\x17\x35\xeb\x79\x26\xb3\xf8\x55\xf1\
\x26\x4b\x58\x79\x9a\xee\x4f\x0d\xde\x43\x69\x6c\xbf\xde\x96\x79\
\x23\x58\xa2\x51\xc9\x2d\x23\x2a\x80\x0e\x48\xae\x3f\xc4\xf3\xf8\
\x3b\xe0\xf0\xdb\xab\xea\x1a\x77\xc4\x3f\x13\x2f\x23\x42\xf0\xfe\
\xa3\xe6\xe8\x76\x4d\xd7\x17\xba\xac\x2d\xb6\xe3\xb6\x62\xd3\x5d\
\xd5\xd5\x8e\x2f\x60\x75\xd8\x71\xbe\x23\x0b\xaf\x1b\x4e\x92\xeb\
\x9a\x86\xa3\xae\x49\x09\x26\x37\xd4\x6e\xa4\xbb\x68\xcf\xb1\x90\
\xb6\x3f\x0a\xe0\xbc\x43\x3d\x8f\x87\x54\xb4\xf2\x47\x1f\xf7\x53\
\xf8\x9b\xe8\x3a\xfe\x35\xcb\x51\xd6\x92\xbd\x6a\x89\x47\xfb\xaa\
\xdf\x7c\x9b\x7a\x7a\x24\xfc\xcf\xad\xca\x72\x9c\x14\xa4\xa5\x18\
\xb9\xbf\x3d\xbe\xe4\xbf\x3b\xaf\x22\xcf\xc4\x7f\x89\x3e\x22\xf8\
\xc1\x71\x63\xfd\xbd\x77\x17\xf6\x7e\x90\x1c\x69\x7a\x4d\x94\x09\
\x67\xa5\xe8\xea\xf8\xde\x2d\xed\xa3\x01\x11\x9f\x6a\xef\x97\x06\
\x59\x8a\x86\x95\xe4\x72\x58\xf3\xed\x34\x36\x47\x6f\x0c\xfe\x82\
\xb2\xb5\x0f\x15\x49\x7e\xdb\x61\x53\x0c\x5d\x3a\xfc\xc4\x7f\x4f\
\xc2\xa3\xb4\x39\x2b\x9f\xad\x79\xf5\x33\x4a\x50\x5e\xcf\x0e\xb4\
\xfc\x0f\xbf\xa3\x83\x95\xaf\x3f\xb8\xdf\xb4\xbc\x2f\xd7\x81\x8e\
\x95\xa5\x6b\x2e\xef\xff\x00\x5d\x62\xd9\x9d\xaa\x3f\xc6\xba\x6f\
\x05\x78\x43\x52\xf1\xad\xff\x00\xd9\xb4\xbb\x39\x2e\x9d\x48\xf3\
\x18\x71\x1c\x23\xd5\x9b\xa0\xff\x00\x38\xcd\x70\xfb\x79\x4d\xf9\
\x9d\xb1\xa7\x6d\x11\x2d\xab\xe4\x75\xae\xcb\xc0\x9f\x0d\xf5\x2f\
\x18\x6d\x92\x18\xbc\x9b\x33\x8c\xdc\xcc\x30\x87\xfd\xd1\xd5\xbf\
\x0e\x3d\xc5\x77\x9f\x0f\xff\x00\x67\xcd\x3f\xc3\x42\x3b\x8d\x55\
\xd3\x54\xbd\x5e\x76\x6d\xff\x00\x47\x88\xfb\x29\xfb\xdf\x56\xe3\
\xda\xbd\x08\x28\x55\xe8\xaa\x17\x81\xc7\x41\x5d\x94\xb0\xcd\xeb\
\x23\xbe\x9e\x1a\xda\xcb\xee\x39\xcf\x0a\x7c\x38\xd3\xfc\x2a\x8a\
\xd1\xa7\x9f\x70\x07\x33\xc8\x32\xdf\x80\xe8\xbf\x85\x6f\xac\x7e\
\xb4\xec\x60\xd0\x38\xae\xe8\xc1\x2d\x8d\xf4\x4a\xc8\x00\xc5\x14\
\x63\x34\x86\xa9\x0a\xe2\x96\xc5\x46\xcf\x8e\x38\xe9\x4a\x4e\xdf\
\xad\x34\x71\xeb\x54\x88\x6c\x4c\xff\x00\xbb\x4c\x61\xcf\x6a\x90\
\x73\x49\x27\x0b\x54\x22\x3c\xff\x00\xbb\x41\x7c\x2f\xf0\xf5\xed\
\x49\x21\xc7\x15\x0b\x3f\x1e\xd5\x20\x3d\xe5\xcf\xf4\x14\xc7\x7f\
\xef\x1f\xc2\x99\xbc\x8f\x6a\x8c\xc9\x8f\xf1\xa0\x9e\x51\xce\xff\
\x00\x9f\x61\xe9\x51\xb3\x9c\xfb\xfa\xd3\x59\xb3\xed\xfd\x69\xa5\
\xf9\xe3\xf3\xa6\x48\xa5\xb6\xf5\xa8\xde\x4f\x5f\xca\x91\x9f\x07\
\xd4\xd3\x3f\x3a\x44\xca\x56\x13\x7e\x69\x8e\x71\xd3\xf4\xa5\x77\
\xe2\x9a\x36\x81\x59\x49\x76\x33\x94\xbb\x88\x32\x29\x4b\x1a\x3c\
\xc1\xef\xf9\x53\x59\xb7\x0a\x8b\x13\xcc\x05\xb6\xff\x00\x85\x35\
\xe5\xfc\xe9\x85\xf0\x7b\x7e\x35\x13\x4b\xc5\x05\x59\x03\xb7\x3d\
\x7e\xb5\x10\x6c\x75\xa1\xa4\xe2\x98\x64\xc1\xa5\x2d\x80\x19\xb1\
\x26\x7d\xe8\x67\xc8\xc9\xa6\xb3\x75\xa6\x1f\x9a\x95\x80\x56\x6c\
\x0c\xf7\xa8\x9c\xf6\xfc\xe9\x59\xb1\xfd\x2a\x36\x6c\x70\x3a\xd5\
\x18\x83\xb7\x3b\x7d\xa9\xbf\x74\x50\x38\xa8\xcb\x6f\x14\x00\x3b\
\xf3\xcf\xe0\x29\x8c\xdb\xa9\x0f\xcc\xdf\x8d\x19\xc5\x04\xca\x41\
\xd0\x53\x1f\xa8\xf5\xa5\x32\x64\x71\x4c\x3d\x73\x41\x8b\x97\x41\
\x48\xe6\xa3\xe8\x68\x73\x83\x8c\x9a\x6c\x9c\x2d\x04\xf3\x08\xef\
\x9e\x2a\x36\x2a\x38\xa5\x6e\x10\xd3\x45\x17\x25\xea\x34\x9d\xa3\
\xb5\x35\x8f\xcd\xda\x95\xdb\x77\x14\xcd\xb8\xf5\xad\x23\x25\x6b\
\x00\xb8\xcd\x31\xdb\x07\x14\xe6\x6c\x2d\x37\xa5\x4f\x31\x98\x8c\
\x70\xa6\x99\x8a\x57\x39\x6f\xa5\x35\x9b\x68\xa9\x01\x85\xb7\x1f\
\x6a\x09\xc0\xa0\x70\x29\xb2\x9f\x96\xa3\x98\x06\x1e\xff\x00\xd6\
\x98\x4e\x4d\x39\xf9\xa6\xd4\xb6\x4b\x0c\xd4\x79\xc9\xa5\x90\xf3\
\x8e\x9f\x85\x20\xe9\x50\x48\x33\x6d\x15\x19\x39\x34\xe9\x3e\xef\
\xe3\x4d\xa9\xb8\x05\x46\x79\x63\x4a\xce\x08\xef\xd2\x92\xa4\x02\
\x98\xed\xb8\xd0\xed\x9e\x29\x33\x8a\x00\x29\xb2\x1e\x31\x4e\xce\
\x69\x92\x03\xd7\xda\x80\x10\x9c\x0a\x8f\xef\x53\x98\x61\x5b\xe9\
\x4c\xc7\xe5\x53\xcc\x00\x69\x1c\xe2\x82\xf8\x34\xde\xf4\x36\x4c\
\xb7\x11\x9c\x2d\x30\x70\x28\x6e\x5c\xd3\x64\xed\x52\x48\xd2\x77\
\x1e\xbc\x66\x8c\xd1\x4d\x76\xc0\xac\xee\x02\x3f\x2d\x51\x1e\xd9\
\xfc\xa9\xce\xdb\x7f\x1a\x8c\xb6\x07\xf5\xac\xef\x70\x3e\xe5\x56\
\xdc\x28\x61\x91\x49\x19\xc2\xd2\xf5\xfa\x57\xb3\xaa\x67\xc4\xa8\
\x89\xb7\xe9\x4d\x27\x34\x33\x7a\x7d\x3e\xb4\x55\xa9\xe9\xa9\x56\
\x0a\x63\xfc\xd8\xa5\x66\xc1\xa6\x7d\xe3\x9c\xd5\xa6\x69\x18\x30\
\x23\x34\x87\xe5\x14\x33\x81\x4d\x76\xdc\x69\x9d\x11\x88\x13\x8c\
\x9a\x40\x78\xa6\xb3\x0c\x1f\xf0\xa6\xee\xdd\x8f\x6a\xae\x63\x74\
\x85\x66\xdc\x7d\xa9\xac\xfb\x69\x0c\x99\x3c\x53\x0b\xee\x14\xf9\
\x8b\xe5\x0d\xc5\xa9\x73\x8a\x4c\xd2\x6e\xc7\x73\x4b\x98\xa5\x11\
\x5d\xf0\x29\x98\xe7\xde\x93\x19\x34\x33\x6d\x1e\xf4\x73\x1a\x46\
\x20\xcd\x85\x14\xdc\xd0\x7a\xd3\x5d\xf6\x8f\x7a\x22\x69\x18\x8e\
\x27\x15\x19\x93\x3e\xd4\x98\xff\x00\xeb\x9f\x5a\x42\xf8\x3f\xe1\
\x54\x74\x46\x03\x85\x23\x1d\xa2\x90\xb0\x03\xad\x37\x39\xa0\xd2\
\x31\x40\x5c\x93\xe9\x45\x14\x66\x82\x82\x9a\x79\x6a\x33\xc7\x34\
\xdd\xc7\xfc\x8a\xa8\xa2\xe3\x11\xc4\x84\xa4\x32\x73\xed\x8a\x4a\
\x4e\xa6\xa8\xb4\x83\x76\x3f\xfa\xd4\xa1\xb6\xd1\x90\x29\xa5\xd4\
\x55\x26\x5a\x88\xe6\x3b\xa8\x1c\x0a\x68\x93\x3d\xe9\x19\x97\x6f\
\x6c\xd5\x17\xca\x3f\xa9\xa3\x34\xd0\xe3\x6d\x27\x98\x07\xff\x00\
\xae\xa5\xb2\xd4\x47\xf5\xa6\xb3\x60\x62\x9a\x09\xfe\xf5\x15\x25\
\x85\x14\x0e\x94\xd6\x7c\x50\x69\x18\x8a\x45\x23\x3e\x0d\x26\xff\
\x00\x4f\xce\x99\x8c\xd0\x69\x18\x8e\xdf\x97\xf6\xa5\xdf\xf5\x34\
\x99\xa3\x39\xa0\xd0\x76\xfc\xf4\xa6\xb1\xc9\xcd\x35\x8f\x3f\xfd\
\x6a\x37\x60\x75\xfd\x28\x29\x44\x52\x78\xa0\x9e\x29\x86\x4e\x3f\
\xfa\xd4\x9b\xdb\x3d\xff\x00\x2a\x0a\xe5\x43\xf1\x9f\xee\xfe\x74\
\x84\x60\x1e\x9d\x29\x3c\xc6\xff\x00\x22\x82\xdb\x85\x05\x0d\xc6\
\x7f\xbb\xf9\xd0\x46\x3d\x28\x27\x19\xe6\x9a\x5b\x3f\x8f\xe9\x40\
\xf9\x58\x33\xe2\xa3\x32\x73\x43\x11\xda\xa1\x66\xc5\x66\x3e\x56\
\x3c\xbe\x38\xeb\x52\xa0\xc1\xfc\x29\xda\x1d\xf6\x9f\x65\x7e\x64\
\xd4\xb4\xe9\xb5\x4b\x6f\x2d\x94\x5b\xc5\x78\x6d\x0e\xf3\xf7\x58\
\xb8\x46\x25\x47\x75\x00\x67\xd4\x54\x16\xa1\x92\x15\x56\x6d\xcd\
\x81\x93\xeb\x53\x16\xdc\x9a\xb7\xcf\x4b\x3f\xc6\xff\x00\x80\xa3\
\x17\xd4\xb2\xbc\x9a\x75\x46\x18\xa8\xa7\xab\x65\x6a\x8d\x52\x11\
\x8e\x18\x53\x59\xf7\x8e\x94\x13\x93\x48\x58\x01\x55\x13\x41\x69\
\x19\xb6\x8a\x52\x70\x2a\x37\x6f\x9b\xdb\xb5\x12\x01\xde\x67\xb5\
\x05\xc1\x1c\xd3\x77\x50\xab\xbe\xa4\x2c\xc7\x6d\xa1\xdb\x03\x03\
\xad\x1e\x5e\x47\x34\xd6\x04\x1e\xbf\xa5\x05\x72\x88\x0f\x34\xb9\
\xe2\x90\x0c\x1a\x46\x7c\x74\xac\xe5\xb9\x43\x89\xc0\xa8\xcb\x6e\
\x7e\x94\xac\xfb\xb8\xa4\x03\x3c\x7a\xd4\x83\xb8\xe0\x76\x8e\x94\
\xe3\xc1\xad\xbf\x19\xeb\x9e\x1f\xd6\xb4\xcd\x02\x2d\x13\xc2\xbf\
\xf0\x8e\x5d\x69\xb6\x7e\x46\xa9\x75\xfd\xb1\x3d\xf1\xd6\xe7\xf9\
\x7f\xd2\x0a\x48\x02\xdb\xf4\x6f\xdd\xc7\xf2\xfc\xfd\xf1\x9a\xc2\
\x3c\x0e\x2a\x29\xcb\x9a\x37\x94\x5a\xf2\x76\xbf\xe0\xda\xf3\xdf\
\xd4\xa8\xa1\xc5\x77\x8f\x5a\x63\xc1\x4e\x4c\xee\xef\xf9\x53\xff\
\x00\xcf\x4a\x7e\xcd\x97\xc8\x63\xf8\x9b\xc0\xba\x4f\x8d\x21\x86\
\x3d\x53\x4f\xb5\xbe\xfb\x3f\x30\xbb\xae\x25\x80\x9e\xf1\xc8\x30\
\xe8\x7d\xd4\x83\x58\xaf\xf0\x3a\xcc\x8c\x5b\xeb\x7e\x26\xb4\x8f\
\xa6\xcf\xb5\xc7\x72\x07\xfc\x0a\x78\xe4\x7f\xfc\x7a\xbb\x55\x2b\
\x8f\x43\x4f\xdd\x4b\x91\xa7\x78\xff\x00\x91\xc7\x88\xc0\xe1\xeb\
\x7f\x1a\x0a\x5e\xa9\x3f\xcc\xf3\x5d\x4f\xf6\x68\xb1\xd5\xa3\x2b\
\x2f\x89\xbc\x58\xaa\xdd\x4c\x72\xda\xc6\x7f\x31\x06\x6b\x99\x97\
\xf6\x10\xf0\xbd\xc4\xcd\x23\x6b\x9e\x2a\x69\x1b\x92\xf2\x4f\x03\
\x93\xf5\x3e\x4d\x7b\x85\x00\xe1\x7f\xfa\xd5\x15\x30\xd4\xea\x2f\
\xde\x2b\xfa\xdc\xbc\x3e\x0b\x0f\x49\x5a\x94\x14\x7d\x15\x8f\x11\
\x4f\xd8\x53\xc3\x8b\xf7\x75\xef\x11\xfe\x3e\x41\xff\x00\xda\x75\
\x35\xbf\xec\x4b\xe1\xf8\x8f\xfc\x87\x3c\x40\xd8\xff\x00\xae\x23\
\xff\x00\x64\xaf\x66\x61\xcf\x1f\xca\x8f\xf3\xd2\xa5\x60\x68\x2f\
\xb3\xf9\x9d\x3e\xce\x1d\x8f\x31\xd1\x3f\x64\xff\x00\x0a\xe9\x13\
\xab\xcc\xda\xae\xa5\xb7\xf8\x6e\x6e\x02\xa7\xe5\x1a\xa9\xfd\x6b\
\xd0\xb4\x9d\x2a\xd7\x43\xb0\x5b\x5b\x1b\x78\x6c\xed\xa3\xfb\xb1\
\x42\x81\x15\x7d\xf0\x3b\x9f\x5a\xb6\x7a\x7f\xf5\xa9\x8c\x7a\xe2\
\xb4\x8d\x0a\x71\xf8\x51\x4a\x31\x5b\x2b\x0b\xdf\xd2\x9a\xd2\x64\
\x52\x7d\xea\x6b\x3e\x47\xad\x6a\x43\xd4\x3c\xc1\x8a\x40\xfb\x8f\
\xff\x00\x5e\xa2\x91\xb9\xae\x8b\xe1\x8f\x89\xbc\x2f\xe1\x5d\x66\
\xfa\xe3\xc5\x9e\x0e\xb8\xf1\xb5\x9c\xd6\x12\xdb\xda\x59\xc7\xaf\
\x4d\xa3\xfd\x92\xe5\x8a\xec\xb9\x32\x45\x1b\xb4\x81\x00\x6f\xdd\
\x1d\xaa\xdb\xb2\x4f\x18\x31\x52\x6e\x11\x72\x8a\x72\x7d\x95\xaf\
\xf8\xb4\xbf\x13\x19\x5c\xc2\x66\xd9\x49\xbc\x54\x16\xfb\xa2\xb5\
\x45\x66\xde\xea\x30\x5b\x1f\x78\xd4\xa7\xaf\x7f\xca\xb4\x24\x0f\
\x27\xb5\x04\x63\xfb\xb4\x6e\xc7\xaf\xe5\x51\xb3\x73\xd7\xf1\xc5\
\x00\x3b\x7f\x1c\x7e\x74\xd6\x93\x9f\x53\x4d\x2f\x91\x51\xb4\x9f\
\x86\x2a\xd0\x0a\xed\xbb\xfa\xd4\x4c\x77\x7d\x28\x76\xdc\x7a\xf1\
\x4d\x77\xc8\xe0\xf3\x4c\x08\xfe\xf7\xa5\x46\xef\xc7\xf4\xa9\x1d\
\xb0\x31\x50\xc8\x70\x45\x4b\x01\xa5\xb0\x7b\x1a\x42\xf9\x1d\x31\
\x4c\x39\x07\xff\x00\xad\x47\x99\x81\xff\x00\xd6\xa9\x26\x42\x33\
\x73\xfc\xea\x37\x7d\xa3\xb5\x39\x9f\xd6\xa0\x91\xf0\x29\x19\xca\
\x2c\x71\x6e\x28\xde\xa2\xa1\x2e\x48\xff\x00\xeb\x56\xbf\x8b\xb5\
\xcd\x13\x58\xb5\xd1\x23\xd1\x7c\x36\xda\x04\x9a\x7d\x8a\xc1\xa8\
\xce\xda\xa4\xd7\xd2\x6b\x17\x39\xcb\x5c\x90\xe1\x56\x10\x7a\x08\
\xa3\x18\x51\xd4\xb1\xe4\xe5\x27\x2e\x65\x1b\x3b\x3e\xba\x59\x7a\
\xff\x00\xc0\xb9\xcd\x24\xcc\xc2\xd9\x3d\x68\x2d\x8e\xe6\xa0\x32\
\xed\x7a\x46\x97\x27\xff\x00\xad\x49\xab\x0e\x31\x6c\x73\xc9\xfe\
\x7d\x6a\x17\x93\x20\xfa\xd0\xed\x8a\x8d\xc8\xdb\x48\xd4\x46\x93\
\x34\xc3\x26\x29\x1f\x81\x4c\x27\x1f\x9d\x02\x1c\xcf\x9a\x4f\x33\
\x3e\xf4\xc2\x72\x4d\x35\x9b\x65\x55\xb4\xb8\x3d\x74\x24\x27\x03\
\x26\xa3\x14\xd3\x27\xa9\xa6\xb4\xb9\x15\x26\x7c\xac\x71\x93\x3d\
\x2a\x26\x3d\xbf\x3a\x71\x60\x3b\xd3\x1c\xe4\x13\xed\x41\x22\x16\
\xc0\xa8\xdc\xe4\x73\x48\xed\x81\x51\x48\xe7\xa6\x69\x5c\xce\x51\
\x25\x0e\xab\x4d\x32\x6f\x15\x7b\xc3\xba\xae\x97\xa6\xae\xa1\xfd\
\xa7\xa2\xb6\xb4\xd7\x36\x6f\x0d\x9e\x35\x07\xb4\x5b\x19\xc9\x1b\
\x67\x21\x54\x99\x76\x80\x47\x96\x4a\x83\x9c\x93\xc6\x0e\x58\xcc\
\x6b\xf7\x8d\x65\x19\x3b\xb5\x6b\x7d\xda\xfa\x7f\xc1\xb1\x8b\x8d\
\x95\xc9\x88\xcd\x36\x4f\xbb\xfc\xaa\x3f\x38\x83\x4a\xd2\x7a\x9a\
\xa6\xc9\xb0\x16\xc0\xa6\x66\x87\x7d\xdf\x4f\xe7\x4c\x76\xc8\xc0\
\xe6\x97\x30\xec\xc4\xef\xf8\xd3\x64\x3f\x2f\xff\x00\x5e\x94\xb6\
\xd1\xcd\x31\x88\xdf\x55\xcc\x21\xb9\xc1\xcd\x06\x4c\x8e\x29\xdc\
\x66\xa3\x3d\x78\x34\xf9\x89\xe5\x06\x6c\x0c\x9a\x8f\x76\x4d\x39\
\xfe\xed\x46\x70\x3a\xd4\xdc\x39\x45\x66\xdb\x4c\x63\xb8\xd0\xe4\
\x31\xfe\xb4\x8c\xe1\x6a\x79\x85\x61\xac\xfb\xa9\x09\xc5\x27\x41\
\xf4\xa6\x11\xf3\x7e\x3d\x6a\x6e\x4f\x28\x3b\xe7\xfc\x68\xa4\xe8\
\x68\xdd\xcd\x4f\x30\xb9\x44\x93\xa7\xe3\x4d\x61\x91\x43\x3e\xe1\
\xfc\xa8\xa9\x15\x88\xc1\xcd\x23\x1c\x2d\x2b\x1d\xc7\x8f\xce\x9a\
\xe0\x63\x9a\x04\x37\x24\x9a\x4c\x62\x81\x48\x5f\x02\xa2\xe5\x0e\
\x1c\x0a\x8d\x8e\x58\xd0\xcd\xb8\x74\xa6\xef\x51\xde\x95\xc9\x07\
\x6c\x0a\x6f\x4a\x33\xeb\x4d\x77\x05\x68\xb8\x08\xe7\x26\x9a\xcd\
\xb4\x50\x5c\x0a\x61\x39\x34\x5c\x56\xe8\x00\xd4\x67\xaf\x34\xe9\
\x1b\x03\xaf\x34\xd3\x93\xde\xa5\xec\x2e\x51\x1c\xe0\x73\x4c\x1c\
\x50\xc7\x0d\xd6\x8d\xd8\x15\x9c\x89\x23\x63\x96\xa8\xdb\xee\xfe\
\x55\x21\xc6\xee\x2a\x36\x39\x51\x59\xc8\x47\xdc\xb1\xb6\x38\xfc\
\x69\x19\xf7\x7b\x51\x45\x7b\x47\xc6\x0d\x2d\xb4\xfa\x9f\xe5\x4d\
\x32\x30\xf4\xa2\x8a\x11\xa2\xec\x30\xb9\x26\x90\x9f\x96\x8a\x29\
\xa6\xd1\xd5\x18\xa1\xad\x20\x5a\x61\x94\xe3\x9f\xd2\x8a\x2b\x73\
\x68\x91\x99\x4b\x1a\x69\x3e\xbf\xad\x14\x53\x34\x10\xcb\x46\xed\
\xc2\x8a\x29\x15\x11\xac\xd8\xff\x00\xeb\x53\x77\x1e\xd8\x14\x51\
\x41\x42\x19\x58\x2d\x33\x7b\x67\xfc\x68\xa2\xad\x22\xa2\x1b\xd8\
\xd3\x3c\xcc\x8a\x28\xa6\x6d\x11\x0b\x31\xeb\xfa\x53\x59\xf6\xd1\
\x45\x07\x4c\x36\x10\xb9\x34\x9b\x8d\x14\x50\x55\xc0\xb1\x02\x9a\
\x5f\x8a\x28\xaa\x88\xd0\x85\xf0\x3f\x95\x23\x33\x63\xfa\x0a\x28\
\xaa\x34\x43\x4b\xb6\x3b\xd1\xbc\xe3\xa9\xa2\x8a\x0a\x8c\xba\x09\
\xbf\x3f\xc3\x48\x25\xc5\x14\x56\x91\x43\x72\xb0\x19\x33\xdb\xf3\
\xa1\xe4\x6c\x7f\x85\x14\x50\x5c\x65\xa5\xc6\xf9\xbf\xef\x51\xbf\
\x71\xf5\xfa\xd1\x45\x2e\x54\x68\xa4\x1b\xf6\x7f\x3e\x28\xf3\x4f\
\xbd\x14\x53\xb1\xa4\x77\x03\x37\x1f\xd7\xd6\x9a\x5d\x8f\xff\x00\
\x5a\x8a\x29\x58\xd2\x20\x18\x8f\xfe\xbd\x34\xca\x73\xde\x8a\x29\
\xee\x69\x11\xbb\xf9\xfb\xb4\xa2\x4c\x7f\xb3\x45\x15\x3c\xa8\xa8\
\x88\x5c\xb7\x5e\x69\x19\xca\xf6\xa2\x8a\x7c\xa6\xc2\x79\xac\x71\
\xfe\xd5\x06\x56\x3d\x8d\x14\x51\xca\x03\x83\xb1\xff\x00\x0a\x50\
\xdc\x73\x45\x14\x72\x86\xc2\x17\xca\xe2\x9b\x21\xc9\xc7\xe7\x45\
\x14\x9a\x36\x21\x90\xf3\xf8\x53\x5d\x0b\x1a\x28\xac\xe5\xb8\x00\
\x1b\xbf\x84\xd4\xd8\xa2\x8a\x22\x54\x43\x73\x7b\x71\x46\xf3\xfe\
\xcd\x14\x55\x14\x21\xe4\xf3\xcd\x18\xf6\xa2\x8a\xa5\x10\x0c\xe4\
\x73\x4d\x0f\x8e\xd4\x51\x52\xd6\xa6\x82\xf9\x9f\xec\xd2\xab\xe7\
\xee\xfe\x54\x51\x53\xca\x80\x5d\xed\xfe\xcd\x23\x36\x06\x4f\xe5\
\x45\x14\x72\xa0\x18\x5d\xb3\xda\x82\x4b\x75\xfd\x28\xa2\xa6\x49\
\x00\x62\x9d\x1d\x14\x52\xe5\x45\x21\xdc\x8a\x43\xd2\x8a\x28\xe5\
\x46\x91\x0e\x8d\xff\x00\xd7\xa7\xe7\xfc\xe6\x8a\x28\xb1\x9f\xb4\
\x60\x0f\xf9\xcd\x3b\x0a\x3f\xc2\x8a\x29\x84\x65\x71\xc1\xf3\x46\
\xe0\xc6\x8a\x2a\xb9\x50\xdb\xb0\xe1\xc0\xa6\x9a\x28\xa3\x95\x0f\
\x99\x8d\x67\xc8\xa4\x2d\xb6\x8a\x28\xe5\x40\x47\x9c\x0a\x89\x8f\
\xca\x28\xa2\x93\x8a\x40\x42\xcd\xbb\xdf\xde\x9c\xa7\x2b\xd2\x8a\
\x2a\x39\x51\x12\xdc\x31\x9e\xd4\xe0\xcc\x3f\xfa\xf4\x51\x47\x2a\
\x33\x96\xe3\x5e\x43\xd2\xa1\x92\x5a\x28\xa3\x95\x08\x8d\xe5\x23\
\xdf\xeb\x51\xb4\xd9\x6f\xe1\xfc\x68\xa2\xa8\x77\x1a\x65\xdc\x6a\
\x33\x2f\x1c\x37\xe1\x45\x15\x5c\xa8\x43\x5a\x4d\xa3\xb2\x8a\x8d\
\xa5\xfc\x3d\xcd\x14\x50\xd0\x11\x99\x30\x3d\x3e\xb4\xd2\xf8\x3f\
\xfd\x7e\xb4\x51\x53\x60\x18\xd9\x6a\x85\xc9\xc7\x4a\x28\xa5\xca\
\x80\x66\xdc\xfb\x51\x9c\x7f\xfa\xe8\xa2\xa2\x5a\x18\xc9\x22\x36\
\xea\x78\xfd\x69\xae\x7d\x05\x14\x54\xee\x66\x46\xe7\x8a\x8e\x46\
\x39\xa2\x8a\x9e\x54\x03\x49\x26\x99\xf7\xcd\x14\x52\x94\x52\x40\
\x46\xc7\x63\x35\x31\xdb\xd6\x8a\x29\xa5\x74\x31\xa4\xee\xa8\xcb\
\x64\x62\x8a\x29\xa8\xa1\x5f\x41\xac\x59\x4f\x14\x9b\xce\x7a\xfe\
\x54\x51\x4b\x95\x19\x91\xc8\xc4\xe7\xfd\x9c\xd4\x64\x51\x45\x4c\
\xa2\xae\x4b\x13\xee\xd3\x59\xb7\x1f\x6a\x28\xa8\xe5\x32\x92\x48\
\x42\xd8\xa4\x2f\x8f\xbb\x8a\x28\xa9\x68\x81\x8e\x78\xc9\xa6\x17\
\x38\xe7\x8f\xa5\x14\x52\x01\xad\x26\x7f\xda\xa6\xb3\x6e\xea\x28\
\xa2\x84\x88\xb8\xd2\xeb\xf5\xa6\x97\x6c\x76\x14\x51\x4d\xe8\x21\
\xa6\x4e\x3a\xf3\xfc\xea\x33\x26\x4f\x26\x8a\x2a\x24\x04\x7e\x76\
\x7f\x88\x0f\xa5\x34\xc8\x4f\xff\x00\x5e\x8a\x2a\x40\x6b\x4b\x9f\
\x7f\xa5\x35\xa5\xc7\x71\x45\x15\x32\x26\x44\x6c\xf9\x3f\x2e\x0f\
\xd6\x8d\xcd\xfe\xcd\x14\x54\x92\x27\x9f\xee\xb4\x86\x5c\xfa\x9a\
\x28\xa0\x06\xb4\xa4\x7f\x76\x9a\x65\xcf\xfb\x54\x51\x40\x0d\x32\
\x9f\xf6\x7f\x1a\x6b\x4b\x9f\xf0\x14\x51\x53\x20\x23\x69\x77\x7f\
\xf5\xa9\xad\x2e\x3d\x16\x8a\x2b\x36\x89\x91\x1b\x4d\x91\xdb\xf1\
\xa6\x99\xf8\xff\x00\x0a\x28\xa9\x24\x69\x97\x6f\xb7\xd7\xbd\x34\
\xcc\x49\xff\x00\x0a\x28\xa0\x06\x99\xb9\xed\xf8\xd3\x4c\xd9\x1f\
\xe1\x45\x14\x00\xd3\x37\xf9\x26\x98\xef\xc7\xaf\xf4\xa2\x8a\x00\
\x4f\x39\xb1\xda\x81\xd2\x8a\x2b\x9e\xa3\xb2\x22\x47\xff\xd9\
"

qt_resource_name = b"\
\x00\x05\
\x00\x73\x5d\xfe\
\x00\x6c\
\x00\x6f\x00\x67\x00\x69\x00\x6e\
\x00\x09\
\x0a\x6c\x78\x43\
\x00\x72\
\x00\x65\x00\x73\x00\x6f\x00\x75\x00\x72\x00\x63\x00\x65\x00\x73\
\x00\x06\
\x07\x03\x7d\xc3\
\x00\x69\
\x00\x6d\x00\x61\x00\x67\x00\x65\x00\x73\
\x00\x0c\
\x0b\xe5\x91\xe7\
\x00\x6c\
\x00\x6f\x00\x67\x00\x69\x00\x6e\x00\x5f\x00\x62\x00\x67\x00\x2e\x00\x6a\x00\x70\x00\x67\
"

qt_resource_struct_v1 = b"\
\x00\x00\x00\x00\x00\x02\x00\x00\x00\x01\x00\x00\x00\x01\
\x00\x00\x00\x00\x00\x02\x00\x00\x00\x01\x00\x00\x00\x02\
\x00\x00\x00\x10\x00\x02\x00\x00\x00\x01\x00\x00\x00\x03\
\x00\x00\x00\x28\x00\x02\x00\x00\x00\x01\x00\x00\x00\x04\
\x00\x00\x00\x00\x00\x02\x00\x00\x00\x01\x00\x00\x00\x05\
\x00\x00\x00\x3a\x00\x00\x00\x00\x00\x01\x00\x00\x00\x00\
"

qt_resource_struct_v2 = b"\
\x00\x00\x00\x00\x00\x02\x00\x00\x00\x01\x00\x00\x00\x01\
\x00\x00\x00\x00\x00\x00\x00\x00\
\x00\x00\x00\x00\x00\x02\x00\x00\x00\x01\x00\x00\x00\x02\
\x00\x00\x00\x00\x00\x00\x00\x00\
\x00\x00\x00\x10\x00\x02\x00\x00\x00\x01\x00\x00\x00\x03\
\x00\x00\x00\x00\x00\x00\x00\x00\
\x00\x00\x00\x28\x00\x02\x00\x00\x00\x01\x00\x00\x00\x04\
\x00\x00\x00\x00\x00\x00\x00\x00\
\x00\x00\x00\x00\x00\x02\x00\x00\x00\x01\x00\x00\x00\x05\
\x00\x00\x00\x00\x00\x00\x00\x00\
\x00\x00\x00\x3a\x00\x00\x00\x00\x00\x01\x00\x00\x00\x00\
\x00\x00\x01\x96\x5b\x38\xdf\xf5\
"

qt_version = [int(v) for v in QtCore.qVersion().split('.')]
if qt_version < [5, 8, 0]:
    rcc_version = 1
    qt_resource_struct = qt_resource_struct_v1
else:
    rcc_version = 2
    qt_resource_struct = qt_resource_struct_v2

def qInitResources():
    QtCore.qRegisterResourceData(rcc_version, qt_resource_struct, qt_resource_name, qt_resource_data)

def qCleanupResources():
    QtCore.qUnregisterResourceData(rcc_version, qt_resource_struct, qt_resource_name, qt_resource_data)

qInitResources()
